leftHipAngle,leftKneeAngle,rightHipAngle,leftElbowAngle,rightKneeAngle,rightElbowAngle,leftShoulderAngle,rightShoulderAngle,label
168.52135343551734,160.77739790773677,158.86156734671442,157.17993898430757,179.55398413878336,156.10053171844933,14.465700394529575,54.23050213175529,Lateral Raise
165.94121782180184,163.61526012098705,164.31454422554836,158.674637880325,171.32081195150363,173.26719972141117,14.525226546368078,41.26399944917402,Lateral Raise
164.06502500125998,179.88360768694312,169.77816250291136,175.2649210654742,176.1252924877206,161.80386630042798,26.20149061162676,23.717280549752793,Lateral Raise
164.90527836257365,175.34253083310426,171.81913995442116,178.1331444684471,177.2828975176578,175.91412135128604,33.48147791179932,32.3592829215604,Lateral Raise
168.10625677905156,177.7883337501441,169.80863580813173,175.03332520733406,177.085783348962,179.46746609506738,22.010511005665272,26.994034186258684,Lateral Raise
167.3148625071269,175.77091386634083,168.2897754188658,176.23474089973223,179.11925312168825,179.34150466819133,25.942107672663248,26.456756979164247,Lateral Raise
163.23934279161116,175.79902522930743,169.7967837711869,176.68241535362867,169.11136262215294,167.84628855781267,33.858190818485326,25.005287288432775,Lateral Raise
165.29047605239066,176.23134711784456,161.06226139945858,176.53710179246465,177.34930388008726,167.786684825851,23.157605549250487,26.527998042697547,Lateral Raise
163.09671225949575,178.68051392415785,165.51793897951998,168.81787810321543,177.8209239497363,174.53500433607846,22.369197395522995,31.07244952550102,Lateral Raise
159.13494012047906,179.17181948794018,161.42297704627063,170.2095810160984,167.13702078306005,169.2123349539298,32.19885923500367,23.077575228108294,Lateral Raise
162.7813579328682,173.9466977628136,159.0376469881046,147.15236970908296,167.89582458560173,119.5099228357796,26.755233777806016,39.29888947241737,Lateral Raise
163.7268907653796,175.09852123077923,162.4729250828954,77.04763885144365,175.29953055541768,54.36932927931626,27.05058845632084,31.43055327153936,Lateral Raise
160.85952875663747,177.97018774278158,162.6395252178386,73.62617159683265,174.38233493819433,63.35342845116361,33.482992332673504,29.222178770875924,Lateral Raise
159.35849747921202,178.9961700346804,162.73657502061295,69.87949236175211,171.78675025475863,57.21187381423874,44.654739793745264,47.05537062831732,Lateral Raise
159.67202526787966,178.52378879950268,164.04640305988906,159.82215853370798,172.41575650265395,162.04892232571194,86.02870735165556,85.99394012728386,Lateral Raise
154.14117983897316,178.0550528076836,165.4267435922201,145.46404861291,169.86468416270228,156.51174993489724,91.47808539224148,94.64153477124884,Lateral Raise
157.32150810992184,176.15668235124798,164.8696147695884,149.2397966530753,175.60928108792558,158.3121650410785,90.49623500649854,91.68415817775924,Lateral Raise
155.6191955601092,174.87630598993508,164.53012188555235,126.00600972648792,170.7524076625925,152.99361655388026,66.51772898874036,71.50973277194922,Lateral Raise
155.4112029390084,174.7687558818776,160.40349534713584,23.739131938111075,171.80632315320486,18.929990571652706,33.4225572096069,45.39266369791616,Lateral Raise
155.15845650493955,178.95757138028316,159.03511276641098,90.80351337806644,170.85980533040333,79.59318497939877,17.04460309507476,27.1549096046925,Lateral Raise
156.26461041429712,178.3653374182361,155.34630288934565,85.55309780684458,168.00407874344606,82.87643935382184,16.81547727064911,24.008131355169677,Lateral Raise
154.04859439144963,178.92299494099078,161.35693425782355,88.38560025416211,170.22625378709424,87.5316540174785,36.66805964062681,33.67308007839637,Lateral Raise
153.2610591082173,174.8756465237164,164.18955812893174,162.46007781520896,173.13670930717663,172.33701294882334,69.65508967566015,68.73542509914341,Lateral Raise
156.08613225817044,179.56555670473074,164.84128602261814,157.94389863699038,172.7581215678421,165.94161414303352,91.60855549487864,86.39494641980427,Lateral Raise
154.7692914590613,178.0552517409676,165.87145900177143,141.71533268652698,178.63129540427255,162.8232199665236,95.54276597124064,94.56709580336148,Lateral Raise
156.73233127920432,177.0368807784207,163.88131356671056,141.50078379555066,175.83541718547465,159.7388679673336,94.56024934849457,92.43402107994754,Lateral Raise
154.35027643297894,179.03431496317523,165.27552092672357,158.91729861428152,172.15924827516292,159.5012222771564,84.54484880980075,79.66900008751021,Lateral Raise
157.17729533567092,178.38386160364203,166.42140594450646,142.97208370096808,175.01694283335385,157.70809850662317,57.712366475998635,56.525999714189446,Lateral Raise
154.19095817958063,172.66090711046476,164.86659796275046,158.5331002302114,176.51928079813345,169.03780192005178,29.839514548855927,34.56562106535943,Lateral Raise
154.96802762512004,178.33640505546657,158.43029497246985,118.07450631087454,171.07123622097927,102.8879009518182,15.664323615805728,22.45356330770011,Lateral Raise
156.56083727516292,178.20313641004535,158.6941300599109,116.74544302649304,171.96699834192827,92.4105220176695,10.536476648571943,18.839002525845785,Lateral Raise
158.57829319098107,175.85768337118188,157.82504222543542,110.9240312911381,170.52099422509306,105.3308881692304,17.301429891245828,24.316445836179316,Lateral Raise
154.5167834620966,173.63833123069557,164.00433788806507,163.72973373829356,172.4619655479063,172.89289327109208,58.26139270780663,54.69067407853205,Lateral Raise
156.56800603064949,179.5193654224534,164.62389008247723,165.5216494262892,172.68546799461066,178.39972490934176,86.03924155044551,86.55936454375646,Lateral Raise
157.10442111265886,179.81544347644436,165.56136020919828,147.8712741901167,178.16763250477638,157.81694456814515,96.18981523935946,96.68646446986752,Lateral Raise
157.27648356996065,178.83657842775872,164.98964106444026,148.4342296322962,178.89763627374677,158.49984908896673,94.11354148124153,95.36110076012751,Lateral Raise
159.0263920414931,178.68308548516038,164.27686484793347,161.62068988343776,174.28485886392045,170.36355343950888,74.03824127563705,76.70479841460256,Lateral Raise
156.65126679068354,174.34429998175295,163.58002788041733,178.68768212064305,175.30262986778692,174.87760753861156,36.88338137494899,46.34182287957822,Lateral Raise
157.54137920482427,179.23370053484152,154.88528747649062,130.11609289944892,169.92539806126135,129.65483997214068,21.732044962940655,26.95304416743785,Lateral Raise
153.53108575944404,175.8614607381904,154.45248055325976,116.70321932007484,166.3670980398048,115.78549056720658,14.781782716966203,18.46146603922772,Lateral Raise
155.9974693619492,177.0419647581605,154.54196285394457,101.78087738449494,167.90430215787333,111.61002471926456,27.163211887882184,27.241335458749425,Lateral Raise
153.16564466563236,175.29117332743238,163.3781532684571,142.82559628319248,176.6729660727128,154.73959774545747,68.50480249329158,65.17457356539573,Lateral Raise
157.06804589234312,178.0498735935228,166.47628173295277,165.39893913051034,177.13305182090224,171.30069280979404,87.92701051271104,89.73415689050478,Lateral Raise
156.98240558282518,179.48999763440682,165.34320753143533,158.11306866054176,177.31976915489025,158.04195825286055,95.13471862816606,96.36122888653486,Lateral Raise
158.46355743538783,179.32803892800752,163.80214258858558,170.13643567690363,172.72247783209457,170.2157127680545,85.22739255982547,86.07381034168733,Lateral Raise
157.15327413205418,176.5599447164092,164.37920453230808,163.40468476830148,176.5594066556248,177.1644965432574,52.70064735209573,65.18410183051469,Lateral Raise
155.15963015054226,174.9291530742859,157.9699890028564,140.78520991858235,170.85532265673788,148.1197618990909,33.11462632717941,37.97239682698731,Lateral Raise
156.30175965604133,179.04581717348188,153.99553431896032,108.7749264124784,171.49355282596687,114.77486342062952,22.860090579841824,26.57411354924157,Lateral Raise
159.40995725560722,176.84923092847967,155.9949597622056,115.82589982733452,170.9669064162302,115.00692271791522,22.736376886778764,26.07699645916151,Lateral Raise
156.56945308128235,179.35323655096985,156.43001355117187,109.19026783716248,172.2909809228175,105.69220321689323,42.468719183095565,41.8756682606199,Lateral Raise
154.2931884880594,178.9846439361712,164.98712146123864,175.4703343012905,173.2959570449633,163.84851298377376,74.52861187740868,71.6218738014197,Lateral Raise
156.3082919552322,177.76484278237757,160.70850607447713,160.8701952804956,171.0034935633287,175.21523496538833,89.79836933831008,93.47433380051606,Lateral Raise
156.4285515997267,177.62747178233693,165.33712682388858,165.55244520659684,178.3185849940336,168.18100721835583,95.03076437471852,94.3623268337862,Lateral Raise
158.4305163315765,179.86218938396922,160.71596320017397,177.59391795165834,171.01721500530385,179.19472228793376,82.6287380997933,82.08230881912232,Lateral Raise
156.83480872830089,175.23401396570247,161.02306211236453,162.38926574599589,171.11157199955196,129.06368509571865,44.045712115882566,49.76183177673728,Lateral Raise
157.55132271203095,178.3661942147833,155.0107829126021,130.7503150846167,166.58901637898012,115.85143456348986,24.85740671203312,27.07563484650765,Lateral Raise
156.55554735438415,179.21674263818997,157.02571400806178,117.42739140733826,167.62343992833647,109.10179885623953,22.74963770656026,26.151836863717534,Lateral Raise
156.54416561307548,176.10758517081118,154.99819253689128,111.18667928318249,165.45915191980956,116.1669361909902,32.87875783917965,30.275679185409608,Lateral Raise
155.66416814277807,175.2820873686304,162.35667637447392,176.14366069811078,171.0778373029954,165.48240155658374,65.63701610881817,65.55021792704414,Lateral Raise
157.32335725075117,177.26080853929412,159.467831841672,166.55842800481267,169.66590591174847,175.03627218159176,82.3011255049415,84.33775372037789,Lateral Raise
156.51922344430665,176.51915169890634,164.06446166629908,155.22897224948716,179.52213030017924,167.58139300815282,92.7068643539863,91.99022309879872,Lateral Raise
156.6192074223419,176.4242822924996,161.58395453297192,159.4490683340425,172.794583938277,165.99310052661048,88.35380478869007,92.20687678752935,Lateral Raise
158.33597715529248,179.45461875002374,163.43143187152535,157.68869961417326,170.5009810446257,173.49965595526731,56.41290182565712,69.02017273443137,Lateral Raise
155.65644549064564,174.8335863762205,159.12444996928014,145.57705935698888,169.49941332416182,160.31206486124228,34.13794378954172,33.17997350621644,Lateral Raise
155.96108169966584,177.73098555800655,153.53114243917162,141.86561863309504,166.0379556755035,136.01413544705787,17.62303673258943,21.567154554254184,Lateral Raise
155.028890431579,178.51750609608786,158.15734655762367,128.60516574451174,172.59269991618572,127.59505002287918,12.104799249899074,16.917691603741893,Lateral Raise
154.85089921000613,177.08240581782613,154.50805332180994,134.47635967208734,165.56304618273182,129.56058412112571,21.752272920913928,23.05766845096045,Lateral Raise
156.51317596848835,176.98718894203296,163.18030416365744,167.23742771877798,171.2568801621464,174.9187203428662,52.53005934386511,48.75494693912249,Lateral Raise
156.2005263244089,179.79672987794888,159.87515073800864,164.36803642426085,172.36774334963772,171.77301642616712,80.94914387765523,80.72839244657574,Lateral Raise
155.99627755766468,178.5312297687084,164.09335182400054,159.53584196844113,172.64851880641135,168.34752550426276,94.1799743257651,94.0640930783258,Lateral Raise
156.2376188265397,179.27426738852256,164.69586752929027,158.827664990645,174.69760546971796,170.71071729633402,94.41807644367076,95.9353889401339,Lateral Raise
158.37430849534397,179.60389675087723,160.30438961764406,169.08185821646066,172.5292397320698,176.1798836605854,80.20217710237664,84.3308171928608,Lateral Raise
154.8725245679022,172.40842159768408,162.25499370345793,153.2306985273412,172.90888730993,139.76028149982074,41.077440143006,50.67858043358175,Lateral Raise
155.0918756260432,177.92305382519646,155.78585376982036,144.8169158632625,168.16962286145804,128.96590210053907,25.286513621422696,28.77891440282034,Lateral Raise
157.48063147270082,179.7630829289775,157.3077644984906,124.45111554327326,169.489221321593,113.07832002520118,19.28933424304212,23.190202655795115,Lateral Raise
157.0432417107613,179.7998305449059,155.79093984217718,121.6792010712452,164.7208116105817,106.11272336226872,20.95670279171391,25.91787707290824,Lateral Raise
155.16589673380503,175.36982402251172,162.35625701877504,159.682134809451,172.0705840534593,135.27922473532186,52.87108421721724,50.945001638887625,Lateral Raise
155.47633067667633,177.7495918672788,162.0238753857518,165.56935908554416,174.2834702967925,170.70076445117354,81.0213032691656,78.861507819017,Lateral Raise
154.24953899811044,178.276656132287,165.9500514667478,152.9376829691803,174.6521825562121,164.14473303405563,95.84364153960864,91.9740498621954,Lateral Raise
156.00379566531046,178.3592895506218,165.17842220192108,150.7209961279706,175.3765628156858,166.13648495267503,96.34301508496272,95.85158860009734,Lateral Raise
158.06553370198623,179.3003890946505,160.1927301743661,162.63697962543137,170.36895313451723,165.4867867946478,85.31686522666196,89.1806252499894,Lateral Raise
155.46740164708723,175.58719580029475,166.8495588687114,162.97497830652728,174.90688834372557,177.25580138379232,45.866539507481306,58.66086412282865,Lateral Raise
156.2205280513921,179.8366546618891,157.27542652472957,146.42368728842644,164.95092111693964,148.2308672561635,33.799258489782844,32.25062269555903,Lateral Raise
156.94126210023452,178.65201975515865,155.88249353076245,128.0913430359388,168.47161843884965,119.8877471772656,20.930555489511615,23.576673974520872,Lateral Raise
156.661091714333,178.19206240701837,156.9743513316474,119.40807752745329,169.39429094369987,109.19320714341568,21.9762849147691,24.02551560825968,Lateral Raise
155.14693759248425,178.94438751982776,159.2979637883985,123.93747828495268,170.6990240851692,121.78918952332926,39.788607769845065,36.88030692021375,Lateral Raise
154.93376166701654,173.99992402490884,163.75383402417904,170.49328478329764,172.29845332764688,175.79077517464296,74.10228616047826,74.32747081861379,Lateral Raise
156.08274655028086,177.1526879918496,165.0387713163917,162.0605051461019,174.07407306137125,170.09376507495708,94.0321308285889,92.55891033091336,Lateral Raise
156.5778786824554,177.67969134987493,165.63299554241271,157.20462970024457,176.80267459707085,164.15841169479808,97.49372796221958,97.24308060401285,Lateral Raise
156.66074581665504,178.98643884511006,166.03661863248885,164.5745008108654,173.08860157538024,165.2206584126835,91.3242050200011,89.37914211156532,Lateral Raise
156.66217583871386,176.91422616060294,165.38506596208205,168.73791602922185,173.21901083556338,178.87330861638765,54.98250292445603,60.181772964706845,Lateral Raise
157.31232874351724,177.5629750839318,158.3147255258005,144.43923076615047,168.7213384036848,141.41845370747848,32.831412532662675,35.298975375136834,Lateral Raise
155.25815585533462,179.80064774673644,156.36818437929523,123.90519470408016,166.03961159852565,119.14239474421268,15.902838357342688,22.26359100793329,Lateral Raise
157.5977854953675,177.64336119766352,158.7616956112528,120.91614632795132,168.37330284579102,120.11896540778037,15.927381451360445,20.157672372398448,Lateral Raise
156.82816683455545,179.91545923757567,156.16509132995796,107.79616996189772,164.41960799561554,114.93268925801486,40.252688111352285,35.292071524150785,Lateral Raise
155.15291573988918,175.48355468731776,164.07147041618967,175.04960691663052,171.4532544646737,169.14843570712813,74.14000763050302,74.91433931273772,Lateral Raise
154.7069836496411,175.86400221294105,164.32738672467283,160.1125600089881,174.1241852681093,175.52522732003808,88.5780446759257,92.57241266943504,Lateral Raise
155.80728558136954,177.97534605843202,166.64905167570492,160.35362513836782,176.31057368418095,165.1507444007355,98.11852534967342,95.77766012614426,Lateral Raise
155.77903280033598,179.7584047090111,165.91633912400138,165.92520394010523,173.81806341616502,163.10286211670237,91.33522656192116,93.03098759059368,Lateral Raise
153.0496182985387,173.2975571875023,164.42950439231237,168.0408022622363,170.73941083590103,178.93845288396162,61.36700772981375,65.36657253247552,Lateral Raise
154.5109882460309,176.0599817148378,156.00396639029975,124.45913267065936,164.4180363654432,117.6905300116978,36.340793547688165,37.777173524507305,Lateral Raise
154.4312801273149,179.19473758277414,156.7519893609565,112.89839769242204,164.95123063082224,100.9737788193262,19.772975752744752,22.58630089581005,Lateral Raise
156.44177825193586,177.2356095532548,156.06337673987255,104.91180310654988,163.77480745867342,97.00726132205774,21.43970749799432,22.982143385518047,Lateral Raise
152.51854464554867,172.47153494777143,161.024339369773,109.20254149033444,170.21873896175825,97.54510687367063,43.03921892228175,40.84266109751175,Lateral Raise
154.84751269079598,173.66728937493522,161.6653797089137,171.6934773709512,168.65459003311318,178.86382025772485,76.52000675982062,75.9065235194665,Lateral Raise
153.3353165408664,175.6633941801283,166.02162191105637,154.88138640385662,173.6769486751595,163.6182470877359,93.72760476648416,93.48479864248394,Lateral Raise
155.1675581832054,179.81460114350463,166.41270095097812,154.3569860597081,173.316444702899,158.19541863400244,93.43773948825502,94.76091812926606,Lateral Raise
156.6010664945386,179.92118641092557,160.32777346529747,166.2040875967027,169.06531111574307,165.92192613934017,81.73143213754611,85.80925158913323,Lateral Raise
154.36835053796727,176.0008383941301,164.02653439488284,164.62240212574497,172.56404462094818,169.66551448130423,46.10539347552387,48.950620595697714,Lateral Raise
152.43742943028656,176.5201801637715,155.06071744805328,145.9103054683096,165.1700222980749,128.7341751368355,19.209410931108337,24.755715680541456,Lateral Raise
155.4562925285683,179.84536323689437,155.87669246351655,110.18688930784192,164.1361290867742,100.52042598471428,18.609573004323146,22.80625306052607,Lateral Raise
156.03557536205986,179.7304856772975,156.884688381931,108.34810819495264,166.27058145646208,98.07347385972244,20.513053081485847,25.617398700014377,Lateral Raise
153.1113087023658,174.0734525613512,164.76892747074567,179.6715629380193,171.40261507338548,170.5636707700687,64.70759570006601,57.36386596626013,Lateral Raise
155.06970893263673,178.84317179329193,161.9862037190099,161.12759218260268,171.22061904029553,166.51091154352173,89.76649953191907,88.27116926047738,Lateral Raise
153.55568778134963,177.67649394676823,164.85384183572313,152.25362156172062,172.14024816123597,162.11216530468886,95.49960844415152,93.70087743509512,Lateral Raise
154.17824827532925,178.24269961083084,166.14518090978814,160.2515083830827,174.33719563948213,162.3632223019765,89.85184695953598,89.68116922893373,Lateral Raise
156.20970773650103,175.3804405045687,162.16650590924823,153.38593294345063,170.7293985506913,171.21937620484331,48.90671071412852,61.89106970726432,Lateral Raise
154.37968143677122,179.8269377628657,158.56817521865014,128.84298070945346,172.4413599844916,98.18940758680576,17.092097383271955,25.752913827574165,Lateral Raise
152.94529600691433,177.47712552694458,157.777005438613,111.2996051871855,171.36800600707286,92.78946334332414,14.641080359547292,22.92887220982038,Lateral Raise
155.83000068964168,178.93278443135526,156.52906507715815,109.13739386736592,168.0894515060816,96.65522659092842,20.48397741051937,22.842972383950876,Lateral Raise
156.16848592538116,176.7830929086798,159.29572909552635,100.68898370268556,167.3849725253316,120.87921294894942,49.78245494143079,44.55653464944812,Lateral Raise
156.25250025316373,179.5803232223184,159.4716691444047,164.5126391709737,167.92331806747777,169.5457369779559,83.4033560772478,80.32909145361963,Lateral Raise
155.37503729408007,179.5569062328717,163.9113229831595,152.7412280616178,174.1182102660975,154.74141646400273,94.53791565894872,92.13250981706604,Lateral Raise
153.1883372119905,176.2230563547524,164.99556522793907,149.97966353867048,175.19347006303846,156.2325052462147,94.03313090685238,93.01225853830393,Lateral Raise
154.27501710363907,178.67740032064208,165.34065212040602,176.55337214560544,174.5739234249714,178.99027521858946,74.65463806910896,75.07852966602067,Lateral Raise
151.7856565110154,172.40195380155777,158.96182697753054,118.89227948933538,170.74246874744193,88.4607087191827,37.800734524708574,44.86127907639381,Lateral Raise
155.8086714104436,178.61708328369352,156.98157909612428,123.04995456525822,165.62428848798044,107.192029880479,15.525741503228968,20.352074359010096,Lateral Raise
152.76689856017737,177.7614949917472,156.94878504367435,124.17315611851656,165.4930242440326,104.66084794010143,13.3614772890477,16.34505622968568,Lateral Raise
150.59903668246164,169.9170955147371,157.96315713787635,98.16725893481674,164.7720665959141,99.91396385452954,39.63741870122854,33.98669460202737,Lateral Raise
150.35820095468748,173.67363108302325,163.66229596626872,162.0224298042819,171.6487988319092,142.29147796458352,79.83468580951187,74.11352011656885,Lateral Raise
154.1993056761849,174.89518468891802,165.85861034257812,168.69859542661237,178.18183228908276,169.45274554592353,96.43792417225713,92.71826457230172,Lateral Raise
155.0953523563947,177.04337651231612,166.3040134995023,157.82144941780348,176.33427046198076,146.8508103584665,96.57617583454386,95.91491619300338,Lateral Raise
154.3182947899421,176.35378234302618,165.72132582723805,159.5534789974431,172.41364447308968,157.0316757240948,92.44333360703384,93.45805592869684,Lateral Raise
151.91557759799548,171.21074633054698,163.25780530013873,175.7337657331895,173.85694860319418,178.0755901532663,74.96078854002224,69.36065769911708,Lateral Raise
151.25316630165517,171.72820084306602,155.951332896012,141.28957494140246,163.86529825891577,138.47503917404833,43.28320093289662,40.41050736444691,Lateral Raise
156.08255669967994,179.04193779000354,160.98524091938685,148.9522202475541,172.9166775222317,110.5853591931467,14.61502404799378,18.85318137093311,Lateral Raise
152.26928865172545,174.84978044105262,160.5539068669476,136.71466928135538,171.54248823121978,117.4087999914087,13.206853179878502,16.105024505492956,Lateral Raise
153.59251533959815,174.91754208625687,160.46909948507536,122.52267910138085,174.86860515180985,117.47859170376644,18.904719989202864,19.232211274454276,Lateral Raise
153.61978808142504,176.24598283515854,161.22634407330054,170.71761937499792,173.48433094884817,108.10027845632555,61.97652263046589,58.90897536808819,Lateral Raise
154.93470833269015,173.72031672610112,163.90962239427225,168.68034582693528,174.69646257199878,173.61682609045678,91.79067765579998,91.38146971333472,Lateral Raise
155.3040081580302,177.72892243735382,165.95909093695306,155.8530497443059,174.82734415670922,160.80795797046463,101.0810307013004,97.46387534355964,Lateral Raise
155.52364316802775,178.84445000919774,166.72660979316302,153.85959362807887,176.9139265701288,151.89750214571637,99.33170007146325,96.89224205662155,Lateral Raise
152.93406327692884,173.13950313492404,166.02225030253993,175.83812139771146,175.26264364754198,176.7492859726098,84.09461476054119,78.58848538616037,Lateral Raise
152.27923534815517,173.12453476980525,162.37407486145236,133.1176578941205,171.95680437644407,108.0765896270117,46.79885037009998,45.811841191374526,Lateral Raise
152.9513758672523,177.93567308192988,155.43092892233582,121.4691205036323,161.13091891882297,98.20794329493368,17.745363896368563,22.774346503232415,Lateral Raise
155.18100421156956,178.89139900251803,158.68744535394208,120.4278279171892,167.7644301431097,94.68457596529412,18.309027336251777,17.71284446013715,Lateral Raise
156.6018326303262,179.57098322671308,157.58636504706342,106.57617236987514,166.37004456614187,97.84035791506555,18.310779252498047,18.51742987703235,Lateral Raise
151.003049145408,174.1976935668718,162.73200635282262,78.49459077086186,175.02964017699048,55.289429875373855,64.9992722252554,56.16455770841915,Lateral Raise
153.50919541705764,177.14742004988616,166.2575740346123,170.40485312060184,174.3310636893514,177.4456486769064,95.4287859506962,88.30445334427486,Lateral Raise
156.18634091521335,176.92644553096508,167.4666064520092,148.6416991176241,176.30372374142593,156.97218172260844,98.2087477092906,95.47644323717628,Lateral Raise
154.96750271621784,178.03562731366935,165.01485117291193,178.89918804463704,176.96519128817,179.74096188290102,76.90530402938852,74.0887803589124,Lateral Raise
153.04172955891423,175.93525682484685,160.91339847996247,106.29960347075372,171.67574740932778,119.026509204309,28.63228445712093,28.247243768273226,Lateral Raise
151.8534424472743,178.38180374772716,159.69847145154048,140.22801403685654,168.38617422174886,114.24560534095984,10.996194197672,9.62598822127516,Lateral Raise
154.14137013988366,175.1229028636284,160.5927771078193,140.37501755385853,174.68990133908216,111.202805069764,16.63674120221647,21.12616033086961,Lateral Raise
152.8547590929359,174.86945412514163,164.08527536968563,170.1783484412185,175.36463271384545,170.46762234078122,69.91352446577004,67.86332862534813,Lateral Raise
156.43054621977032,177.95646156595754,166.09160638852237,156.7111241027442,179.70402584156554,166.56715346865113,93.52708638024376,97.05946004228556,Lateral Raise
155.38515675870298,175.84734115674152,167.8720591681083,156.724457870901,176.07866252900388,156.71606272463734,94.7559629070069,98.91888316851882,Lateral Raise
157.4834402677222,178.4980661762226,161.28853988638602,167.78150064102874,174.19583874562088,171.95157564365448,75.7063727383689,81.9493818382868,Lateral Raise
154.0021598124653,173.5052252834778,162.62011753230144,174.76782266049312,173.53632235654342,177.03043345278263,38.325432565456424,41.616308398887085,Lateral Raise
153.81399137502777,178.44867809042628,158.16154185809626,136.1835635629024,172.36000546403335,139.5810123877468,15.455073697910745,15.757889466458634,Lateral Raise
153.69529852680742,178.48857337159848,158.97255021915436,135.9017533849452,171.2870840012399,121.34306000190016,12.287827207413557,14.360655880994113,Lateral Raise
153.75693180861742,175.35768268969275,157.79452866777652,130.86286731652524,169.24817287170904,133.8073478620235,42.30510911976578,38.69631948497582,Lateral Raise
153.56159793408108,178.12853962778283,166.6483503285702,170.33213545044794,178.85671840416217,175.5229852815763,95.12536812079378,92.12603948838724,Lateral Raise
154.14028031698345,175.8055652392401,168.94393652357869,162.46070212939955,176.28084826162237,166.65350779620442,96.01496606744784,97.13770649434484,Lateral Raise
154.42295468146773,178.6757230723898,164.3784880941667,165.1738205985458,174.970454867043,173.2494240546211,86.39093979552749,89.50472258938142,Lateral Raise
154.19608373068618,170.35214184585516,161.58588683567166,166.82658268641623,174.54428050466768,126.73016527879744,42.20744672835947,47.84633663362821,Lateral Raise
159.2751171554762,177.39662699780172,157.04576927065108,130.87037392673057,172.15667819255845,100.93493176636868,17.417291610632315,22.21300860573948,Lateral Raise
159.84871442619598,176.14826374569068,158.74932317643632,113.94418086115942,174.98784590757924,100.47153497469604,17.800223444500254,19.30624058224767,Lateral Raise
159.5872536872192,175.88774052515132,159.9281629585772,87.4750584245142,175.8492319160104,74.89484527912984,46.65818365337176,46.241954336080745,Lateral Raise
159.16214762167635,176.85933195425528,160.64622694973474,171.92522137882094,173.94406979906074,178.94820235887866,89.95986913585128,85.84784970214065,Lateral Raise
159.43517458785882,178.50871135688382,162.95623156691107,154.42706722902778,179.85074438002363,161.8393589937439,90.3884855414952,94.69104373565138,Lateral Raise
160.78836059042237,177.5675271496694,160.75987424924875,160.93215368664357,176.63765656547676,176.1829099500779,83.78082591046771,88.2862497189119,Lateral Raise
159.5886325438724,176.6530688224689,161.52772537489213,171.85196431314776,176.44259127114108,168.42587101474345,46.6585373200882,50.96037389789106,Lateral Raise
159.5688213317032,174.89769597462538,159.6108738738962,115.60368448740208,176.49881863962975,111.57639155121448,12.564508756920842,18.250235861075573,Lateral Raise
159.67594243295537,177.8616565047292,159.8891464060511,119.1300245169815,175.77349884764664,103.41416137468768,17.315747979640808,17.970400682356857,Lateral Raise
157.4376700198453,179.60534604763572,157.88304464064237,119.66174191474894,171.5374186600462,94.8503643493252,45.80429364042526,42.45441489181074,Lateral Raise
158.7159476352509,178.9075721875752,162.04793110783135,172.153024518438,177.236119764149,176.85643777119216,86.77349662701401,81.24837111802447,Lateral Raise
163.18465261287562,176.77479249618716,163.18913822435132,155.51869461799845,177.487804504428,164.60725117310122,88.0744101404008,95.71774641937756,Lateral Raise
161.32879573106575,176.38966258704664,161.47384558406694,169.74671314737924,177.24061753974027,178.2147914814996,86.90042290156003,89.57506934827236,Lateral Raise
158.24298627233725,179.670592923211,161.14267055094638,175.07955321347723,174.88087072028898,146.25953181677713,45.05801015661311,44.84663114822311,Lateral Raise
160.29163859076078,176.30793433127332,155.95177840751182,139.79615608756342,173.57873261775634,108.7975102212474,16.253789450581003,18.804707443298636,Lateral Raise
158.24210095449067,179.38466238825458,161.52851868842382,115.80362555882746,176.1678974095737,101.52930137449415,15.036753680722928,18.37359369649243,Lateral Raise
161.2731957465423,175.93799029527366,156.82705603199216,98.4205899381812,172.85552774629153,101.60447083323002,42.0900401400346,32.46870192598551,Lateral Raise
157.82253106170654,179.95842533719312,162.0672501456321,174.0246569825429,174.28770115348104,140.97064082527783,82.07081574773066,78.5607271494786,Lateral Raise
158.40446598635,179.99071900758204,162.5512415368036,146.1657388105671,175.37104076513614,102.76279351824834,95.3502824102501,96.57993649277968,Lateral Raise
158.42165190492503,179.36607935473742,162.63403981485877,160.36974615684974,173.5930046526836,148.64920867026422,92.28113037087688,95.3365258315866,Lateral Raise
161.73444417410667,176.21103798368517,161.1312570093047,160.02275188235586,175.27121911437865,139.12560873239974,68.83970490877475,72.20028458362233,Lateral Raise
162.744362876503,173.69701192373165,156.32804191928165,114.08478987814767,172.74653703990074,90.24902919398544,34.772282043552906,36.840665896702966,Lateral Raise
160.70507841765888,178.23156622473988,159.29904440941738,106.1056823790528,175.76041827267585,97.50435272768276,11.924193170567612,15.613649348158816,Lateral Raise
158.0534995362476,178.8457281664653,160.1614579658638,106.47973680559474,176.7169752330177,97.91452276504408,9.633586150772304,17.160466850297478,Lateral Raise
159.7177853985322,176.3321299480475,159.46152538026394,104.23022282113028,177.22823676977623,94.25454751319526,14.690281112493134,16.792293643659978,Lateral Raise
162.44250723322892,176.79676697576826,156.86228387798673,106.64814262603164,172.77899612426987,70.851996811604,45.96716640798988,43.13010971267859,Lateral Raise
161.22634397725034,178.37477776865185,162.75499572788198,171.07147812519787,177.60334423982997,146.47183268923362,71.06456211767507,68.50764078180586,Lateral Raise
160.81622842259614,175.91826207339656,160.67923262466377,159.68853456607192,178.56992713045878,95.57527203148044,88.85604979694243,87.2187079245726,Lateral Raise
159.91239224906437,177.64224344535,164.27973186014316,143.777335133866,177.98260866020493,151.61060377758946,95.0442921470444,96.12585927756062,Lateral Raise
161.88492802510822,177.44523455094506,163.48216283567024,151.31543100373244,177.34512492656242,160.3851566054858,92.37987939890996,96.11678553510951,Lateral Raise
162.79582624565091,175.4657706635744,162.69095716682045,160.3991816606864,179.90199613416635,172.4223727911954,89.87930107223988,91.23801797159928,Lateral Raise
161.77398300565758,175.832892652297,162.03847640717527,178.69573169636607,178.37996875149582,158.43773186309474,77.12867916745147,74.39640452485607,Lateral Raise
160.9494532982848,176.5415992116708,160.6514622303332,164.1050893368787,173.26755476721488,66.36901616424267,56.09649906934266,50.57444406242079,Lateral Raise
161.51243508802395,174.8021482385373,157.46970405795236,129.42792226722096,172.37145930799514,98.58020534664196,21.88525674896861,25.20898885892813,Lateral Raise
160.92637260653478,175.17445259777327,159.85773236246993,111.35045126923517,174.2634164503522,98.52556322521188,11.773302743618745,16.54717147978386,Lateral Raise
159.8913530211097,177.07767118500638,161.29443834073723,107.84158981227996,176.45520538205935,88.8955425284204,12.7342802277798,18.585230967770396,Lateral Raise
161.02103187044324,174.39399244639375,159.26740800977254,79.19705642918713,174.74397824506903,79.49570807809715,23.202090620245222,24.53469375284215,Lateral Raise
158.4204135213163,178.3506916176121,164.18277486280326,91.18765971452086,178.2808623293445,54.5344176650896,64.50286243706513,57.86301791330784,Lateral Raise
159.251918954912,175.67410325504903,163.34546052625782,168.52010420544752,178.3551383588442,17.727871818816585,89.34366590537603,86.9997999445995,Lateral Raise
160.91540522333736,175.8227924461848,163.25063228647312,148.36181751240372,178.1618676459682,149.63168078615072,97.41959155031417,96.46862820521709,Lateral Raise
160.83159874212262,175.9317960301653,162.75389346987427,151.33921190353823,179.26711175039875,157.25559459421012,95.98824288845758,96.115011924819,Lateral Raise
161.31416597918263,175.45068466674155,165.14218183655706,149.18107087658845,179.63138542664453,124.9150480716606,86.36464929385778,85.05528623983649,Lateral Raise
159.5462755651231,177.1765467369927,160.70518284660758,173.32564261599035,172.10881786316358,99.1345789739667,58.18166454420609,60.14378884303508,Lateral Raise
161.575248147361,174.38510722649738,158.24051273018964,37.95009855261884,175.76961820492696,71.60771355809862,17.265123190359454,24.42571699072921,Lateral Raise
159.29248372171625,177.40722714607864,158.63920877547375,90.72995954294096,172.68525962409817,87.71107303620532,10.47442802979101,16.259411690357275,Lateral Raise
160.2378944942948,178.06515958854584,159.43206631927004,104.1837741839846,175.39177603399085,85.9064681877805,10.846745533099492,18.507930040542647,Lateral Raise
160.04555756763264,179.49683659109365,156.84055635441277,120.24168284768552,170.6159973003205,98.53145848855937,13.090637065689942,15.038550967796848,Lateral Raise
155.21166591733433,173.39876614118143,160.27933148356854,76.3966227584001,172.9375779503596,67.0358423132033,51.492239037986856,49.01435608972575,Lateral Raise
155.98888949503402,179.14558655291518,163.4407290731886,29.03099887935099,176.83603455741329,176.35903317554352,91.79268909404269,87.98667422678847,Lateral Raise
157.7253435404522,179.50991033345997,163.91651595044758,125.55609668784052,178.94647116627013,123.31453520814252,95.36282690448022,94.65434383574528,Lateral Raise
156.55527138488918,179.51081572788266,165.03905604711247,134.48408546661685,175.5804559174088,155.19123883273093,92.71757095211731,93.1544694727511,Lateral Raise
154.2526549801827,173.3980543736382,163.05293210494506,160.76642557527416,173.18508716556642,164.25100513586975,58.26619374296931,67.90414907572638,Lateral Raise
157.5976183984537,179.2036691621078,159.72534827673698,92.27870261187138,173.35684794438438,66.96471605835985,14.121757977668974,25.79095457376335,Lateral Raise
156.9795040897418,177.08203284625597,158.12056767620538,116.42980931171896,172.24251500008475,93.76674317038076,15.587061674443293,21.35005628629267,Lateral Raise
156.86167459092408,176.26197180065753,156.3019880864209,107.65301184264058,170.59520575765015,89.62261067507241,27.415388928801526,27.12994682498732,Lateral Raise
157.72381352395044,175.93905559854537,161.09279458439488,171.17336397528757,171.3678890857678,155.94671239315505,66.21826021433343,67.53070039360466,Lateral Raise
158.20201277555054,177.89372645228636,162.81721139081765,154.30450746293616,174.40467762374604,162.94400052015408,90.64872653749384,92.90112005575584,Lateral Raise
159.10906320625813,178.99829020211345,164.1812569843163,161.92364125890273,175.7240512246224,162.85769940206873,93.37230721809362,94.95486543570505,Lateral Raise
158.96317716904005,179.53136550983496,163.27974274943193,172.940084317493,173.65537561241558,173.83596917128233,75.04937959684095,78.01959636616454,Lateral Raise
156.7583461490852,174.7053933698296,160.8386577892145,132.5192524185922,173.54740118964887,142.5859069446205,33.4261541237562,35.84837520898345,Lateral Raise
157.7416254859942,179.35087916608185,158.5273270172053,116.04866078961342,170.10900896499393,115.86821831292544,20.01328761094805,22.850928709700508,Lateral Raise
157.43223448469206,178.13561963648107,157.58473300992688,119.54775484642948,172.1363839943246,110.7934239186794,23.097834216119047,24.723053310727995,Lateral Raise
155.8233171373556,174.80982701753362,156.96767803438925,97.57469153008184,174.02026608299408,98.99807117651152,44.25029026668701,36.950961703186046,Lateral Raise
157.9024194632612,174.58821663547232,163.42697880553402,176.10091228736897,174.0201215010788,165.52336925510988,73.02029996141779,75.15949470917613,Lateral Raise
159.35395831981805,177.198546453714,164.84719982796554,162.97484247302992,179.31051424775717,164.65191882098765,95.89513126762164,93.96364233417184,Lateral Raise
158.69113237280618,179.52882939043994,164.12414370107436,164.40582544266744,174.4891134698602,171.96056388266922,91.24292036980049,93.63119679124353,Lateral Raise
157.40624379124372,173.50393503613031,163.14409914311116,167.15845958819983,171.11316962723177,167.61710415741757,62.408890843869145,67.05498193441522,Lateral Raise
155.29208716244167,174.8043473432417,158.4095282005231,116.35176176880468,171.08489376413567,119.86370824282714,34.9768332473828,39.84826900229773,Lateral Raise
157.99559093579302,179.08866827644334,156.86738181978038,115.68769856480152,169.7757747449986,112.7072061547817,18.984651570730357,26.95265646071913,Lateral Raise
157.52171119357453,179.09903994150898,156.96069001514553,115.08851087752504,169.96693401290727,117.84315703962449,18.497947401834026,25.03046153717103,Lateral Raise
156.1953331273016,175.57971376351782,157.48275217149316,103.95303578738202,169.08082744930653,106.84910314709268,24.641079445037484,27.158782362624727,Lateral Raise
157.1705144019747,172.5262699222851,159.51219936809215,91.69042378087356,169.5567572058385,90.67798398951398,60.68052864433172,57.71743681479695,Lateral Raise
156.89919226426272,176.5407558947143,162.25438714497827,159.59825822004726,174.3653217777494,171.32951444651866,91.89031121301464,92.10119491206304,Lateral Raise
158.51806237819164,176.89317896959005,164.94964127009212,154.80237706960284,177.46344240468642,154.97220067030443,93.49566716632243,95.90678236488134,Lateral Raise
156.80748145979192,177.10738570842176,164.06364531563497,171.59283619227892,172.97621238593447,163.07787664805852,80.99529825803428,81.80533762069473,Lateral Raise
156.17045203546212,173.20614307837437,160.2370765842271,107.76808044113886,169.6475317112495,105.6121452812493,48.560725784827575,47.19468903635807,Lateral Raise
158.89331196307268,178.87020340173564,156.48656481111823,118.11142476520106,170.29742499769523,98.25151662900105,20.29270479139297,27.75731017718248,Lateral Raise
158.73280722426549,176.5404485228373,157.17121941414788,104.580983251949,168.31951573269657,94.17579275029902,22.20647991545277,26.788168438325695,Lateral Raise
159.37181585337467,179.15096219478846,156.26569970491153,107.62121877871502,167.53256278905988,97.9791257621982,24.070300289800215,27.75610870560675,Lateral Raise
159.32147530955953,176.74019360736494,154.6912498953367,88.95528216503573,162.8243916465196,76.78251598058527,53.58638540286887,52.29702203448918,Lateral Raise
158.10594825271033,178.9735854286805,163.4110111590953,147.69493496016185,178.48502913118273,65.54492675485295,90.90485134640026,89.2231730784678,Lateral Raise
160.22747146987405,179.70815377822615,164.82653247959513,143.68526026754213,178.0591156405523,163.89269137816194,95.9988211644359,95.2972158127006,Lateral Raise
157.99393092520168,179.24906385608094,166.2183475278528,147.2467223274392,178.0346514933647,174.8651553735876,92.64159814334302,91.31998533582488,Lateral Raise
157.8646602043413,177.40092053554395,164.38191127161934,178.1782419068067,173.31636195956503,166.2837878380892,67.36808576870588,71.08543868095862,Lateral Raise
158.2529330677515,177.98114417068652,158.93741098643432,98.86000060312512,171.47251142207207,80.03895308032465,36.374991709941874,42.08317808755031,Lateral Raise
160.27395760481494,179.3253967259702,155.11660888227806,95.96810091204031,166.1423118295647,92.80107248524077,19.511939800341235,24.69884136620195,Lateral Raise
159.04956542913123,179.84415490741537,157.19353138717233,102.01273128589465,168.95009499477828,98.59307913359602,21.972128321210995,23.75233178150888,Lateral Raise
159.74363467908904,179.27667747805685,156.55349899439713,93.88879769002472,171.11874971175376,92.17436198536144,25.2889069832443,27.9054623597787,Lateral Raise
156.57459567675426,172.6631529020006,161.9674619554421,107.59378852943512,173.80023553710674,81.63493486060848,55.44053238671417,56.70452709926117,Lateral Raise
159.04756344960052,177.15524048385677,164.18459302601568,155.37269394735603,179.6432690306191,138.91222736177733,92.88156302113134,92.94124880306784,Lateral Raise
159.28961518973497,177.68460721447192,165.2760833667509,146.05488762002176,177.85525452361705,152.52524424161163,95.05418144008772,96.8175791919357,Lateral Raise
158.97003975246378,175.38760868639395,163.61602668045293,144.9686014406456,178.890496249455,146.51133333085733,97.03621117312495,97.94237648747163,Lateral Raise
157.0094473475285,176.67506626761448,165.55028198870764,170.60513582457315,179.30405959143152,177.84619848576378,78.76212740398317,78.95935712121982,Lateral Raise
155.73221438689924,173.0307710917249,161.32413288025649,165.44373155745487,169.93085373606962,162.82346490393525,46.57032497185054,47.2303185350884,Lateral Raise
157.18475392747172,177.60356861593957,157.16519485710018,123.8520778071152,169.69133918841524,121.79347836436752,28.195429753680312,31.177744240805893,Lateral Raise
159.57765598517906,179.16416360519494,156.97223475521318,113.62253735998804,169.83155593552345,109.37506049366702,17.51898648799476,23.505937222534953,Lateral Raise
159.11337228508305,179.58879270068255,157.15593879693452,112.65340608298716,172.10981475255116,109.70189890647144,18.392072858275696,22.226063977569495,Lateral Raise
157.65019411121904,176.26232559113257,156.49803332500693,104.42275195278329,168.60314810418143,99.78102084910576,32.6979002102396,28.859460157356445,Lateral Raise
156.76441880988966,173.43954480079958,164.63310720722558,178.8072014354317,176.17452618980707,170.8889994936571,66.78882782822733,67.61571032356599,Lateral Raise
157.47044625443294,177.9759659692229,167.87275844891315,150.0854105973864,175.2340557713212,150.43664938781873,95.33478966603865,93.88476237152418,Lateral Raise
157.98911800838542,175.87552354119947,165.4021929180763,150.461452267082,179.59563167296625,156.51383932554563,96.11685345289472,97.05695511959034,Lateral Raise
159.1748261392184,179.57508005783305,166.23620628180814,152.8328470683312,177.70895123345122,150.71371645800772,90.7988588401458,93.06244115110472,Lateral Raise
157.73617560493074,171.77141785443376,161.9560879442308,169.87470448064073,172.85110582919577,135.96061766098074,55.709601946370015,62.04583538145998,Lateral Raise
157.48495750102603,177.59367626059694,154.55390855881066,130.14403633673916,165.87804748520307,115.6777246203676,28.18258588939542,31.205076127532163,Lateral Raise
158.58659594790907,179.33628551494053,157.7703603572964,130.4349982534585,172.62431501516144,118.82765764513177,16.138540355564327,21.77152860422596,Lateral Raise
160.0729224494491,179.8081339786129,154.1436039588189,139.1657589546904,170.3961368180111,117.20110441111484,18.795083773992257,25.009906546954845,Lateral Raise
156.6888558474496,176.0748322893891,158.46876847159214,128.4953185660435,172.7221787953062,110.46296097538884,32.569344064259596,32.70007937007043,Lateral Raise
158.95808335188812,174.51784932857535,162.35230776351295,172.5112330716718,174.3585636977445,167.61424023207138,65.79157916144263,73.08661699875972,Lateral Raise
155.85880331152347,172.97427344280464,160.8923726235831,165.86276034293255,173.36995117743373,178.95820423765306,85.61606507649768,87.47207352605655,Lateral Raise
159.3632546573888,176.83790712596272,159.9218662359314,172.08582412147433,170.62422712428284,178.4188260969204,83.86104838103229,87.67725923952973,Lateral Raise
156.16038048061242,175.23846928424416,163.66691082879524,172.46834251962972,172.7923692886142,170.12009769460565,70.81503363794735,72.14988068989219,Lateral Raise
156.96877461578728,172.4722499723208,162.5315944475237,172.35831857732873,174.0063703381568,169.8134241397752,42.683553766959456,43.644573366537855,Lateral Raise
156.2492089653193,176.23344926139978,157.07759417693742,145.95584706537744,170.5346405613805,114.15370987483762,22.080008628813324,25.697063327638805,Lateral Raise
162.58893396107285,174.31924759076904,157.15624095264752,111.71031352704132,172.29806823080355,102.07288999249828,18.141632488531453,26.426596605086225,Lateral Raise
162.51757166687284,177.37632160678672,159.67201054805167,105.8156877270948,175.92548643812793,106.26524522700572,21.37455598783395,25.586833330440214,Lateral Raise
160.84097702508924,177.42322973011937,161.16528419387757,101.87569866014434,177.61385298051982,102.28359114282404,23.093576416043415,26.892126660180804,Lateral Raise
162.8045491074886,174.77823852358185,163.21311619252666,78.59682388204385,177.49996421072458,105.06647899223556,64.55810631869208,63.391528037508294,Lateral Raise
162.27709088330454,174.63864699896604,166.01438328058953,147.6802276491617,175.9444249316552,69.79588527794643,91.66648030514632,92.60141438099024,Lateral Raise
162.78898339977786,178.3365404991181,164.81330178084724,147.82824933919,178.90651814414954,144.3181687843539,95.01690029403292,93.6574136144457,Lateral Raise
163.9869092418971,176.6289472320648,164.6444774197092,24.202174618238733,177.8519389442481,157.14194147337113,79.71209480694901,77.537641485111,Lateral Raise
163.4019467518195,171.84672747700546,159.1133855743609,104.73239184523791,177.09078428835218,103.7726662828425,39.89837761429347,43.09260764341532,Lateral Raise
163.13247351854235,175.00180225480293,160.81602295227856,110.85010583150785,177.30142908674762,104.41720021933294,19.74043917966461,26.41571790595124,Lateral Raise
162.54720315610436,175.87672997359385,161.38635668012952,105.0537270606136,178.39525565913624,108.22314338994649,21.18168799687861,27.689325411721555,Lateral Raise
163.11840916854732,174.61240616545342,162.424451610824,105.28982464527482,178.0436620140461,110.24936875881632,22.202651089465995,27.245602862518187,Lateral Raise
163.35128237009496,174.9766232936345,156.4929496323011,91.24961470848638,172.7280454765934,88.55411051576108,48.30605612911924,48.007066281823384,Lateral Raise
163.8563747085303,170.8243545416686,166.84042284468742,3.4148294848132497,178.63689106100213,117.1199243176418,81.01575468746844,77.69801276535415,Lateral Raise
164.26660202713023,174.93403077593908,165.04344815789275,109.42564421132548,176.66996381055444,85.01088879597934,93.3066477403872,97.14087370713172,Lateral Raise
164.69365905544285,169.48697076700458,165.8444934728491,135.06053931207626,178.72156298906532,147.7311215664142,91.30292258048978,93.79917539120834,Lateral Raise
164.8519198242766,173.28932807048622,162.99786664254106,177.43184617735398,177.53815075471476,136.27707979365445,71.96047735014803,72.25929101181494,Lateral Raise
162.50446865486282,178.0902329694582,160.0525199244788,116.80467963570791,176.9586688368782,111.69492027581354,44.15854799524373,45.82354151774254,Lateral Raise
162.43683067292974,174.60998950311898,159.63855230056149,117.98493392246984,176.68964723638962,104.353001128819,20.580206545284756,28.738795767226755,Lateral Raise
163.09217245155037,177.15665847328265,159.3775720592864,119.1804034994156,177.91017430726038,107.48183408714702,16.155454364405347,26.587261269850178,Lateral Raise
162.15884433920164,177.5067579145752,160.21223301241778,112.69546512597336,177.75684389732186,105.45838380201045,17.055208411112584,24.907382747765386,Lateral Raise
162.2829179905169,174.36274156763156,159.0589627917321,105.10817232450478,178.0715099494091,101.98836392327206,22.593921059416108,30.93096551772836,Lateral Raise
162.98775645358955,175.61628103422834,162.27795358000867,105.8787429676626,175.71237432685945,113.16592015215164,69.58068881207814,68.08296497171222,Lateral Raise
163.7931388508908,174.92154377488583,162.98614904380875,119.49266577884518,179.5112025564333,134.9810221132554,94.2610581476604,94.53503043209378,Lateral Raise
163.5132675784568,175.99590722628773,165.71560075030544,145.02183263562864,178.07685086178344,139.7725311076496,95.6283096735225,98.29743769767931,Lateral Raise
164.90171586316544,171.36957568520583,165.6061463074962,152.85814922415858,177.8685572079676,160.1594047619388,88.20211095212865,90.44242844386802,Lateral Raise
165.56689063115405,174.63262231396877,164.25888938106033,159.47520034932643,178.17895019835555,108.14774518915094,66.86384438245227,65.70229708545925,Lateral Raise
162.8612368886485,176.80084988369018,158.27074111903474,115.31569391513004,176.92288727422348,101.3068523127776,39.12858170404753,39.66324712425323,Lateral Raise
165.03407687006268,172.49057484283347,157.7024639142107,101.88334044280832,175.50780501477476,97.70744455131704,19.2612481800528,27.034848118293475,Lateral Raise
162.51081393308758,175.78535697358257,159.6375141268206,107.05326536469276,177.42291226651162,106.30099376883952,13.072936836850902,22.419114748053342,Lateral Raise
164.23413201407956,173.72243838538955,159.2743959525977,111.88658398623276,177.39139183854408,101.04681078806888,13.10871776969987,21.660035626233928,Lateral Raise
163.82147177856808,174.49500606206075,157.94962070242843,103.64358870116251,175.51549577289322,92.08632034198376,22.846217524983153,26.59920059992328,Lateral Raise
163.83709022786138,175.93004390249874,162.02960346625397,161.82528494583806,174.29484791517322,71.32215492811157,73.29195680586855,69.71063165109985,Lateral Raise
163.07196128082475,174.36531640149255,163.4158467594275,153.67809372120504,176.98056606970266,144.21548982869683,91.98439459760311,96.54471175446174,Lateral Raise
163.08801300570596,177.79920231615534,164.4827004151041,135.4102683606164,179.73241697708963,148.50048082481155,92.78849387817836,95.97627844525012,Lateral Raise
162.4535825295492,173.43870164840595,166.3677939423557,164.62634433775608,178.54107442820302,167.4282668958218,83.30279522238607,82.45356308156371,Lateral Raise
162.94755001203563,176.34142405375783,163.58480423897845,169.12550133575297,175.05862607976422,166.53101461793494,58.10368570351968,59.59970172907833,Lateral Raise
162.1520102455669,175.19022905476268,159.0301325025206,139.0808148470848,176.59377242310163,114.95485365673086,33.87190961081782,31.93794981670581,Lateral Raise
162.38857111054824,175.73979097337124,157.0465293469278,105.38337473424356,172.55563607680136,101.43733659786778,15.317005656626268,23.330855131300428,Lateral Raise
164.41891839637563,174.02016199652627,159.37664228145462,110.49003380547803,178.24303161231452,103.19531872443248,15.812695216314133,20.736678766519457,Lateral Raise
163.85481474869638,174.18086008249955,160.50955296449604,105.88425438479288,177.62621106438104,101.89288428611522,13.951409039512384,20.144576542597385,Lateral Raise
162.25819782364923,177.66792974664233,159.23515334589467,109.6217704192035,172.1392957298232,88.18512830929593,46.926946316731176,44.80303780368369,Lateral Raise
163.19133810067962,172.45399409929604,166.0563352687737,161.35738359805873,179.73081718200694,72.81760303903482,89.44627431384814,81.68520766911661,Lateral Raise
161.90657612649454,177.48540947035832,163.01054595308884,138.15199334505002,179.76814931169636,128.16590872681027,97.85654443102356,96.27687915518769,Lateral Raise
163.10498171475126,176.32674291483738,163.4390026164719,136.43252437381835,178.76395377274093,161.75462479608356,93.0521482973924,93.28711494637987,Lateral Raise
163.85151415281706,179.4511133613672,162.43655497135578,151.16708615204243,175.80193757217614,132.95262969438485,67.88105639113543,68.57192326925336,Lateral Raise
163.58136780216475,176.4076150596882,159.7441101077074,111.44395566273786,176.32679689379265,94.15428548868354,38.48562628738233,35.281340071641296,Lateral Raise
162.3962690706499,176.69412340502254,160.8413941030798,106.94310650550015,177.95948971182784,92.63483771580027,18.68361972108035,26.199101271665594,Lateral Raise
162.99900964761903,176.14764441848493,158.86637285479753,111.49693557889516,174.28592520246096,95.50418941061352,15.634560672561848,24.235659303210426,Lateral Raise
164.39923023313958,173.76630182008293,160.39328447804257,108.5621778212039,179.91926859574716,97.85626061367356,16.73718394325856,23.909011145077137,Lateral Raise
163.6926131325785,177.23161958696943,160.31306629761184,112.37041525459227,179.92313200297966,93.57200097418912,40.348419258089585,42.96724366883701,Lateral Raise
164.69019156627792,174.78610311391134,164.62567947447306,164.3519031639257,176.3364611347798,149.11123266208614,83.02757994385809,79.18505624748815,Lateral Raise
164.86653881860732,176.0340950764023,160.65290108323453,114.48675269552984,178.23351610386274,151.6897997534502,94.56122402704398,98.78575332556386,Lateral Raise
162.44105905612457,178.6191898669703,164.8990028291518,154.04188843044903,175.5452678620308,142.37892701054568,89.99260310484067,93.21840009872376,Lateral Raise
164.03125036274307,178.29030435545306,161.45841311762612,178.08044769672193,174.74221791071102,175.186381487158,65.92564807074346,68.87207350780159,Lateral Raise
163.05348033106404,175.60388011463778,159.86142468678838,118.50434886203728,175.37332003776777,111.62384695415764,36.054427067257464,36.63187129803139,Lateral Raise
161.6432044243028,175.9784023474936,158.6308117274354,89.84019820289564,177.42948830454708,78.60209300956707,14.864463572743338,23.46469956898418,Lateral Raise
163.0594893441152,174.0025855373577,161.06314280871706,109.24267259953206,178.00874633427256,94.58139722606184,12.443857035659946,19.221355966248645,Lateral Raise
161.89455352087774,174.89619950675691,157.91471475423316,109.19305364704476,175.03786971162617,99.63782709942744,14.56957267107505,22.13556947176228,Lateral Raise
161.05186816626173,176.2971142141467,162.79723018699627,87.63546182439245,173.93401473491124,74.95488158713003,56.444472851089216,55.461327542930775,Lateral Raise
161.71858687106408,173.4094667342509,165.08163703567715,52.3525596590954,176.64945820444808,9.23619764317329,92.83679081280216,95.0035593516781,Lateral Raise
163.52599012252196,177.57173440787514,161.8151096322346,102.10347359234784,178.1621085532544,126.18917563389664,96.5193068317692,96.27542687762195,Lateral Raise
162.95903928145927,176.26259754189252,165.05372893000933,170.3917157812342,178.25416273442704,28.642373518115487,80.92544373636444,85.04726070659495,Lateral Raise
155.70550251270782,175.72946825507307,165.6914165609301,117.88946208728242,175.1626619895544,135.85625534732569,31.514732572915065,41.52208858042012,Lateral Raise
163.0878476207913,170.16533677267506,159.4829007720609,112.8996949416962,162.2355288469579,108.90252097084507,20.111973491178095,30.482050059017087,Lateral Raise
165.33871513886143,168.18090341891448,164.8310957406369,154.37472099111795,165.31789431145188,128.34374898240347,25.319229225901193,32.33769238399084,Lateral Raise
167.89697512769618,178.32863522930992,168.97006516041935,165.90517912515327,168.7451986139175,162.62061153321915,29.09098656143982,26.909477186898,Lateral Raise
159.22799855509703,161.60209902732203,174.19368503839777,175.5657813519122,179.92472578801326,158.71802309692129,25.85751284145877,40.74440452530269,Lateral Raise
164.02778887612882,164.8563666945418,166.70883116749803,162.53570639891507,174.0647375062246,170.77975030471023,17.279183934784776,54.30672687637645,Lateral Raise
145.38318600771123,133.51857220073197,177.01245349350884,162.61037855274026,141.94346383301402,170.91898438317762,15.606736720467124,61.827189057217794,Lateral Raise
164.35987170599415,154.50634604644094,163.57943477039538,158.15654264039946,174.61049763609802,128.09542840291863,13.814030779648212,56.30127469840048,Lateral Raise
156.0381675321696,141.17384016844474,163.7237176202198,168.26136086589085,169.3596569016828,154.04102110779996,15.603922886257424,38.266833847172336,Lateral Raise
150.4905278201146,124.39105297032448,170.11300834681776,2.3184288105593236,141.79568179842823,140.06337048547255,44.83476531472309,18.34080292961244,Lateral Raise
145.65915295545727,113.48319057391883,166.482533172204,78.11360101494064,127.47936429579306,123.87911237340916,37.53702770852114,25.345467988169823,Lateral Raise
135.21260428150322,108.35389702672646,178.9846103343571,166.9746210616865,166.31468428404858,81.7221772971455,20.246515757747577,30.305447513561436,Lateral Raise
167.52516673180298,149.67703073646254,173.60186524788134,152.37478643965144,152.94430457113305,73.7541790399368,18.73120186896854,34.54311889008276,Lateral Raise
168.18087402542844,158.79238026344365,173.69778596130735,150.17538451356867,147.44357973970594,74.79511788152281,18.660479261412902,29.58840203625075,Lateral Raise
158.28012385586095,149.0808860445965,167.13388565222425,170.0107350732286,166.29086395882564,73.85057540818521,22.08422960978421,29.30448445693116,Lateral Raise
167.6228379170613,155.98092944847232,164.69445227498636,147.06521229814862,164.40895810030003,70.37612264435491,17.53200898797283,30.736422409910748,Lateral Raise
169.79763976278915,174.34427783586378,174.34042247323976,125.27366444526498,156.98902772337266,70.92956054620416,13.367868607100297,27.178039970924615,Lateral Raise
171.29952010412552,168.9029964568836,169.44795055191145,151.9628475904831,170.25131124571325,74.19756378648543,13.608253521116664,25.078299049307734,Lateral Raise
160.33592645938728,153.6472811982795,166.6907195322325,175.0085112214664,172.64827013896146,71.08461896257236,18.315107632215312,28.244210836123138,Lateral Raise
178.7224956089755,175.60844218060848,173.7259521849788,134.37899058306564,159.16474313052032,73.44560597500285,10.491198379786905,23.29474028517369,Lateral Raise
170.42284049569827,168.2718517653777,178.7954217117769,129.33813011991325,162.3184407549455,78.14880380988349,5.606865336645763,19.89185180311152,Lateral Raise
163.6411602497505,167.6194738571463,177.01664972956098,115.20921785780202,161.2203137252071,57.31497100077383,29.74045279738264,43.00358907134873,Lateral Raise
162.49738340217135,158.49826861392057,175.70488717807456,123.25745046573724,159.53679075725734,6.294497299744279,58.11558846686091,74.9851711615265,Lateral Raise
156.92804114688465,151.3449139414625,174.22195447540673,124.08909329503742,156.62715851766342,27.180871460431128,51.29423192701107,63.934211933678846,Lateral Raise
163.0523995628304,163.5012621330778,179.16391624807554,108.84849846555132,158.60654433577164,69.28140488251901,24.493198849108843,27.96237408454251,Lateral Raise
162.00211704163237,158.7654499235135,176.92687961019843,110.0027469376296,165.10335556634945,86.92486681830488,18.487687354935293,5.905592978403021,Lateral Raise
161.47577647815,156.03769498518275,176.98690569990282,123.39958028591724,163.57975364055548,89.37137330790992,12.93902872311334,5.233606067829287,Lateral Raise
163.0195521063999,158.4568904267549,176.84175546345978,109.36199967065292,163.51061502585983,65.54347480033188,25.854115508413695,28.57338367044273,Lateral Raise
163.09050838741322,158.3141239921799,178.68401160252697,137.30042736145276,159.32332982360882,21.207487443998104,65.02770858316022,66.97210926535739,Lateral Raise
164.13552626556634,163.07669061920893,179.29675358225722,141.9934331700257,161.0575614526301,10.417534150667574,70.72557670749383,79.78311254821035,Lateral Raise
161.97186861967054,158.63476619104563,176.9667787903255,123.15704880951915,161.2792754846928,52.52543328640389,45.18061457883986,42.39180233692603,Lateral Raise
166.85495103165354,159.41327624664063,173.45238623962234,112.35640135519634,167.6156823381556,80.34153954804131,20.825334484854796,17.249105829451302,Lateral Raise
165.02886200143436,162.00485517092616,178.30661786951651,119.41383426774884,159.52552161538176,86.70746047076845,17.099077922709657,8.774455743211467,Lateral Raise
170.60014072062975,162.06758781605407,172.7403314762905,106.50729106592428,169.59701378122847,87.8533803570666,10.306215110217344,8.614779447036275,Lateral Raise
168.73876402507256,158.50076491866082,177.91025749588533,115.89266055513916,163.94674066899393,56.23579857885638,33.28435671013616,39.003652537642665,Lateral Raise
163.92192445159327,163.84071621884144,179.51511905462388,138.85216678341374,158.6650101150939,13.732602076737871,68.95515643695346,77.79424758853719,Lateral Raise
167.21190097137202,168.21363415844218,179.38207199908368,145.14763014456105,159.3071245484745,10.586348833802743,73.5905171693368,81.26274038029307,Lateral Raise
164.96292050653622,163.69813087836445,179.2246332797422,117.60000635653314,159.9484739667978,44.32075265121876,40.307742323859195,53.3215328886988,Lateral Raise
162.3773456244787,165.25005334175566,176.97491461891948,112.88264344474166,164.3530815205975,79.91938917704884,23.18219597458997,13.908829544632152,Lateral Raise
169.14530878635773,170.74747203118184,177.09539358692982,122.80756152356176,163.52575163387024,84.33120741625395,16.34578073608191,5.4270119759724595,Lateral Raise
165.41150282224137,169.73544568738222,176.3636205479726,115.21154281481236,163.8273461093615,83.04502388636553,18.421763844804595,9.747627750811812,Lateral Raise
166.54649799322533,169.73462860778443,176.8375749644449,111.28576123036756,163.2601502151784,56.54044410942605,33.35390451303857,39.93840184107109,Lateral Raise
169.39385313996908,168.6127353455293,176.35921156030955,141.36153331933718,156.03718532423042,2.70268396465693,77.16613088973133,82.98451428521386,Lateral Raise
167.9927586397227,171.21961876984963,176.83862871067066,137.60774667853372,156.6923192714622,8.241477149234077,68.23429480217612,81.9319845806096,Lateral Raise
165.98881649087377,161.63562580179834,179.81501813699413,125.4530182134436,161.5322509614553,40.56350597721416,46.657104266527725,53.9672984081377,Lateral Raise
165.41594042230804,171.79385977822042,174.85473885752697,109.80455002665316,167.04472158040244,72.03011933792223,21.92164195771767,24.9802844835975,Lateral Raise
168.97666912862096,167.23970144133924,172.70542129997622,109.13440567048076,167.98978773060244,86.2742317321019,20.539575798426988,6.702678312140419,Lateral Raise
164.87273765954333,163.00553558308843,174.5706219022129,105.74700830368724,170.49328765066642,91.10666705086676,15.76330825368706,0.9201821865037452,Lateral Raise
166.30916251329492,168.40888128580437,172.96362528985586,111.87999139752948,170.7365713775043,64.18331111065649,27.367126564694026,30.6190361257259,Lateral Raise
165.93767564569362,169.93231400505974,179.98300483119417,143.72366236417326,164.9104827612896,13.088567719009152,73.26179641507075,74.93338870644082,Lateral Raise
168.7707688924603,169.92383063991292,175.9598873789597,148.35110030155158,168.83243402437088,2.332197200945658,78.6356269827369,88.49520538821481,Lateral Raise
165.69625338721178,165.44186205438564,175.86654984157258,129.4075212646363,170.82688647840567,41.96876139440968,48.08849987484509,52.61429806487162,Lateral Raise
162.78829564818096,163.68608105472774,175.88634420136268,112.73786920581408,167.35949859868296,67.2879654407021,23.32472037842205,28.315440129851975,Lateral Raise
164.6070017113517,163.8513598873664,173.6207295300077,128.25201388476722,168.75904851168005,92.7273760565111,20.123548162355657,2.584914600029536,Lateral Raise
164.10318180739526,154.38897197906397,175.6791616292504,113.38221592480342,167.10787457463772,93.1737134065098,12.126473881910876,1.0463694747656769,Lateral Raise
166.34740309543523,164.8938010597825,179.11213629519,105.70118730689136,163.5090008576602,62.80361997767325,25.38257977832904,29.468783107308095,Lateral Raise
167.0033395967534,165.92791698367884,179.80178601644343,144.76188778489842,164.53421038024484,16.076453932080163,70.35355946747266,76.33840185790424,Lateral Raise
171.4949182973827,168.68769140975053,179.89783472907075,145.7428312064789,166.41673884635426,15.475265348568776,72.47366987820381,77.30173973427547,Lateral Raise
170.66716434836036,170.3745378496972,174.96061478688705,122.87288918069348,170.29984373299814,61.5596073084475,42.570157127862245,34.06445472344207,Lateral Raise
170.45428580489238,164.72553989280706,170.96177882844992,121.24180327788258,173.01412822327111,99.5108158172191,23.590354060143625,3.769593109114934,Lateral Raise
175.16530344182223,168.73308460871928,168.97757900633144,120.34353551986712,174.83471707396723,100.31421108301323,22.15451417613027,5.750972191032727,Lateral Raise
171.78266400329125,167.76492215911304,170.4637108349967,121.286555514728,173.7378177280598,78.015232044841,37.43935603681864,15.265876255369363,Lateral Raise
171.0317217718063,168.64077252415075,170.57346411178847,143.78459646520557,177.5085350683148,19.542269177569047,69.94126783900653,76.65522550051317,Lateral Raise
172.98850369653067,164.60525889939976,170.0837091836421,146.75476772957128,178.29367476950878,7.783544071128412,76.27900264493594,88.28453928429103,Lateral Raise
168.4817371484606,169.0854168759005,174.68296112313567,121.05150550372656,170.43447974204295,53.857947584232704,44.40271973100281,43.60864677476425,Lateral Raise
174.84643666034927,167.59064298647107,170.47467220044948,111.99335879220548,170.7378456710559,83.94895775368806,30.091002406397298,12.242439868810395,Lateral Raise
172.8103972547039,165.694915413585,168.34074833128477,114.85693413830288,173.10681101116504,97.86871734699704,22.91360430441259,1.1354591115043071,Lateral Raise
173.9788626628596,165.28388596066344,169.45705945037898,118.9526993787554,173.38221568308992,97.8557944278412,16.510566867162524,1.726975538718324,Lateral Raise
170.77562571198467,166.56732326419055,169.81060551594678,120.34992233931594,171.97744867439832,83.68575056153688,30.782494634293677,11.603769276295582,Lateral Raise
170.76576460696404,168.71738247414498,174.84492025499935,123.28286145727542,167.07582022436688,42.41996184955833,49.39221602384864,51.19743069743453,Lateral Raise
177.97877099835875,163.25937062217204,169.70018631790188,130.37698628039573,171.69004038580002,0.9690742303280184,69.51209226199492,90.50285896667054,Lateral Raise
175.3064648238677,166.74813785570578,168.32164789808212,130.19036301905942,173.8404830757546,22.900688599780917,59.36589262714138,75.80588278517035,Lateral Raise
168.7920904656259,167.15519063483958,172.33187652330767,120.64591078752542,171.1568930905254,59.23063466263985,41.84578829100275,37.83517367002014,Lateral Raise
173.34280500216704,166.34830733071317,167.2633447019775,118.69389528535316,174.58249185696238,92.51576654976984,29.261718062995655,6.305706157767606,Lateral Raise
176.51163977222737,164.84899105219446,168.33306493725615,125.17676729636749,171.12781538356225,97.14259754978224,22.72183145376451,0.21810997608271887,Lateral Raise
175.00113555434297,163.6504064803081,168.11358504621393,129.29613707252346,171.26888840273833,99.6127559595669,21.304205971868363,0.5817710236237427,Lateral Raise
169.47093149823462,164.35520946544872,172.8830138920256,107.72447381544175,168.64485618014675,70.67313508048166,29.82746712056059,23.516095163598564,Lateral Raise
179.0521398840066,167.83707852313862,168.50441760810966,138.01180929727755,175.1893353296327,17.713755230145363,65.84680635764693,80.70391835980493,Lateral Raise
178.77240113586828,171.98262927326263,170.42330039381287,138.98665330240442,171.84640254912807,6.479755975674719,67.75672734964606,90.5550181152036,Lateral Raise
173.65161772029538,164.54032731294438,172.76933339848338,125.19237594432651,169.91852081745571,56.34485083271635,42.04066843657741,44.05738694447501,Lateral Raise
170.84160369851608,166.09519660560952,170.618245980235,124.0685951048156,172.8348330900722,90.56068088035016,28.380719041708304,10.475132076640934,Lateral Raise
172.28444271522358,165.8922827003435,167.19909915880464,123.0069234967364,174.61438660918168,102.69377982720115,19.67330752175138,2.197300468991465,Lateral Raise
177.9969290438627,172.37175233778802,167.01212290344523,130.85234650920663,175.50260524701065,100.18292827577709,19.55613039709595,1.915718436909079,Lateral Raise
173.43251695958745,167.83132119141666,167.81324362700445,111.32993382369727,171.83619449425817,88.55742079524468,22.40008281624646,11.433215787969145,Lateral Raise
174.66573402838625,159.35633138221374,170.5046245969179,119.17864943512978,172.10217157554456,43.66951067707916,38.65932440713589,54.71940860601966,Lateral Raise
176.47102233598503,159.02040512682507,171.0076550025651,138.96692318234977,174.82314567438144,2.978303846909257,73.41291522136724,93.15256915469274,Lateral Raise
175.86115492500215,164.45945746701332,169.17325647114555,142.35867858003263,173.04250448314585,24.279083609317315,64.8748093018203,77.2822907184121,Lateral Raise
171.85625497528733,167.3450925234898,171.62807144194926,121.67565676344466,172.30198893176822,65.33655205773942,35.158766248444365,34.72457835190427,Lateral Raise
171.64708971642705,159.63468969501398,167.79382817993408,120.1706904000116,171.63041019156745,95.97527214897968,24.171690973114018,4.843385275099792,Lateral Raise
178.24169958597324,171.52889247297318,168.7182851652022,121.57302627756803,173.78546591128617,101.73856733937812,19.11583481153612,2.5936809152139735,Lateral Raise
175.09884031157617,169.40229924197766,167.8979553663646,124.73458287804014,171.16616687229265,99.96274007993456,22.513512474192847,0.16260867484014063,Lateral Raise
172.47721517160642,163.1658136750653,167.81556140651736,124.10775654217156,169.69550498702586,88.20132444739829,29.97407101003049,10.134269459295064,Lateral Raise
168.75074931566408,163.60026519770463,174.76592157817572,128.8266711922772,168.2888391092783,53.64451792280771,45.973476384044,43.18612563484765,Lateral Raise
179.38906714382136,171.59082398950665,168.44052700505912,145.7103630311889,171.8350558243291,18.31076467292657,68.6662811466779,82.2384806899424,Lateral Raise
179.8515046604358,176.9783003904163,170.27809824928636,143.78930240544256,170.3245383416109,3.48914370232399,73.87765270267712,93.02924226362065,Lateral Raise
172.217029237459,166.16717647665348,174.7410707584388,130.53491611404743,170.29508667617964,47.482530914160634,51.5735396892946,52.44413818230117,Lateral Raise
168.6753171662772,165.8798314550342,174.74868855669015,126.06716868030168,166.06201691432088,94.25829937126706,32.91051839007373,7.440926459112883,Lateral Raise
158.87574677921086,155.25234625635676,176.8082677255068,120.55794319824516,163.00970811275056,97.39303501263822,26.28622330638127,2.172716773558728,Lateral Raise
158.0829612423855,146.93040979963317,179.4396028528352,140.69435855849204,165.1721176252517,98.34471493388884,24.73771073009921,2.405650880024116,Lateral Raise
164.95228922885138,151.26950718577487,176.79611484522792,134.62114555959528,162.17499396844727,98.63261226425846,20.472035421282143,1.4834031045258178,Lateral Raise
161.32820480735117,143.69053068556045,176.67322019409391,125.48118495087463,155.25709353900984,74.76414230024481,35.99507911185387,24.884162451465727,Lateral Raise
165.1750670863504,151.16429347206758,175.44882288409983,149.28218677621217,161.47219754214967,28.47560020607418,72.92164173030403,68.7679139950004,Lateral Raise
172.86777086266312,155.6823071858803,175.04784702221698,147.0568667222881,165.26944802328254,3.1725311905453246,79.04905151583316,88.12914717310655,Lateral Raise
169.05453000803288,151.50529574309266,178.56634970933962,130.19580404726264,160.84288120703516,54.403179243283226,48.42959937024154,40.93558028910027,Lateral Raise
170.2384357119188,158.00508542136825,173.24791541571582,126.73826042297036,164.21184252658918,101.0982104244426,30.142182338980103,0.5587962455631599,Lateral Raise
174.74879124061022,161.63107699822092,172.9892456238336,122.8137614508431,167.3636049790228,102.2507555051491,21.731482461145713,5.3362879591568335,Lateral Raise
177.39219410918824,164.25326500734317,172.05739226495345,138.51960909827537,168.78929934699417,101.96084668332344,20.328663638815172,5.463425266576076,Lateral Raise
171.73395971193054,154.66504884675257,173.32717470683733,124.46780788629648,166.25274839251676,88.12431228082973,28.086717576957117,17.13247909431646,Lateral Raise
168.21254191410296,153.99287798141674,177.52649671509462,127.3644081877703,163.55292452705882,43.87885731603913,50.74628578359477,52.273260581803555,Lateral Raise
172.3932752321518,151.7335300506027,175.48654204212212,142.4101790672697,162.44881070787395,2.4197716443896784,77.30797044378652,89.27565145993722,Lateral Raise
176.19457056210462,160.05960922326946,171.24174819005827,147.4990219141243,166.02635130467442,19.749456295200815,72.83800287158306,76.54944607250009,Lateral Raise
166.99346717750214,153.7898499919405,179.72467278871778,126.14761898175584,157.60498832828412,68.21872463861142,40.17753017830186,29.946771836447688,Lateral Raise
177.69690115116873,161.329245096502,169.42352270600676,128.57859874816475,165.69551312209435,99.84640720396136,25.35203672223982,2.147285304341396,Lateral Raise
179.4881675539625,165.63449662693156,168.73426009642657,141.15082395009458,168.26945162169596,102.797353682113,15.10810662920288,0.44575278287163406,Lateral Raise
178.68477722251782,157.93353053242004,170.81587068367148,152.42904333144267,165.65011105097022,103.30063729064702,14.555927148416249,2.035178760104433,Lateral Raise
175.3544254043369,152.4727681719548,171.85565987776977,134.96898533761166,162.52043361286098,86.91594412014064,29.227930393665385,19.76928859671683,Lateral Raise
176.48091181012248,155.88897824255127,170.36757800787885,123.97872902716848,165.9537591890336,60.981023035910965,47.33084881435183,42.54597981422438,Lateral Raise
179.8637475453298,159.07339738681836,170.32062049758198,147.34028186989983,163.0706688109604,15.035144180076752,71.3112969994553,87.84458739448951,Lateral Raise
173.73100270153537,153.0712348037817,173.60036701375083,119.34168160759644,163.80538676280486,58.78835445955042,40.10374871844621,39.677154017159125,Lateral Raise
166.68821070252065,150.98535251897232,170.24198563480647,130.17229132700956,167.24188796317915,91.24602938761662,35.37252970975223,10.452441131797348,Lateral Raise
172.28872460864514,153.1562066860499,170.4694723664752,124.6579632145887,168.26798027762746,100.24234696410603,23.95905820237694,1.4781264037280002,Lateral Raise
176.05112163262675,160.26303000821838,169.1365180362246,131.89898295611366,167.87480904110063,99.50881963863424,14.327560539832524,0.4622723052949413,Lateral Raise
173.9558697760671,156.5163140616243,169.8152880043052,133.34807543579305,167.51788219932146,97.88215207763432,16.901869469432928,1.21322912106183,Lateral Raise
176.22619250795077,152.77467183686363,168.24184735480293,136.78395700041892,166.91549762721675,96.63982749869822,19.021152808630863,3.267185356516213,Lateral Raise
173.2092381732638,150.8182722737438,175.67437628918816,115.608313325129,158.88280149572944,75.64645329110112,33.378834108386094,21.96546125568365,Lateral Raise
173.2524287076551,150.14416296229712,173.90718069915167,130.6273547839083,163.66893931693576,60.419023628016376,53.428453930276206,37.847644804874434,Lateral Raise
175.23218921708445,154.72073756918036,172.2393474089507,155.47159649560774,161.5256184045944,4.610800487696127,88.12327433268413,89.65768550851689,Lateral Raise
178.71878283740278,155.36601698956397,169.13967002580918,151.23026181958707,162.34566186862477,10.70493319649515,77.05131170351193,86.39141577865088,Lateral Raise
171.0583596505118,148.87287994625035,175.84794216506327,126.12916442485728,162.23645342971102,54.686976079483316,46.03963122572998,44.853478148246886,Lateral Raise
170.04554298371195,150.74035354600733,172.5697326884576,130.7370240828543,162.96609847938942,83.09793775845753,36.59051080481732,17.167936696866548,Lateral Raise
172.7664305628107,148.5352042823053,169.7422772541187,131.7778784753237,162.85945854059474,100.00973937989885,25.793008847040205,1.1397868567266884,Lateral Raise
173.89881880297986,146.7616365385805,169.64590151261532,118.6029798398776,160.7612979437702,98.62243012282552,9.07371587827532,0.25420925585862614,Lateral Raise
177.9381992583132,150.66239773006353,167.99339084021176,126.64621171707772,161.12748879546012,100.08156602509942,10.310196828396313,0.23140649715580816,Lateral Raise
167.73675207122295,149.3210631987954,175.42583460049875,119.93412917046258,160.0263587381519,87.05012053736853,27.927297313714103,10.995196966938764,Lateral Raise
172.60940185286557,148.5460887871351,173.08311433521845,126.198585669455,162.07952794397264,62.84296014358609,46.404523397583134,30.96490537471456,Lateral Raise
176.78915843328352,157.74483770084825,171.72911404409183,139.57062342171864,162.77165682272727,3.309801576938671,72.48026420654786,86.48197740017196,Lateral Raise
176.22918938841846,155.97391247240105,170.17677492851342,129.58139842854558,166.68684127442393,48.6493391669172,55.24544611117114,47.64484865427309,Lateral Raise
172.84961363780334,155.3835075333252,176.69954283075276,110.57096030906172,160.68581272104507,74.4326555024846,35.38829346681583,18.198686934340056,Lateral Raise
174.0472914021968,151.49776835309018,171.3187984009894,119.14785571850469,167.78361477148565,94.12456728693924,20.430091580468144,5.580348028004923,Lateral Raise
177.28061815091468,158.1806456612414,171.27445627459636,130.62559535225878,165.12735529291186,106.324903170832,16.071003393258263,3.992190674351243,Lateral Raise
173.3842046355359,154.15592850574896,169.9523667702183,126.19232479388064,163.64528101035333,106.06072166464506,16.36095786733789,5.736626168662847,Lateral Raise
171.81095571138815,152.10033307301137,172.05351696404702,120.8067219990794,165.75417988426142,89.95320962551695,23.69465712413319,9.359482746637749,Lateral Raise
169.40340148303682,149.42933114311128,175.5160856757284,117.2483374213909,159.6246481135825,56.39891368526295,35.982493018702854,40.335713187189214,Lateral Raise
178.2297067139593,157.65243625605157,169.18569773404283,146.27605050664863,164.04882601507788,8.253843825280951,67.26045027890059,94.13531307097648,Lateral Raise
175.5055367047519,151.63852406883043,171.66410204727123,144.1029649538566,165.80720134477795,18.677429414645236,67.04962226864146,85.08341926517953,Lateral Raise
166.79941428367675,148.03115852366903,175.0560394947737,126.53631775573724,162.10260775617272,54.97291992233192,44.175268283540944,45.357137585574215,Lateral Raise
172.49439887770149,153.29945876486312,174.47596761681322,122.01656288284808,165.14045677269144,73.48780498209197,31.447113826168035,26.79051728218114,Lateral Raise
172.4795970277619,151.63650672815854,171.7977303284858,120.29183242646164,166.17839300373356,96.13961835088642,21.775342469166787,5.444141887017624,Lateral Raise
169.65454225735766,154.37906007477127,172.44504384715327,128.3060265103226,168.24087763266022,101.76106920361438,22.85440293027852,4.288424494926791,Lateral Raise
172.5686532673385,154.4492873448505,171.97748804897924,140.4262517659199,164.84538219143477,104.8764648213763,17.66794582508236,5.88496026895036,Lateral Raise
171.08295219270644,153.37365203917128,169.96459616082302,123.4394513719629,167.7451861308158,100.49348551858934,21.122838633526047,1.573482294333575,Lateral Raise
169.883551706467,149.60877024722504,174.67644101067486,124.145491107728,163.20928677045467,68.23172481135208,32.516057010527035,32.03453881945623,Lateral Raise
176.56962886101346,154.51265094751315,170.84358731885598,133.0911380168818,167.49428918878098,37.81589834444196,53.35170196505669,63.52348665611937,Lateral Raise
178.05127749284105,155.66263617428035,172.98511003367233,153.5978377794741,160.80265684752297,4.256007683214211,76.60299751528558,95.40057893351825,Lateral Raise
172.9027519548153,151.4507263316083,176.28929859513872,134.18344780837936,159.6381264362793,43.058025616801494,50.92011681002785,57.641672655722715,Lateral Raise
175.53137197850737,154.74719012830795,170.70306322131896,119.51053683404947,166.08357466747373,76.68006439827977,29.032832881532016,25.03408720943833,Lateral Raise
176.20994727580074,157.8822427537767,167.90381364574978,131.15532316212145,169.06484831739138,97.99982713610952,24.303291491862097,3.642563888819387,Lateral Raise
179.5547619009165,161.074833037104,164.46085614481328,140.9119749565202,168.15949544263214,98.98072143207374,10.122241522925034,3.1273134742918915,Lateral Raise
179.87630052126016,157.56965688570165,165.88778898397277,131.0113426487784,166.12363818095352,99.8387636958142,9.747748024334086,2.190056131932547,Lateral Raise
177.25820025686198,157.3267919769744,169.4543244757116,116.64666801215954,164.99644511773053,92.26242558151564,18.938584756376745,12.134344644247824,Lateral Raise
168.70501532310365,148.85778897525265,178.6146608022252,120.37496384318798,155.2983495913524,59.81276602397458,36.51937779070244,39.61685657962742,Lateral Raise
179.90167835873126,157.47134870921235,172.76624538874955,152.10749529709463,161.52092396941086,13.56040378881387,73.86265719917554,87.85882500526212,Lateral Raise
177.39878405864718,160.2818284082656,171.53410725789098,152.57317296971362,162.06074182936138,3.123832478614933,78.56624815500625,93.8760016843459,Lateral Raise
173.5793712688763,155.93739672087085,173.2753040352067,133.4495838387806,164.49778843419702,45.76548347618683,51.06960674243748,52.47215732340426,Lateral Raise
166.04286771763572,142.88551222743624,177.17718665447816,123.52260420472616,158.33000367203553,71.67888350150254,41.443749201959534,25.013063213489055,Lateral Raise
172.90565860298204,149.072842075932,171.37351023815,115.3286470938913,165.10789750596214,93.90565847788557,23.641483621237597,7.879831201639634,Lateral Raise
175.1468455391504,153.52899672623062,173.07735580365744,121.873014426675,163.1861381399999,97.01338580741704,12.928194842357854,1.6484512685828754,Lateral Raise
173.63186709934172,154.4066206481244,170.46480768517134,131.59371035611017,167.89618979191306,99.08541167422662,15.172065589628472,0.3540282194060505,Lateral Raise
177.3748425050699,154.78524260098723,171.02748303778515,131.04372145018414,165.004809999409,98.51960841057831,14.93582661743446,1.2926488327570076,Lateral Raise
170.4671104784814,148.96523935632288,174.21087999980926,116.2236979542865,160.67465675294133,87.35734868984996,25.21310746502921,13.34018769280449,Lateral Raise
168.0363085699044,143.90244231105066,176.07514642476107,117.02981548278125,157.976458840425,50.911467834720035,39.37653858979012,49.80004056109163,Lateral Raise
178.7033258592861,151.06389307020476,172.40265986979458,148.50246066358756,160.34773004955497,1.488822292929158,74.83148773119667,97.70028137353168,Lateral Raise
176.12802908721906,155.4614173222108,173.79784022396524,151.10518299542412,164.80064086437548,9.421574018690633,72.56887616407184,90.38513450807002,Lateral Raise
163.1170388839126,145.11845064700225,177.98547050501128,138.9887391239664,159.19634757414755,51.56700565221911,58.01018576932903,47.80948959825862,Lateral Raise
173.62711323517624,146.39458322247043,174.56266533535043,126.96413776343124,161.8519073636088,72.51381343877036,34.90006322007184,26.211341775970187,Lateral Raise
175.93517671756894,151.90787678658558,172.1303822688929,118.44062898921251,162.93468052834936,97.40903196677854,20.32326384797782,4.3289633096375395,Lateral Raise
173.99793991148854,155.0924193395736,171.63046351087024,126.56804055304896,165.81125193008785,101.4249539456038,15.581428600982278,3.9283487620560207,Lateral Raise
172.9805360475667,154.2809068405822,172.60061468271894,127.62596849191108,164.46291029459582,102.80763933559072,17.06022891089041,5.530256495362518,Lateral Raise
173.24287569568523,153.01123612505071,170.3717048990741,128.95108662630528,165.63432806162015,98.51659245269424,19.882378471974327,2.37770618015652,Lateral Raise
175.0951750939666,155.0786954427356,172.25808739059423,117.79738828797625,166.584122036105,70.7693471111016,29.332965791598394,30.632025509708004,Lateral Raise
173.05596227550654,143.33825986488725,175.4046527665186,157.74641392236586,159.97036968347226,36.66190176932522,76.1516270146047,65.89393913793236,Lateral Raise
174.17699105568028,157.7198642174343,175.17849307660387,148.78835357250838,164.65570826764605,5.725576640214397,74.30628897355315,93.7482672822196,Lateral Raise
165.92758903876262,149.47153806547533,178.14694837975586,165.6832515636877,158.9111791001401,36.285550922715686,78.89527945055967,68.48864133556104,Lateral Raise
168.35342849483936,152.75007635072913,175.79972931194726,120.67982999495578,165.83136747479446,65.21035701631553,30.00543984284281,35.830949901038984,Lateral Raise
176.56197509573806,162.658047161363,173.5319271837013,119.057353614907,164.34366472771828,95.7985423228632,15.337407058788726,4.064728601134397,Lateral Raise
171.2256334679062,157.60930219310708,174.5426680349657,129.76305960015492,168.5460406470776,99.2521787886846,20.47684787109964,4.576497071294434,Lateral Raise
175.5260323715561,157.67112546289093,172.4183242553672,142.73551679123216,167.97053329180667,99.89302121070588,16.803204597510472,3.2632794985561215,Lateral Raise
173.42636746428985,155.4874218354711,172.66876044145766,125.72691780624686,166.81466602097558,98.28692075390528,24.92299284561736,2.0958831737912607,Lateral Raise
170.62402755873302,153.35284892469704,176.66716652799997,125.994353948737,159.7962376826107,68.79474885762384,36.32870307836792,32.04274761655145,Lateral Raise
175.24392883446097,146.80308917476853,173.95502791461652,160.02058132308656,164.07040982449467,26.508695747119077,83.3676872393769,71.446161507442,Lateral Raise
177.8840542690919,158.2080934693317,174.83656506160852,143.5998586223568,162.58150729914593,3.3004462849117875,76.76328150592629,95.40189619713134,Lateral Raise
171.58285161832006,150.949463931368,174.99457486041814,135.44603882524805,164.5126503756032,37.42097971037959,57.00166967071725,60.10795797826441,Lateral Raise
168.82129889108296,152.41123583478702,173.49512109367,122.94142405515598,163.04693448195968,71.07564835384684,36.99500134249384,31.179886853573183,Lateral Raise
171.86890745276224,149.31653934225253,171.3761247770049,119.7162115160691,162.84446713710838,96.20603114246802,22.44297144965254,6.168126728319128,Lateral Raise
170.7758450621947,149.3340169164551,172.02844168212812,133.37231145203648,166.28700234478254,100.6206893872568,21.094526106466695,4.048248591572607,Lateral Raise
171.1772416797535,150.4457523322611,172.56498066570097,124.72793566426203,168.2253999019689,100.40418891902844,18.470184373686152,2.824274260874,Lateral Raise
172.00503595118764,151.16619361478956,174.3009717187503,114.1161686268892,166.76240748039663,93.6467751809492,18.290666591336265,3.5593707730821444,Lateral Raise
167.40530982069217,147.90574429397662,177.65520769463004,114.96751799396908,160.26897290515953,72.30003561909226,32.0592140675732,24.43093261760122,Lateral Raise
172.1270795843986,153.67956644942402,175.8147361886011,149.06991798437204,159.72407635038624,17.954687800575872,77.11195833370435,80.72279950761128,Lateral Raise
178.5592000654209,156.26151108844994,173.83248222871538,149.08099099237575,162.99624577089637,4.852986513083183,76.30217680133255,93.09514567019576,Lateral Raise
170.89329232082042,148.0523360047759,176.89282906713603,130.16719084287882,157.05897420786712,49.72119656622798,48.962138499820504,51.015774165952614,Lateral Raise
168.95399219778065,150.34322276567949,173.45811744801338,130.9792212858615,165.93086150758904,84.79176409173027,39.08303568986655,14.184457169570674,Lateral Raise
171.19666058927294,150.64424164805598,173.66482073533865,125.04181347653896,162.9422233494068,96.7373150201404,26.040603913232314,3.0770726425055934,Lateral Raise
169.99039499460923,147.43496919670852,172.73491002115114,127.63081558820744,164.511087727204,105.51522995771748,15.219046416589944,7.465291026199373,Lateral Raise
168.60062749869604,147.1067570146642,174.75387691699268,122.42621020508771,159.18619259108007,103.80530239657809,14.123536440233256,6.449772209203523,Lateral Raise
171.35751780658222,147.862534467288,171.57269108094303,135.13453322963807,166.98252774388394,103.93701967177915,23.4900006449532,4.736414810363645,Lateral Raise
169.93523625414986,143.23384850759243,174.95106930419487,117.68982066673048,161.86349521889298,82.84206917070404,25.98010682341885,15.742762801711953,Lateral Raise
163.9898859055179,146.50421179654043,177.46048890541454,130.43879021591388,159.70385673076512,46.22663451084719,51.06832352720099,52.286857021697976,Lateral Raise
172.00256305316472,150.71640811972912,176.69035164552577,143.915602242353,161.27697322996784,3.6158003148553526,74.50446322315725,88.65089270918723,Lateral Raise
174.59886971391327,151.6813040200367,176.28299906649076,144.9748309373409,162.45508548905065,4.02468681018989,74.82863032767419,88.74062519325646,Lateral Raise
165.6688562395884,142.14214167170962,178.92485732520834,129.98856040645728,157.6499262810464,42.26108169193898,47.775927569617366,57.28930644757449,Lateral Raise
168.36788378733914,148.5708424535816,176.8243096615821,117.67612999700468,165.6391348737166,68.26466692200034,28.8413053600248,31.324490452680475,Lateral Raise
167.96501417745878,146.682932787736,173.54177114455462,126.72694188538692,167.35720037007172,99.99702877159396,22.877712200620486,1.557227402535155,Lateral Raise
169.6287256932021,146.85323347310535,171.77189707534183,128.37688344441207,166.92265603121433,101.9290318495401,15.066955533605146,2.1727130301153945,Lateral Raise
170.8991162538535,147.9194726835072,172.72062466762569,129.6211104476795,162.13281338609767,102.80955726311107,15.083721908072263,1.9682395306958669,Lateral Raise
172.6731547693873,145.40939398908458,172.43806732114285,125.33230205605189,164.9636516356935,98.8310416665536,17.30504530371164,1.1752688073527706,Lateral Raise
169.98173509642558,144.21547059854217,175.04331800257805,120.95804362152796,164.06481575511566,77.81293872396155,28.566613220599084,21.830355294210616,Lateral Raise
167.21327751561176,141.15705991493834,176.93498575504535,140.22501184804565,158.86202884632775,29.426425955496136,63.33688632600957,71.43249176794214,Lateral Raise
166.3958389658054,142.90313200191662,178.36120700419906,144.73118152397583,163.62285662927454,8.129828363729164,90.66407497071928,97.24553631969036,Lateral Raise
174.81002600572302,150.40546528895555,173.95227224163185,21.314532589429582,160.86911108055656,12.951150950807994,80.95437523282057,85.46651720660154,Lateral Raise
163.91939191949734,149.02798688671737,178.24587182713725,118.81708589870304,160.05620220006512,58.2773054332979,39.9003197034901,39.79045342185582,Lateral Raise
169.33695042548763,152.19905743069776,172.9718095060991,112.81730090268664,166.79099583130434,85.98415493457443,23.068400981399968,18.34731436033451,Lateral Raise
170.2711245057319,152.69914564996958,172.51480665225307,128.75349433327588,168.47496962705378,100.58099950399873,13.785509787455224,1.1365393623177054,Lateral Raise
172.81348869713688,157.42587195048168,170.91026553460784,128.31036824544017,170.71221763957718,100.47121917984424,12.8320795950289,1.8265800168121336,Lateral Raise
172.77705492550265,167.74471514782002,177.34007506007558,118.74468188031707,161.3152287251115,97.554088570605,16.61329689520036,0.5340902129875689,Lateral Raise
174.44644019005003,169.94380012813204,179.3880203444378,111.81528239326089,157.78287323633523,93.93965459429448,12.64720167761732,2.5838963890379456,Lateral Raise
168.78977391824438,155.96430307186608,177.7537361305883,134.69630271028748,158.70865437951085,97.37485267184832,17.033421066516606,2.4538918218425225,Lateral Raise
163.94967120838075,153.17760631955898,175.76398118975885,131.41685235906854,162.48533000256347,69.50825613996632,37.92298963082126,31.551344154524596,Lateral Raise
174.51167365405215,154.6457294731544,176.758641104408,140.7192090396073,161.54632826387558,17.76752641909467,70.81969447579561,77.64176772499286,Lateral Raise
175.87060718280154,164.46533611408427,175.7281234045746,144.55533949104918,161.94975603943325,6.81172925879685,72.65671740551072,89.97835301935594,Lateral Raise
164.80143831938082,152.91106786409037,176.26199928439087,118.01543503753336,161.87997618131115,57.48565103871831,35.76068115129019,39.986602886043165,Lateral Raise
164.36747557449354,153.60439428311227,176.74749264698676,119.04485695500198,160.0185540913248,93.5188581967115,24.412754969669656,6.897145715804631,Lateral Raise
170.1009708414605,152.7063484099362,171.9927384919731,133.60130978402148,165.37287094555842,102.27877848901106,19.114136895066064,3.9189794716144233,Lateral Raise
169.11802003893396,152.5398799754038,172.61103579868728,119.71424620410338,164.4814411830819,102.5478786406996,17.107635189402405,3.710156662756801,Lateral Raise
169.21206983776673,151.13031957066622,172.44197295272087,114.86264500957334,165.48744153688534,86.71027579012318,24.372199462636733,16.5173002123228,Lateral Raise
163.73734380473866,147.91120947929474,177.15911960299204,140.32959017833596,159.94210143459037,38.24382328885914,57.00502466193026,65.40383799005534,Lateral Raise
174.55513080241582,158.18577901296095,173.97637806652494,148.3747185142644,162.9177622735934,1.514359161556535,73.56384473578086,100.36623786843998,Lateral Raise
173.7638739489238,154.35127499858697,171.69391141734656,145.5640415371138,165.73599293896336,27.311808872207447,59.84812863864055,77.78881307277395,Lateral Raise
161.4639467164617,150.13795985956884,175.4537988854332,121.01400432982528,162.5474885606807,59.44594490673859,30.497277548766657,42.32882212019375,Lateral Raise
170.02707540025813,150.80735055167418,172.16241186735556,120.10719066667032,164.8456114369011,92.18647430919675,19.82711352472368,10.01699295627075,Lateral Raise
170.2599883538564,150.70035561260036,172.43443891747552,125.37500249753444,163.025255203547,100.44795800412348,16.17993706328482,1.2488272383480112,Lateral Raise
171.18582959068223,152.05432235034198,172.49521286972524,121.86453699305784,163.05030898069404,97.63173623285766,9.85150691640644,0.0033827711412085706,Lateral Raise
168.12920311364422,146.93814673465258,175.16275279970083,124.68665014471982,163.42204045067948,86.88112484210318,24.86578019802184,11.627834096726824,Lateral Raise
160.43019585141346,146.45978061423145,175.34078852891466,119.55320381486524,158.88496684676105,55.662944684427025,33.57259012348156,43.02085888882037,Lateral Raise
171.95134167604826,148.3870154939537,173.77098685998985,151.21079402220988,161.32915055714227,11.359478397145075,81.92496984268965,89.97206920617582,Lateral Raise
171.3303911276854,148.66978186417575,176.0944193551669,151.43644062173135,161.0844006242237,0.2929925806160777,84.79260227490654,96.29985400368015,Lateral Raise
169.31654697408288,145.09953903129957,174.8078205253884,143.4797101291084,159.17795732077838,27.02988942854856,62.981570619353946,75.8298104000371,Lateral Raise
169.65692842050697,148.09605234339583,175.5071017241741,115.08280337943587,161.6234449323224,67.31496782767101,27.710867067712027,33.39759908065367,Lateral Raise
170.18846310854414,144.3142733378049,171.40259982574878,120.14335559759928,163.02770552097095,93.51875170922467,22.02526670222649,9.34941703103981,Lateral Raise
171.97094824830884,146.7927427472579,171.6990455249189,132.09019176709396,161.1642442642735,98.27296627892382,16.332348358501893,2.4230109642364432,Lateral Raise
171.51108802478038,146.36340661729147,173.2161608445018,123.18245166526548,160.22728638294123,98.3528590215008,17.56746874003453,0.5449530954863547,Lateral Raise
175.6786717493731,142.86987674893217,170.90499137961282,124.85581468418432,162.46911537454514,82.14002987533514,23.204084649387298,19.70697450992788,Lateral Raise
159.75795967677607,145.3734452411932,175.67680487270908,131.2555674381104,161.73725013959748,44.59824492454813,47.011113137153465,53.80292360353788,Lateral Raise
168.32102762446482,143.68789121588253,177.87223183485364,145.24550341446846,159.20384898188834,3.0641993613944902,81.75782786706907,93.21871548623426,Lateral Raise
172.46687066728023,147.18929769774346,172.5596500580675,143.50717283730285,164.81533047039446,18.62728066731373,69.50878490866175,80.03177686041367,Lateral Raise
166.2753627376765,152.1440199526708,176.977416689388,114.76475765868196,155.79640073247225,65.89285709272767,31.162263277330982,38.70901231906685,Lateral Raise
170.00625708311165,149.2812751646136,173.4706499743112,119.39641735159394,162.77550248276395,94.3849082105108,24.327119418880855,9.12899918474999,Lateral Raise
168.09159563488666,142.43089047016423,174.7739247703967,122.09240366166227,163.42719211765373,96.3341556505964,9.70750634658103,0.027970844001912833,Lateral Raise
168.29139334859534,143.18842137472467,173.577164760137,135.922914173432,165.91468483257813,97.95685531131224,14.53254497162954,0.2385884391385104,Lateral Raise
170.18173397774623,147.4883172541895,175.20177616295894,133.31902277606028,162.7489207463384,87.38930860653622,23.220789433077375,17.697873540261583,Lateral Raise
162.8925659437284,147.79137116427654,176.55256604055708,133.5785683254194,161.32344242057854,55.90808864920149,42.92940166428712,46.72598479545771,Lateral Raise
168.9118363730958,146.7065815276628,177.6564990121941,153.249072586564,158.69739931779463,10.105047227182895,81.99655959140587,90.6529854816178,Lateral Raise
168.7382702385833,146.729565457147,176.7729644276083,154.51234232495207,160.2927225642869,9.047167268595086,77.29663415889009,90.89006605804356,Lateral Raise
169.63354399837758,147.78670801648616,174.02517608797987,127.49989124587847,164.87362331719208,66.64314710442794,31.85273223560224,44.39301061797243,Lateral Raise
178.8697641900587,166.7534535752826,172.80345187153517,127.4347461373414,166.55769956020737,97.67462809071876,10.878730231684695,11.399127337117868,Lateral Raise
170.1597286763331,165.18315493527058,168.78598002828411,166.48515806868423,175.51113887907923,102.25413519660762,20.87610386181308,16.45382849338958,Lateral Raise
156.035353663024,135.79938555270772,166.75152535213363,174.23429420178928,178.31288506621246,124.8804317281592,18.912854618815302,30.54246348560348,Lateral Raise
169.05820987972157,170.52178948433354,167.56236544720866,177.7067195819347,160.7033555358468,152.67556355089064,21.81615487036123,25.953264863187496,Lateral Raise
165.08350451316363,177.53355427486565,175.6880041940124,174.2654760758419,177.41271963373427,142.56055360293064,22.003755031941942,32.773148102060155,Lateral Raise
173.3475890033404,170.77950350053808,163.87645576791132,161.64015878827598,176.20163720813832,149.97993454489452,29.35623267108272,52.93977446760292,Lateral Raise
160.461503859433,162.22587160696415,166.88130311656187,163.0000827280733,173.40855131132008,100.13996919664189,16.68159034802158,52.33942472284147,Lateral Raise
158.87465138180053,167.3639151352514,171.27709990468685,153.3299452964116,174.89523891294735,173.71800844528389,19.04776345868501,40.608932326501765,Lateral Raise
154.82219139800668,138.12236765475075,177.3016194997321,149.0599587761566,152.84001476961436,177.90550221535483,6.1117838859576565,27.14950912118223,Lateral Raise
166.80230476365278,136.872495359206,165.32239985014664,165.28526379510737,122.98774812733244,160.1973768089795,7.9710111561055585,6.541294820665907,Lateral Raise
136.822692142309,103.92366610714453,135.2760404716448,166.48375840043357,108.3340645240446,157.87386209800232,11.279134147384458,18.416579758622376,Lateral Raise
175.2913909280092,177.1730152463801,168.50395906834578,132.45757294824432,179.6314095260063,149.95506974380294,19.31315711540622,20.64228170634672,Lateral Raise
171.48499870132275,152.88910323237235,154.89442075640312,146.5161057866936,156.51792545475286,157.40359262795337,1.3853838946698451,19.74742327009546,Lateral Raise
177.0085124287939,163.21450960911596,157.2537537263273,136.85856309218232,138.7688492115728,122.06723032132984,3.288230885046511,2.2955044916303904,Lateral Raise
168.94298077893646,158.21184299789527,152.11003154329168,172.94198315969862,118.57680463297226,99.40732687892208,20.97776040298539,14.413586309432755,Lateral Raise
179.6623959514177,174.89750777520388,178.8988144592997,176.47853643391215,162.43536023425287,91.28825909126556,25.75098370842555,6.066876239383778,Lateral Raise
176.1463004297416,176.65716167138643,176.98319871530762,128.81691191837123,161.39048913821884,88.7228985107489,13.54236694101699,7.666274572996944,Lateral Raise
177.0106389395173,174.72405010454236,178.62122034354866,151.0342777933269,156.33397218986465,86.35762931742329,17.949709826019397,10.870859454747244,Lateral Raise
166.77881512790933,175.06849391152136,178.9501921698101,150.71250350077537,163.7478021968182,93.71766086692034,19.91187736511184,2.264146399483603,Lateral Raise
170.60154642859106,179.43492507716684,176.93147377397798,70.0126714147777,164.83843295284436,90.8640228842657,28.208703569409668,7.25295659178028,Lateral Raise
168.1838742803233,177.91389124294784,178.84164595402163,29.015563005787897,159.37277994919214,134.3789537594928,65.70990414469578,53.0660960375086,Lateral Raise
167.19622168710492,178.38071123299594,178.75725572345837,165.11955313978,159.5043621186568,143.6298071149105,36.10410085060809,53.16956343968898,Lateral Raise
172.87779185573308,178.68841603203816,178.93331545454615,51.17375318822083,159.68964899960935,112.06581556464307,41.94497818308373,20.438186291314423,Lateral Raise
166.99926108255397,177.7397741874751,172.89944443697138,122.282842781053,164.04828810605972,112.08755124916802,20.39239185144856,13.802293874054865,Lateral Raise
170.56249088586162,174.63063044507103,172.93274245982494,117.1617166748998,165.08741160029825,104.21732072257056,18.426979109747503,10.682756516244703,Lateral Raise
169.82260218947732,177.47097128457565,172.70008105647202,120.09053293424404,164.6992844127412,100.77946612845916,17.955953363524035,7.338970736224404,Lateral Raise
166.81085218177213,177.52766931602542,170.40144425482225,132.4762047085396,166.29935514237758,102.54738057562489,13.851715067648929,4.590575236364782,Lateral Raise
168.71958825467905,176.58821360025718,174.56801514614946,78.16818044274191,164.53317862968055,106.76882835269032,25.485912326493683,15.20818644310867,Lateral Raise
166.07978694911333,179.69627080145955,176.1799393916448,158.89896568863358,162.7644179423737,155.8857180938888,39.30603598915103,67.90416744098178,Lateral Raise
164.38534080415326,179.56099679227668,175.4062634833323,162.89990650205047,164.0935921815084,165.66650307797087,49.52101592612281,76.05426908161172,Lateral Raise
166.3355346725476,177.62684819527018,174.19389091992866,122.99533877111853,165.83257456547656,128.81377914979035,50.61127754505887,44.58233376183556,Lateral Raise
161.88752642921426,179.34039670917664,169.50410285542935,124.57057939221376,167.53818205441982,93.2386522185945,31.835127595977095,0.352108240041162,Lateral Raise
164.4882972855279,176.33461342246403,170.67332810293823,135.24904742737328,167.73921360237512,101.6207765539749,24.493458206122643,4.5359872309599805,Lateral Raise
162.92440058266814,178.55203082362422,170.68555075796004,131.30053524264187,166.80066232783685,104.98706043726112,18.41947615763665,8.381703369559618,Lateral Raise
163.75418702418142,179.77756569199266,168.70525001314218,131.13077443841243,169.0944763121,106.14787707891269,18.081883433686873,8.683502430212359,Lateral Raise
166.17266820042136,176.7941215465326,169.40277936891184,122.77396784697646,168.22086742109286,101.64568220629272,16.34763154378957,2.499251864535905,Lateral Raise
163.659911847477,179.81273531047512,173.20224473487804,135.53107927032192,167.5911579847992,119.6000986702336,36.05547764293028,32.99382667275787,Lateral Raise
165.89219957073394,178.88086345708618,174.33694115313153,158.29957503264126,162.9714513671995,173.8807355337479,58.429047148491,78.89638714626298,Lateral Raise
165.0262356958335,179.1196959078526,174.1382153122508,175.39652561939485,165.35643693956666,167.66217904051177,57.25182980287389,75.125809136692,Lateral Raise
165.4944339562688,179.07278053880668,173.18207817080224,108.74212494168728,165.36036826857796,106.34200912002038,31.674519989680245,14.83718271630933,Lateral Raise
164.52169259935226,179.13693807040406,168.84620246762472,123.9340598338778,165.93252182517617,97.7106573450792,21.60686338154236,0.1871132305864716,Lateral Raise
166.08279657932465,179.49767375592205,168.55240221816285,133.80205154794984,166.32642356201907,102.77156938502137,21.882353130659503,3.8559380085046593,Lateral Raise
160.917879528429,176.9614180861517,165.4290971956619,157.89007802089165,169.5637255359644,107.4209912486148,21.204634100604796,8.742194142666898,Lateral Raise
164.96300276004538,178.80680605402094,167.15191067226857,142.73165875299776,166.50364447387403,103.8585845627289,18.516286178849946,3.845315918543417,Lateral Raise
160.12605772709625,175.03098496096888,167.3308461487185,148.3070562886464,169.27952339861125,101.33890977483232,22.840096552265997,0.6913728056425544,Lateral Raise
162.16655078020037,177.18067273589216,170.72442578923307,146.06890118550675,169.00180310521446,118.66548991534188,51.175592246940994,31.37032775235216,Lateral Raise
166.28441511131703,179.30595897161407,173.49757502107565,177.55582625572427,165.6845026753871,170.50235978826956,48.45414263681097,76.00337182743642,Lateral Raise
163.7797127350969,178.77765702099427,173.21893009438014,179.0466599510128,164.72837213198886,171.7883471283611,41.62641660435288,75.7723366255394,Lateral Raise
165.4704669330487,176.80814491942473,171.3271603084048,105.09647800361569,168.01460105865198,111.98253276113006,36.7766543106786,19.74679222098516,Lateral Raise
160.29769755919872,177.59606883490764,167.2533515472127,132.40109199866814,168.41970375711284,101.02516724098592,23.908566017504697,2.913065808518213,Lateral Raise
159.6047111848879,175.02814776840023,167.4729052437108,131.86686753283914,167.9928564090238,105.46985967185071,18.55099125582788,8.375840791908233,Lateral Raise
161.37788956401602,177.01194227976157,164.15079394063704,177.71793202896836,174.6384394389478,109.60592127331763,8.143448760051564,10.983254325921193,Lateral Raise
163.0924252754197,177.56884371889342,166.42202028129762,176.73718880463676,168.03261781892115,110.98367292650704,16.854840675405235,9.634546025587444,Lateral Raise
161.74036286907915,178.2056865228956,166.93404699396174,112.80257226912764,166.90379048036036,101.59735333277456,26.77429500925081,1.430663423498261,Lateral Raise
163.98987717943467,177.87674127323248,171.02649661702617,171.02221160872773,165.46819840838512,127.35312949222087,25.17827518210899,32.58668464818684,Lateral Raise
162.488635452539,179.20924982036257,172.13117921610052,173.69504849554826,165.54982155613024,174.61007689264537,64.35262371576204,77.52238807788065,Lateral Raise
164.89043326273537,179.26370180297675,173.7983010215788,171.3594686604479,166.7202426062891,153.82696245047214,25.03368104302443,61.78245178787061,Lateral Raise
160.9524748523924,175.017509932078,170.4194210269661,131.61805838412906,165.72304753860078,97.6724952918454,40.245542026634766,1.6614789924008604,Lateral Raise
161.71325112362337,178.04884004276684,167.81217766581395,128.10209352836208,169.07261413707053,105.32461019207004,23.78460306988545,4.9595470306552665,Lateral Raise
165.06582047610266,175.37551181874443,169.37056148238182,106.82430281801744,165.9258220219811,108.96777737343037,16.572410486459084,12.127981189708295,Lateral Raise
174.80181039975335,179.19195847395034,173.4949876349732,126.39968873618342,161.87490098643988,104.077454310355,23.879735039369574,8.31344858580689,Lateral Raise
172.61721071592248,167.18595414208696,173.54474836142387,107.30918006402403,149.6103408214171,92.33429716828144,21.320418449686915,0.4829850805668772,Lateral Raise
171.72103743064483,178.29970156937884,177.74145157490554,123.43473071909624,163.0197376968365,128.01122044120288,37.165810558253845,36.949079735103936,Lateral Raise
174.5344428714561,169.62142831619656,171.67184500843024,140.445850343858,160.40517581840368,172.9076315350613,52.4894030114264,88.5777944018622,Lateral Raise
168.3131296953271,179.50853448316366,178.3166226817642,57.22597665532015,165.75335671649336,141.00386516836582,48.82016445048673,63.6271803539842,Lateral Raise
171.26127280511434,176.18631087078276,177.82438817138666,114.76237825470687,163.66745583741073,110.45498922213665,36.62752139053971,16.93928755968181,Lateral Raise
174.07928942520903,174.87011173370465,172.60898980658473,127.48046513384357,162.84742040514695,114.033195923026,24.157611969294805,20.46392172563029,Lateral Raise
176.09841858550308,168.96018165597806,169.06312832330934,97.44061181523696,157.96086648319144,111.71466176194596,9.5677100518747,23.724764929241744,Lateral Raise
178.09077409655168,162.16285321528326,168.58143565910154,104.93946124655034,149.77151325185332,104.84381154286044,6.8080326034733565,13.462307704157444,Lateral Raise
175.42817487392236,157.78783719575512,168.59831918493867,126.45241110164667,149.15939236133948,122.20645047300128,44.56283177495493,31.93235336091386,Lateral Raise
177.98953783164313,159.71275752895298,167.03718836501534,165.35391945155652,150.97122718228746,163.90903424522028,31.633317546795233,82.32903870293678,Lateral Raise
166.67062829444507,166.2649343941941,171.22618399501448,173.71859786140772,151.0064270063224,159.2640998041099,37.31302781222183,75.29104572109908,Lateral Raise
178.15997030097762,167.1432757424619,170.99708210013895,133.1529289727698,151.64258179431215,130.80838287021297,50.26673345667532,37.89544011391165,Lateral Raise
177.7116614642082,166.3130995904656,173.1049247673742,118.58998221453837,150.8754470013818,115.90164490803336,20.760969281296752,21.801022104112636,Lateral Raise
179.21350345135005,160.0478442639833,171.53888302159368,117.9521701518162,150.60199557657626,119.01455341208752,26.21941338569148,26.052262020877897,Lateral Raise
177.0854793089485,158.17144897288244,171.0938305961916,116.3895662178095,150.65985618301025,116.3511101235958,14.760137091655285,22.73900279254052,Lateral Raise
179.8569093744844,161.2870380144708,171.98605574086486,116.61672586564966,150.8802295843278,111.3893521314094,16.525851237897292,15.988198743365636,Lateral Raise
176.31509703048758,157.82754190481134,168.1872489119192,117.45619631123668,147.15934081854272,132.44900601354655,25.647413873879568,42.01777325886677,Lateral Raise
176.64576006682412,156.12494578512664,166.1279518100759,174.57666247458005,147.0815266118364,175.7607504427023,49.23317632080492,91.232732702053,Lateral Raise
178.3830304068122,161.19240075885145,168.55396113540306,165.95701698927013,144.6854223658036,140.89207292423302,37.44148346828782,60.63985693593414,Lateral Raise
175.27736264330784,167.49808482461347,172.82036879212075,143.32428637717553,149.09922474145102,118.83015015174009,42.47604475422479,22.304053196648116,Lateral Raise
178.42929856853144,163.21864082126248,172.75223055956425,118.1289857799607,147.1535462421981,118.0045837498388,13.841487061700642,18.470771786074565,Lateral Raise
177.0847643322532,164.3848497240881,172.41031160560544,111.9518987482778,147.5886816672172,113.71744881226962,12.444144143516043,18.624156251037448,Lateral Raise
176.70147635294742,164.94364381668166,171.79205635094834,104.01725438514568,146.91731645785867,112.45940124858876,7.769918219862274,17.275931942256598,Lateral Raise
179.99996535906914,168.45979758870686,174.18857724291527,111.46777917705336,148.28235023092083,113.17930167410788,10.720282187909476,15.814358305201944,Lateral Raise
178.4504012917864,168.5871452727471,175.6263274475957,122.04893842719638,151.6317728065468,116.84099176536112,34.17003305035728,22.214365429962637,Lateral Raise
177.40702988305765,161.04061101352178,168.38326175676204,175.98298393331683,151.50120987841296,165.0043554796836,38.30616066174702,78.92403156130557,Lateral Raise
179.44951676441323,157.6530899246804,166.44171970496748,103.127132886774,146.35832664347106,177.35673544322356,60.00970332493626,88.82792527907144,Lateral Raise
176.4357516084592,161.6161766597984,170.40453206364933,171.35423064376232,145.38935694049786,147.63318497727133,53.0993912642378,58.861338641769606,Lateral Raise
174.82150390032646,171.53578330571224,175.90129900892862,123.50908226971656,148.73762292102188,118.17059308349285,22.350614911981353,21.290671206409773,Lateral Raise
177.96385769068397,170.0091222480266,176.5153318962648,111.5730433320855,151.26868621178355,118.87562786072048,12.82224003360581,18.94445564532728,Lateral Raise
176.2576818943562,170.42400648315746,178.47420147040643,113.56882649277756,151.09487382471008,116.2226345517984,11.50130089421788,18.311070378562626,Lateral Raise
174.7189278357148,167.93753097210367,179.374592039248,104.77353632304283,155.47434377946763,112.20792518451957,5.025209059042473,13.358913526065065,Lateral Raise
177.51853444837144,168.5118086637635,175.88658551466247,124.28463670130566,148.31797671778153,117.21375627681724,21.04740367303944,18.463698915106537,Lateral Raise
178.59251833969478,165.4778644747251,170.11548265043766,123.70941433152264,148.2872113098767,138.183969281046,47.89368358363913,48.11439205294827,Lateral Raise
179.27889907905376,159.4392957670121,168.7264618341221,139.43939195410653,147.36363443121482,178.08784476719055,56.218206338469614,90.50810971923876,Lateral Raise
179.83007855912325,157.72610078948415,169.27327315811155,77.52646831172366,145.06015066577754,166.7442899039434,64.5767260325243,81.90564546762036,Lateral Raise
177.294251282808,164.0897147675792,171.27841324973028,177.72432602798017,145.41416153963635,152.5994693566359,27.842502645819355,62.25038733529761,Lateral Raise
177.5815898184579,170.48309704348205,176.81963503871856,130.33098001821332,150.98997505994348,113.41304585665128,29.22235399429944,15.743666112780604,Lateral Raise
177.65508504345252,172.07821168915095,175.1469315863507,141.93672537125323,149.54354655396256,113.2570614158526,26.20694384358469,12.619038847171748,Lateral Raise
178.0112907322677,168.61869267213336,176.0629269458668,113.07864583759572,150.90923110774438,109.32351559754636,9.981279649084351,11.270201142879312,Lateral Raise
178.80365703311818,164.35915085613877,175.77772354971063,106.72779664257098,150.26018331337838,112.73276021677223,6.547544636796838,14.885366922707654,Lateral Raise
179.07552397661618,166.16491407936027,174.04697459366787,121.52489574554572,148.89466565465585,111.16222966878033,17.96849886772051,13.534494344475682,Lateral Raise
177.11577576846045,163.7200002116102,174.2391565771191,114.5686968509757,147.1125317965246,108.60309682485747,18.354016602083767,10.655759935387438,Lateral Raise
177.84203657734818,164.7099180801229,169.202449268581,125.16862721477162,146.84030753387137,128.10173567357143,45.01570727251059,38.8573283005736,Lateral Raise
170.66341272737998,160.99652796544237,169.72479051626195,143.28847548640334,145.72729599757017,161.24435777692128,56.19877482881475,69.94275201531292,Lateral Raise
173.38732965383886,161.10625446406888,172.56655096084322,155.79826968773895,148.9270838892383,173.15895590617373,32.812998221910775,85.15168040838259,Lateral Raise
168.87531443831813,166.25923590187764,173.7455638766348,176.3615998184862,147.05790398432825,167.67021198436314,32.627460007775404,75.55342496298711,Lateral Raise
179.3290808471317,161.96805809784746,170.19534158157933,145.88362247653578,147.74964656177067,134.44619653599477,50.16798856284652,41.753300468550115,Lateral Raise
178.5216769525718,160.37035639471088,171.52764796386745,128.3283695598094,149.0583442365856,117.14618639168704,29.64039595997765,21.601535655870368,Lateral Raise
176.20839157098226,162.63942951299515,171.44314118029317,106.58732195195805,147.96309205563725,115.74497198620008,13.179500967610752,23.03583404549976,Lateral Raise
179.94021762295367,158.96726082511796,169.67069934840583,107.22880593129992,147.74406526862367,114.81405092137426,13.079140061756954,22.863543860418556,Lateral Raise
177.01765479255403,158.48605311875292,171.4963639823691,112.79552103384968,149.40198141966368,116.32921375948848,9.450537223490448,21.055910274791348,Lateral Raise
173.94503308760588,153.84928595183771,169.09148340281112,126.8484748718514,145.9140582023836,120.77973401279294,19.792918312545694,22.6268972629812,Lateral Raise
174.55773142749322,154.24261617601877,167.54752404179197,130.95658889618522,141.17996804179631,133.74084409112365,37.23221679829504,37.05303115551517,Lateral Raise
179.6236194369189,156.98724705923956,170.42055548206656,147.58450578892516,143.03023012512116,153.0568614576909,57.46851174106237,60.59293772706916,Lateral Raise
176.01107267496457,151.01835672925623,164.37901663986062,161.47443579994834,143.9613697754003,173.36647401557826,66.8968290468767,89.31677942786276,Lateral Raise
177.13251725718007,154.71982603329775,165.95415566247277,177.9110259704283,141.37467638382188,167.47720058272162,66.24705707015694,80.33238208690908,Lateral Raise
178.73371599626597,155.87293219574025,168.14437577839806,127.08880819712232,142.8865821244188,130.84426419639817,40.90249702594867,38.46836505031829,Lateral Raise
177.88462178468993,157.49526280261324,168.42247912581203,118.7405324790166,145.67828621551087,114.24924303816312,20.311796476189464,21.16207456496212,Lateral Raise
179.09874436590363,153.76113369612122,168.34032100879253,101.7583276466118,145.80402992624593,110.07179682142645,16.295098116767765,21.516350732453784,Lateral Raise
176.60230890849837,149.55016208282592,166.91588974406534,79.97407409240932,143.3737376409878,108.45583302582752,1.9538165969852217,20.78832375618895,Lateral Raise
176.11861115621826,152.3767687764375,167.2269505368576,86.61673768052962,142.3038581271136,106.76194873777273,3.7646338478251256,18.775113549667168,Lateral Raise
178.51954622869485,149.28562074623488,168.40255283899234,103.53523350192168,141.00105574116466,112.70164330893142,8.027000329017978,19.31410306251376,Lateral Raise
177.45894676102373,159.73932562650856,169.2803946465052,117.13161092256524,143.88598931046798,118.22518267294112,32.11272424107469,26.866857952103008,Lateral Raise
179.87866239138816,155.13013499746648,169.7843757430569,117.57170200483124,142.71876124712884,145.64005343925083,41.92194941729219,55.29198712128452,Lateral Raise
173.10003017547805,147.81435344980153,162.82186994236787,158.10985652517056,142.77572259189785,176.15683733995783,40.44301830829137,93.3860359405797,Lateral Raise
177.53442323311396,154.2155144015721,162.86399499922302,179.4417724059404,140.8655156097041,179.1950560327183,46.424155688956226,93.31894274754568,Lateral Raise
177.1018226937792,155.1220296508978,166.30049410761018,138.73697532030354,141.3886225229577,145.12423984853956,54.78124868211693,54.30756824170581,Lateral Raise
179.23873992422196,160.14381364110693,169.08520397396956,114.98072369465812,146.45640234720432,117.02341751511132,28.37961005846321,21.282875092376,Lateral Raise
174.65558603895633,158.55009674297776,172.54858266196106,113.48867000534578,147.98658175980287,115.0022032104864,14.848312656197574,22.289957124599297,Lateral Raise
177.91038243580394,156.06928694926785,169.91349611375804,119.2733664324991,147.43103661720895,114.52136067494068,19.310658639063448,22.625984346185547,Lateral Raise
178.9246885119525,153.91680698338914,165.62728106563574,84.50953047620712,142.52195850887014,106.93771646007994,3.2943029286987864,21.452886676527772,Lateral Raise
177.72601197734352,156.86681265057288,166.67814764768715,112.9297230481354,145.11444847878116,112.9547283582557,11.95751136572964,23.376171533909915,Lateral Raise
177.0734722683038,155.77863207850447,167.60272014473097,108.34842234005208,143.02176184346072,107.7322138140078,8.607545725114216,14.716895583044286,Lateral Raise
177.997670935999,157.6234636464785,169.41821790529946,111.67380321209414,144.88708697209466,119.43253276615096,18.58260941809604,23.870737374659267,Lateral Raise
179.38308948322052,155.31814224902325,169.74192138732684,125.8927721455028,143.0169806449028,146.84431301367076,43.86680993915893,55.137198600796474,Lateral Raise
179.29581172083755,151.89772249741586,165.73833242456246,173.66094035291042,141.83994120458527,170.85949161803842,37.963972834721474,85.83191936174893,Lateral Raise
174.66894905992035,156.21777607517788,167.94619433156458,148.90234275108887,144.52824621173002,171.58328622621354,14.854865200573585,86.60613287168795,Lateral Raise
179.48681719697367,158.4191057738004,167.6896248564977,136.994769646248,141.60173574978427,145.81987960154305,51.842438042446226,56.0691436994518,Lateral Raise
177.90531812066817,152.85111716154012,166.97800500278626,127.62343806473888,140.58806566626515,119.74419174122576,30.969252431311464,26.460046838321365,Lateral Raise
176.6130214491653,151.02906820105676,165.84264416974696,102.8042817832604,141.9305381282997,109.23699652466168,16.856884286086046,22.497051748906102,Lateral Raise
174.00131417214078,150.83035481351675,163.1032926092314,97.07165598546884,141.4388789932945,110.0409159349524,11.969675745652667,24.96987356008035,Lateral Raise
172.24794273256728,150.12662494745996,162.72357436000834,98.37143919025152,140.37743684398802,110.60120788211398,13.578185966784014,23.38868169841445,Lateral Raise
165.79006588476247,147.80677259153268,157.31259561505104,124.49907724131414,138.89983263398918,133.88712286629587,35.85380612564283,40.809621821019114,Lateral Raise
173.44084696628698,146.19555843028672,162.56031637297014,153.0069457540905,140.6194017862764,162.45178357904558,64.64220899039698,78.95458304026985,Lateral Raise
170.91838776931465,145.57747066423417,161.28482000534967,152.00396013851275,141.0713606767012,174.16699779446725,57.52607041391603,90.6444538366911,Lateral Raise
170.78824670708246,151.63960899282483,160.53536080714932,132.7170627887008,136.22823059537004,144.36672877630664,61.58041512728566,57.07756890226711,Lateral Raise
171.55807740961842,147.78885197706285,160.29729382797817,112.6432283170742,138.666506472151,119.80587397768323,25.405574161004605,30.824793538812667,Lateral Raise
171.807484392994,148.0123451294971,161.92340736800094,95.21312915417457,138.85957218675608,110.66720644118897,4.6253372973954265,22.785410417867308,Lateral Raise
166.3514399664061,145.12731751764798,160.18616946174726,100.289332214061,138.18127984031105,104.27093143326672,5.4684132902223075,15.787500179832415,Lateral Raise
173.2630523565936,149.20866208745312,162.42252056851746,104.15717872529687,138.5244067532989,107.47931789669308,3.680523509805977,17.34824566992757,Lateral Raise
171.82109676726623,148.36358944769506,161.63304258305726,115.37828957106224,137.89880275133712,119.38213579136224,16.09336809781052,26.403813095031015,Lateral Raise
176.34677383054014,149.85519134230785,165.00339422643222,129.56020605629138,137.6282121330634,146.91088904906982,44.91616309517692,57.91663905919432,Lateral Raise
176.8339665791717,148.00412844012573,160.50298212480703,163.93459896098358,137.93287479672006,176.69265176918418,62.26838953106582,93.7635876297815,Lateral Raise
175.7121569128894,153.4988544348388,166.86136961783663,133.750344469271,137.9652735001432,151.01051407324852,55.139208473699746,64.63139073309944,Lateral Raise
174.6937300204103,152.44713561026308,163.85941120824208,124.44745466339306,137.34238238041854,118.10656862100237,42.33064778673115,27.843714146182037,Lateral Raise
179.92572500261258,152.3762888881548,164.17536928004697,107.86591866881533,140.0407591120937,112.31003432874223,11.98053225056809,23.9385154297192,Lateral Raise
177.4259756628655,154.02188009975717,163.59132805528074,96.96583111881706,142.11943655834236,104.71681154698908,9.366050968353326,22.069458236608497,Lateral Raise
177.02525112138042,154.13870982634367,159.52067705632362,94.10189637627396,136.4719513607029,108.14068004519976,0.3397618802008122,21.2337645082561,Lateral Raise
169.48168662487558,149.25083666486475,161.73777198116056,89.4797771122796,140.14006799377847,91.62540187742432,2.2974975984648967,6.404054140807083,Lateral Raise
169.986119236198,151.983526191933,163.46946329347452,114.72738917766203,138.0370598337385,101.0476507370168,9.40153261441009,2.4261404308449146,Lateral Raise
170.24599185474483,151.02256562585757,162.27908796562988,130.9572704724433,138.99327332577403,141.70389966660198,42.8236904540492,51.842207063573035,Lateral Raise
169.7502459676987,146.73176190124315,156.81216230446103,149.20037638508018,137.79411938702307,170.81200375745834,29.73881602376163,91.69431979964178,Lateral Raise
177.26238988055567,150.09864648820752,159.50007338981135,178.6446341565204,135.1898632820506,155.94493230621782,53.0280627251244,74.66057481922577,Lateral Raise
165.1721387218707,145.6867193277991,158.05176859420115,121.71584546703065,134.99645226784497,111.29482364797607,30.517626655429357,20.06975043129087,Lateral Raise
173.01771732509653,152.59388467737486,161.25547145970864,106.7873183615376,139.07672529929985,111.6960523381038,13.177510696152655,22.22085129471883,Lateral Raise
170.83346013811783,148.983908894951,157.35109383660216,113.57444066759234,135.76567604772626,111.42720801919386,13.56995503291912,20.86383772947576,Lateral Raise
168.1244024631986,147.2170349875646,158.4050911864923,114.8132786488248,137.7611065186147,114.42616345490046,12.732748490654052,19.43612129146413,Lateral Raise
166.76982503948622,147.38688379019646,159.4035788386571,108.19098558620772,136.89281074713898,111.03159155791684,18.486428601692367,19.37112623644497,Lateral Raise
178.58417588435665,150.86257689478742,162.23467077000632,130.23717500614947,137.372193170086,150.53463222720032,35.41374988820424,65.59688950896545,Lateral Raise
168.25219768716312,141.74397515745713,158.267988803443,152.36639948776727,139.91360874366703,168.597989664699,12.445439355866458,93.82138841703164,Lateral Raise
178.3541777693111,149.55294790580078,163.2405237189292,165.67292357925714,138.29910591687468,156.1676362883909,55.36111520858218,69.77986292958934,Lateral Raise
169.19204582312142,145.3651682920021,159.0193274999978,120.2708989087657,131.6218376748549,110.57050008777028,28.809410613969195,19.705931105183655,Lateral Raise
166.5581136194292,145.07826878999057,158.17095646660897,111.92319747123676,135.13995905340064,115.40911992879144,19.436368259240677,24.759065283040872,Lateral Raise
172.11475119034174,147.49705361264725,161.15678394843917,115.24148467439136,138.35650749595357,113.20697965282298,14.898991297230069,18.20763435854946,Lateral Raise
174.49176530423748,155.4585732430064,162.5722657732305,120.03530522031488,139.51247505670509,112.7018916935584,10.110733741352847,16.45315167505679,Lateral Raise
170.05466973369437,146.3661740201836,160.35211220319653,102.67726821976906,135.849639565513,108.659917341594,4.328845098368702,17.714671525600913,Lateral Raise
173.32374979701896,147.46429476394417,159.31803738806025,140.55506690398536,136.1900411352651,135.84999957713825,43.59213169475408,45.16392510477221,Lateral Raise
169.08566032441573,145.1149671026852,155.06222864869048,170.1181318207413,137.64011840569535,176.24289379648803,21.88845973916325,98.70966331594448,Lateral Raise
172.3710504017946,147.0058158838468,160.04001533008844,137.54689791857936,140.44260297465487,160.05559797341542,4.749107919118806,82.99891160785366,Lateral Raise
170.92018317403108,152.5541916510047,159.81946063910928,121.64290414182696,137.20122699485617,143.03626491038568,44.51726831584987,54.19260255783233,Lateral Raise
164.8419836709052,146.00393080564012,156.35495717349988,114.7227875757782,135.48174014670786,118.26832444887056,26.509012672332982,25.07161843214455,Lateral Raise
161.9887629340926,139.2438690429694,154.13379832845737,120.51758605182044,134.48152309696673,115.3809873201368,20.089794131712875,24.645126884745565,Lateral Raise
167.96634405399303,146.2848086955256,156.72711848757348,98.63746255334571,136.01449583016625,114.01865282540524,3.1745868501963086,21.338763317710875,Lateral Raise
162.8071112221036,143.0479011284948,153.72800938496752,105.41342270337006,133.38458797248978,114.41899057931056,11.096869584367314,23.156177433248946,Lateral Raise
166.1527870132646,144.9144325596814,158.88083532630293,122.58553916245422,135.38159632770785,123.53075569229404,25.475538346187076,29.99955526612648,Lateral Raise
174.53696933778187,153.21665472287492,164.1410963743364,149.33406072707973,139.93592607475958,150.08437298157153,51.83211337868905,62.08227200820065,Lateral Raise
172.11449631272205,147.96920265272,159.0439853798186,148.68300433516868,141.54854142854884,177.12229413889207,3.0806651478295684,98.0325621297288,Lateral Raise
179.47367946324766,152.0571504384942,162.2694268552529,162.26306628989693,138.04614160878046,158.4141887847854,48.77537477884942,71.16276415357963,Lateral Raise
173.17234275682682,151.58215320623142,164.5927482036484,126.60601097765188,139.61080019424833,117.05382255839532,38.76531384252974,23.881926599398653,Lateral Raise
170.30235383703123,145.6012401385331,158.80594780137875,116.20285869678074,133.37339294394133,110.99977435040132,15.87380143986613,17.75063775875314,Lateral Raise
166.0028872320972,147.91527696777882,161.6407331240632,105.46641463344127,135.5703294242193,113.11117806581474,7.649012527276153,17.515947963091318,Lateral Raise
163.10081124119895,151.2427447186196,162.42368947239805,113.12553913431368,136.3595947485896,114.43164008921728,9.557369395537552,17.839602288157224,Lateral Raise
165.37776902513852,149.58736403808487,162.671121018677,114.42119250517312,137.37872723168644,114.54411946749192,11.641410162802636,18.08081189480472,Lateral Raise
163.78925339053333,148.12016430345594,158.98992371547206,143.35705683750837,136.1862180286295,130.1114970107041,44.484762759451904,38.09850022377721,Lateral Raise
161.83269530238863,147.835055894693,156.97620366915186,162.49034459423112,134.9956102932548,162.6741991248406,18.12117257246031,81.89786941151796,Lateral Raise
169.28358032708263,146.9185094539223,159.71334069013506,162.4629579379086,137.47097288575188,173.3393354383522,11.030892716376815,92.7834752366922,Lateral Raise
166.6915208973803,152.25751286155918,158.41316770743092,151.04663381778585,137.08461243555115,154.26415820585538,23.575537360905436,69.46804181719878,Lateral Raise
172.75880401092877,151.14739948421243,165.83083468101478,132.92838268505986,141.2376322671407,121.69291733524246,31.462538221552617,27.676635233895176,Lateral Raise
166.389405690242,149.166902020511,159.99474488702182,103.1648118574288,133.86895810434382,107.6183713760596,8.348965683939426,11.672559451736197,Lateral Raise
171.68593946421248,154.16051611213055,163.4782796808853,127.17990463417917,138.01073091211722,109.90143162575468,4.128726131669352,11.418240447625822,Lateral Raise
171.63398374993812,150.88775176683347,163.7641480403498,153.1500196619916,137.38524639222527,109.9493388215522,7.745866287159601,12.377656627282022,Lateral Raise
169.8062460365483,154.420049459043,161.8654484397274,121.97488607197812,137.40940482108056,112.43640255410028,4.335918606494872,16.321090426264377,Lateral Raise
166.81548897296426,147.68168964708153,157.9592616353456,112.17441850608787,133.9985250731134,110.2532625241279,13.3057800976381,15.744750126302144,Lateral Raise
168.70084937032755,149.06942982748663,155.47799240335394,119.78643474230172,133.55239246185968,124.2105300639277,37.7457787324611,42.89588866712127,Lateral Raise
172.3221336879066,151.99813181626547,157.2489793761896,166.06536336932405,140.48525514797026,162.80451328932082,49.94796031296716,88.6268035002395,Lateral Raise
176.09124879259042,158.33274643865624,163.32452924952878,141.02641355537776,152.19940062884484,169.34422875747083,16.91397418394493,92.09893509494388,Lateral Raise
174.58565965716474,173.26870245689196,171.07612079879237,137.2835228957418,159.73149117008256,130.08176466864185,57.02638404859432,46.28964729183944,Lateral Raise
179.9437297328751,173.63182420326152,172.49150816103227,122.52295285133816,163.1229688725668,112.08490453958466,24.970369620319783,21.861617291735985,Lateral Raise
175.42066352700164,177.07824252917248,179.49608226750533,113.31634994723623,174.94021446050826,106.78221259450416,19.56373971204116,16.447183471238336,Lateral Raise
172.2493649189692,178.1614656788538,179.69805279569692,105.9811576430141,177.5254590664798,108.84745381710448,13.928947236820408,19.972494316685,Lateral Raise
173.41521542366317,179.30739893335584,179.78678358578168,120.6701092800013,172.4501509788413,113.32116554420536,22.70307500620256,20.066625458006097,Lateral Raise
170.41613414059697,178.1088382712981,177.85825054095386,122.75915192688056,171.81410299011318,111.21903313874904,28.742624882744444,19.834204749021083,Lateral Raise
170.48300238654474,178.73666202287032,178.14295185501973,158.6973540859834,168.2719468757582,155.8253533910555,62.918171912590296,69.84103045866539,Lateral Raise
166.4303925053374,176.89737732795913,179.43980982107286,130.60724978548365,174.06724550270934,168.55075243112853,4.092475584777919,87.28578087421661,Lateral Raise
168.22915622241968,179.1060497879476,178.3912684557665,160.29266932384306,168.96265717801091,151.89430702898753,50.14517722474854,66.68325741709444,Lateral Raise
170.57154445102083,176.4439499413208,176.7706685376932,130.02086043697534,172.23169422588728,122.9205085625488,34.38661482974352,28.96324506723274,Lateral Raise
171.04979033498913,179.12744708596924,179.39361170175974,129.0699724544292,170.41833792267033,116.57439279389592,29.85383744043085,24.1002819463045,Lateral Raise
174.69778834351487,178.45913104875956,177.10681189405403,118.63321075292288,169.73728906424466,115.7211360626352,24.402766719565896,25.165590820880013,Lateral Raise
169.61802928593937,178.95588384596817,178.3690245122095,107.95859853530004,172.41995545235537,110.06406136356406,12.596848864802851,18.377326867183655,Lateral Raise
174.93194165502513,174.48355101424244,179.73894111749468,119.89210522411868,171.50671285754655,114.90037292650044,18.2257545407544,22.07151597598977,Lateral Raise
173.63383770046602,178.67762135408518,179.38507408266173,120.78410576608906,171.56161022136007,115.5421652635238,21.707482003828744,22.180842481238955,Lateral Raise
168.111845077586,179.17398299751963,178.39011741399176,133.56046146275403,168.40719928114774,128.6228292526123,40.40435082821128,36.23294702122469,Lateral Raise
161.49229812176645,176.5735866411383,179.6247311833169,172.18558670117488,171.94248788681207,156.49356977938692,51.045014182900225,73.61394224433552,Lateral Raise
170.44118984235507,179.33456832220637,177.58953151157235,138.17379431088477,171.46643627554272,174.26180293548197,13.624068366242891,90.66779693200895,Lateral Raise
170.80767482347508,176.03333178829047,178.20451870784024,137.4661704070892,167.5996387423674,152.68506121647607,50.26636780573571,64.05135144499144,Lateral Raise
170.23595953374917,177.3089226772966,178.24677758259787,127.77363934481436,171.8719786083917,113.3584849197117,30.687139600852145,19.23928417009996,Lateral Raise
176.54494567479713,176.85849887684444,175.56046103771786,121.87353737570226,162.5874593679384,110.84955662284536,22.904313496084875,16.62359078044094,Lateral Raise
173.387784589687,156.50860119540457,163.54302316169282,94.95742666717244,145.28456338084595,110.3310704997077,14.713906255045996,22.76111328779511,Lateral Raise
176.3055614764139,157.36218236528168,162.63293603039548,96.9632921714764,141.57222375045728,107.43836642501184,5.738727077770812,19.646827921559822,Lateral Raise
169.799182929562,155.34883550868977,162.2652641210046,109.88504671658195,140.95878993803913,112.41977377276362,17.475020963904498,21.575416249391804,Lateral Raise
174.9797791837992,151.81208891315015,166.8168915005826,125.9982479176149,143.88969780157038,121.99535112321156,40.80103895645012,29.25046897794154,Lateral Raise
175.78387748627566,154.78851567098332,167.1272224289492,131.17756596349295,144.68562146636174,161.20290431568785,16.409912417032835,79.86483414989246,Lateral Raise
179.0438064976756,158.13594552903132,163.70206115845463,151.9335834841074,150.52201569783435,169.6739299854157,19.64825743979549,92.90548602154632,Lateral Raise
177.6894993979799,159.54672525542358,167.19712598296363,133.9517888576454,142.50698457280063,139.7593017964301,47.70251521015059,51.650757501800065,Lateral Raise
178.14191888672426,161.83342212044394,166.83897045939418,99.0344512510802,146.31140064625316,105.2953266157296,14.765592275564094,12.98218359266004,Lateral Raise
175.28724219411455,156.26003210972593,162.958866047934,103.52456563530409,143.00792132347377,102.13055846096977,15.497179437331376,16.940035491161776,Lateral Raise
174.54119038095166,151.58872206494684,163.36126279093403,100.29751788832682,141.3704086054048,106.24468761137122,7.497446709762908,18.536171764505266,Lateral Raise
174.5370829748451,157.65397686847606,163.28826958504786,99.85098912645137,141.42801047388082,104.240367169915,10.421589152400564,16.592021522672447,Lateral Raise
177.54458174730598,156.72240532518137,167.45941866579432,121.090843498391,146.01800685785997,109.06134654731498,31.49484786260557,17.25042398933447,Lateral Raise
178.26802179099522,152.79025287770037,162.6779896960619,145.1309361303728,137.60892023580865,150.4436966834289,31.267370387807837,69.70803532197893,Lateral Raise
176.76271443437793,150.09376986058174,161.49729586963298,139.00431651183823,142.13939886734025,175.09145749017452,13.452845203038663,97.85435452478596,Lateral Raise
179.10890372353907,154.24623013813212,164.43973078201955,163.58341755488794,138.68537897642497,152.59621488139612,57.48177052348758,71.34569044484026,Lateral Raise
174.22947749254263,160.4443712405539,168.39956573153188,129.866115451822,142.30809953640852,116.79350903572468,38.0969867271405,22.057962590671465,Lateral Raise
175.55387571934838,149.50400652826508,166.6273885888976,109.0025125924453,140.9627269280116,109.7062263264134,19.891266204617605,17.745986631762452,Lateral Raise
174.27445520056236,152.22537712466968,163.09012369212522,86.0480677069479,140.60335925308317,105.99019752432852,5.758934750547923,20.73768364193642,Lateral Raise
172.36373453958052,150.97536083784024,161.9732264289043,96.50904223008602,139.06571936093988,105.43581731952132,8.790240873071287,19.66028356160271,Lateral Raise
176.15890798812126,155.32665678104814,163.2263747033184,96.63265942563676,140.6831600335342,109.26593396703426,5.859502006312493,20.668645589220286,Lateral Raise
170.9360283502335,147.90293500469917,161.94104384462773,115.65000560953956,138.88391100177049,115.7343394868079,12.098029690749,20.72013614642131,Lateral Raise
173.42184666230276,152.2336042677675,163.9636055757969,136.3776079864337,139.58684830135158,129.27408521647544,42.37613227340581,34.42858841830124,Lateral Raise
178.1046873075873,151.18837720362367,161.32163440834668,160.55337531265934,136.87511919898205,162.23585244761657,60.647630946966515,79.608521884648,Lateral Raise
173.57665786399184,151.16301279965975,160.9476051013018,161.93640985470935,138.90321599130348,171.25434828688017,38.0377651141427,89.71745419734215,Lateral Raise
179.44531011812842,155.28345965362442,166.1724690600682,135.8131216168377,139.20177287344566,148.22264081093857,55.75606277280144,58.36306260989077,Lateral Raise
179.28307752125772,154.7704106273629,166.1472035764353,119.6174923982728,140.6321725282869,114.75680063130892,24.45915330997994,22.85320636721264,Lateral Raise
170.81795654771744,149.0901849845688,160.8864189339409,111.92329480116636,136.0660341418257,110.97971446722669,18.722673392861772,20.905694689654815,Lateral Raise
174.1095721145814,151.1166440265839,163.31047628137537,97.95004105796964,137.70027350229316,110.80481196853896,5.712925946142682,20.309316368454844,Lateral Raise
172.39148912387722,150.0864802188815,162.93256508895143,107.78747948909404,141.0201366639009,108.59591870130215,9.45062499288061,19.326616431304917,Lateral Raise
172.109899991877,149.30505091323116,163.6345290011255,105.44858250781824,140.20497722945169,107.63683242591682,7.62227987655493,18.37791297374426,Lateral Raise
176.83377966341942,154.68022686930362,161.75699349681432,110.32105533052814,137.67868027670897,108.6273840756139,7.936204156325948,16.47792540759286,Lateral Raise
175.9732944160352,152.2886835006107,162.1643230676511,121.51932575441968,138.4531253276318,109.51962840427424,17.918970728691352,16.33268169379671,Lateral Raise
172.7869902461099,150.19537807278755,163.37181538223484,123.74041255918824,137.1912691796522,128.61489559907935,46.42580322012387,38.96147593546964,Lateral Raise
171.4052352202009,149.58606805051954,159.35361445405698,142.73938402309255,136.8026095847835,161.23774165994337,22.472792641976792,84.57445483703937,Lateral Raise
175.26718984801377,148.72878138458228,159.2511772413355,143.44747784528556,135.7628073185677,160.8512920538953,7.23641740880738,83.03740875069224,Lateral Raise
174.77790787261898,153.5082748735111,163.14945209728018,137.22047124129384,137.78215740352675,142.58834188464215,58.477191459759126,56.00038730894293,Lateral Raise
170.0126269175441,150.87395355189693,159.9926430402248,119.83030063759492,137.22326514553288,114.1670530921184,26.22268409647566,23.56513523253834,Lateral Raise
168.47946127147492,149.39689426178523,157.70227794956276,107.6264689572783,135.39607070858307,109.51389335829668,17.43128612585449,23.837571442807963,Lateral Raise
168.0273294396425,143.76084268124646,162.19480434082806,99.34455853273016,136.7267895787722,107.71560565473844,8.359905705901575,19.815554798853956,Lateral Raise
170.53881749818672,145.65045282109122,163.09061347944848,95.16252762778603,137.6126723371705,106.79776976066772,9.410310782424624,19.011448919619845,Lateral Raise
171.05614510920523,146.65215688133287,161.48320364322743,98.8489671882614,138.35623761441985,109.45081546429594,8.044090814260418,20.296317925632035,Lateral Raise
176.64953502909543,152.73237269199376,163.8910388408593,100.24463989083912,137.4127667756025,110.34377619455206,8.003653156910238,17.945653700760573,Lateral Raise
171.110901765025,150.62532234108974,164.03495126390004,127.0621155436038,135.2618823271373,122.20882560805867,39.0722666593489,28.258761666868295,Lateral Raise
173.709201510452,150.15354172656683,162.8172812157364,44.88787349642905,135.5550308747477,151.728518467557,70.43521974675741,73.96534545654298,Lateral Raise
178.3469744296506,149.6423875151252,161.35630417960698,161.91975664069628,140.45033324248882,167.15451113614074,1.191217386904165,89.38728963857872,Lateral Raise
179.1388839685991,156.01338135737132,165.78902766797887,143.73695474440262,136.8188418803574,146.67465696207907,46.26788824529957,58.95774659720503,Lateral Raise
175.19372027310564,150.3881448324435,165.99921767063708,117.81661291421234,136.5426569533462,109.44774896220504,36.10562111509979,17.90233727737841,Lateral Raise
172.7451679968715,147.9953872820875,159.87403032861312,113.66992994324376,134.39715245272262,115.272004520113,20.43255586452245,28.06335954490368,Lateral Raise
174.45569522749966,145.97700709540797,161.57609793933986,116.40224370112144,132.64618449603674,111.54864586757012,19.682596725334612,23.598232067425037,Lateral Raise
171.6334955350497,144.90757864012605,161.6072275711237,111.04377263321564,135.7264245801636,116.29739884443327,13.927461375885416,25.700793006670384,Lateral Raise
170.77437674673592,145.1651562212978,160.46466107822295,97.06459419643582,136.48166567648593,114.20627944015608,3.809065172858233,23.87303972448379,Lateral Raise
172.41109712518696,146.83708884698373,160.9199239395589,102.1502749614286,135.63677124721792,110.675997301676,5.920679484658979,20.048216718494167,Lateral Raise
173.72918415556094,148.66300576915424,164.0318463064597,123.00240640544916,139.9465643281359,117.01633221561472,22.673409915595485,23.211449119197127,Lateral Raise
171.27391756725703,152.05760303767073,161.98650645944397,155.5152870627243,135.86569951014576,143.80480721109163,62.47704944194808,55.36229782059557,Lateral Raise
179.6035435939059,150.4064716218441,161.75154838884131,163.34799450730588,137.5869754989224,174.15526690661093,12.554184538680063,90.03714701695536,Lateral Raise
174.2839028233938,150.62565866668402,161.73078511751635,165.6020349952382,135.68366857748217,171.52012788450435,30.407963531296037,86.7159799764013,Lateral Raise
178.22441164854015,156.67489073536956,166.11228950690628,131.39718561595438,138.8601682321324,134.347916293894,49.21554525547636,44.899218303151066,Lateral Raise
177.2820803685608,158.16780809826002,164.30829328345942,116.9770264938246,139.52180941906735,118.2012327814512,19.955190250959816,25.77434418185412,Lateral Raise
173.4053718456029,155.61950434998366,165.36648471485242,104.15844259433648,140.2697850959657,115.53221771535564,10.862294064598858,24.13601682516651,Lateral Raise
172.17289125688745,149.27088396677104,164.33851188352608,100.1710903671079,139.90968796536862,111.94032088561973,13.462529645601586,23.13834078644577,Lateral Raise
173.73376406180225,149.3317148369042,164.17291820772098,100.93006347094894,139.60479940284847,114.17144399324464,12.1665096648469,22.023205582012046,Lateral Raise
173.37297947042285,147.85428651806157,165.70756909833867,114.60487476789932,138.22317098915053,113.01518817582834,11.30683002529193,19.462803996754605,Lateral Raise
172.12924211124647,147.96531614160696,161.04164197167066,128.5324843608682,137.36820199765464,109.52818420778172,25.67037535652629,19.13104439454788,Lateral Raise
175.27230247280443,152.53578710235635,165.56135863948765,128.12873595807037,136.6241224887402,135.85594347875866,45.91327369021288,48.688744828095786,Lateral Raise
171.3259273873348,149.60608715118894,162.4107715576242,159.06527800602314,139.11690637972723,163.73461621393383,60.13654838288639,84.10688943408003,Lateral Raise
175.7852804622305,166.22627175045568,170.02501560274297,137.80454419470348,158.56792228332927,171.95072844745658,28.736611475792483,91.19174863248077,Lateral Raise
163.85363264499242,173.0807065790794,177.44916797368563,116.60312194683448,170.43691750917458,144.37100040334877,37.22887478201601,55.69537266762104,Lateral Raise
167.25661591186753,177.83494818611973,176.42393046855227,129.8938506042406,172.95404222009833,113.0791907266794,34.90763548030452,22.21081324398394,Lateral Raise
166.76968729761506,179.45914245459437,178.28957964207967,117.10881159814956,171.18054426749433,116.60472726438164,20.36300532679836,25.02368700403401,Lateral Raise
167.16060770223504,176.8244012883982,174.69929561291423,122.61289922498412,174.02443124450085,108.93887166107318,23.56431957912433,15.776825934370429,Lateral Raise
168.78783992685425,179.44820014094316,176.51144917491453,117.43216704978757,174.22841781534575,108.02285514917634,20.84365591706727,16.303643010359288,Lateral Raise
169.76312585944817,176.4078233147206,177.3522951080869,113.2844349044992,174.5671653088441,108.02825206694736,16.730279182628685,15.777238605440928,Lateral Raise
169.06628612017028,176.3980615515719,175.62175521625923,131.51076069875467,176.47903519115718,114.64301891842722,26.451793754280704,16.058016634810368,Lateral Raise
164.59407449519247,173.726686810192,175.48568877200583,135.4217020026316,173.55572816404126,135.6061911937995,43.21327910928173,41.91148983524804,Lateral Raise
167.67316916002792,173.25983966605267,179.14221261951246,147.03087916971975,177.2977492587033,168.65420705560155,25.361079322973858,84.82678238492214,Lateral Raise
166.37379943679574,177.96410018960214,179.2228437702267,128.3577756461091,172.58119193922718,171.29493920147092,13.04663613137558,87.20251630879949,Lateral Raise
166.93491270180238,174.79025937434926,179.5312132381869,152.2052497247817,170.13096251858903,148.22674535649864,33.363890367141884,56.32009864236141,Lateral Raise
169.6431169300186,176.44589872517304,177.1808371719642,146.05526065600554,171.99096399740466,108.63483124639372,33.424235157084375,10.598931066643967,Lateral Raise
168.25756072107103,173.34806918968934,173.65972419651715,127.08604362584924,174.33460973699275,112.76669375185617,14.52193462213661,13.30595352982521,Lateral Raise
173.1517648177828,174.8500476964516,178.26104900973309,115.65855288229332,171.19810598196506,115.06285937783863,12.39587290178224,15.677451884293069,Lateral Raise
170.30773208387305,172.930496718939,175.672596838865,118.36618520783496,170.80263699779323,114.25018869606085,14.27517727417215,15.579542643435328,Lateral Raise
170.23944589225886,173.10150834874665,174.68381811574363,113.9204582038154,172.72693339777692,112.66142086161412,10.614641793588552,13.030196536269155,Lateral Raise
171.0344250671457,168.0487971741934,172.35617534514856,126.12985493887,178.01784107482248,108.71764365989456,12.386763164945084,7.7279369243533695,Lateral Raise
171.38368893246297,172.06586103708352,177.18921030705496,122.60508731253232,171.99903663330613,107.92712346140928,18.68669991242681,10.044210804854837,Lateral Raise
165.11598812399052,177.1524591008875,172.97628244790872,172.54962328502933,170.022711879711,129.58152988548545,49.33553862177917,34.33034560643568,Lateral Raise
164.85647828427497,170.5249587704703,174.6946516658987,156.04625916462837,175.42869341990286,156.9586591663108,42.067994978143616,65.3997949908604,Lateral Raise
168.68327644249305,174.72955607077805,178.20503606469637,179.2988500298068,170.2093478144283,170.66139919097785,33.1108911194794,83.77454878434233,Lateral Raise
167.37342304404268,169.72794069319562,175.94114596944684,169.16304388872132,173.06761954112895,146.37533479336102,33.111044634015336,55.78507251523663,Lateral Raise
164.0968852841168,176.3877971868584,175.16380127904102,138.31461828650546,170.8188015473741,124.38162270624828,33.27093833340139,29.8127466253891,Lateral Raise
165.91080921362766,174.78327080435085,175.14345163196876,132.76544327981605,170.45408988231833,112.42083223121077,24.98901596069707,14.503726573888231,Lateral Raise
166.45039366368854,177.78595511744484,175.43808694022658,128.86630775404274,170.473561905885,113.57457807960525,19.84634506903891,16.62238266517598,Lateral Raise
169.30672797949342,176.7762222925826,175.66674037809184,125.3034623485468,167.73923240313513,115.50607669443995,17.223462858480776,18.058412776005778,Lateral Raise
171.07377299314084,172.7973127332945,175.85373301003116,147.5469926948743,172.61603970635528,112.38159483477028,21.491014181991723,12.224944737727585,Lateral Raise
173.69973411365237,178.87407459272367,179.87167696295765,176.69154435944515,163.63194854140062,129.33999492123587,19.447628029353307,5.417949283015031,Lateral Raise
167.07055447032738,144.49602741189096,177.3527777888827,165.21424329362543,165.19802644863657,130.27127253548403,19.284426503256295,24.36105833600514,Lateral Raise
153.43237806632013,150.85530662826156,167.3091674740895,179.32242471188377,165.00020000378032,146.28863676448546,20.247830821069652,24.610989365431433,Lateral Raise
169.57773949416858,177.57313439504284,165.81994396228322,171.6850532007925,165.94199317779777,169.60965274118192,27.588320492204883,24.41934454852768,Lateral Raise
167.2111517442886,170.83033925801303,172.01079589357357,177.88984913771478,176.48360303729683,169.25709750629892,25.939831786634283,31.36262052797321,Lateral Raise
165.5322857260328,158.40586495038283,168.13808433002518,164.35141915779647,167.7980708613113,152.45377622104695,19.249966921585695,53.107966314769754,Lateral Raise
161.3604938783213,152.04269801189474,163.1556610404495,167.19871060733982,165.13843760773287,179.65831851353673,13.734923281681157,56.533056874803165,Lateral Raise
163.80400126540147,163.66247771834037,165.5435701732831,156.3670100325416,172.71729362662776,153.34510345690262,15.97139536494517,38.6966226614691,Lateral Raise
164.3173434252722,116.72630096687963,131.52083186600856,176.37365008378742,129.5904435680939,160.7515374637738,33.71620323334845,8.834205068885975,Lateral Raise
155.28651315248325,89.11771286573769,122.27201121779628,154.43953803500506,89.29924211671721,168.06268249719432,15.359668600694173,16.555732303374928,Lateral Raise
163.95632830938234,120.25368909791436,125.24190867737664,151.90755832701035,91.23769680788324,157.92238606610022,10.27501434661928,16.836950126490912,Lateral Raise
178.86783802548678,154.15921724152747,164.85292045395448,147.09971669646131,156.34435082736354,151.5070998210107,9.791983352508325,18.417846648296003,Lateral Raise
168.9769439429404,174.2416388569129,162.08945106488278,149.65409023345052,172.4281805908043,166.4697501251359,10.326399161196251,7.73482151034961,Lateral Raise
178.75961215029747,176.21204816018025,127.35990408239064,119.65937813532994,116.54528847557395,167.36606033773225,11.685279609931872,24.53653085544468,Lateral Raise
178.6349444632089,155.03810829717995,159.30451743399303,107.80803916093625,157.60570179207238,148.32775041498348,6.951866079307576,17.205308379756506,Lateral Raise
167.4944826935009,176.72079235714256,174.68048559954798,99.26491938395986,166.8086741146773,127.88826423836603,8.71972397608459,8.254974582963213,Lateral Raise
163.3526412229693,175.8647749525905,170.3164808345865,98.12208967464818,149.50274634556885,130.26200749269765,10.711481065971869,5.42802821669714,Lateral Raise
164.2419999765287,177.56842604938015,179.55826107116232,81.85371864131804,177.07694604632218,114.56749791792242,22.01467272348827,24.751198097817458,Lateral Raise
163.8724817420747,177.91208561762812,176.0147940047692,56.94364306461197,172.95105914730854,132.82572583989216,40.464061293637975,49.95573565076046,Lateral Raise
172.74682483981667,172.42110046999704,173.50054193148674,1.0891057735636005,162.29593126275446,149.96569774515277,81.65161144440795,77.06760617515214,Lateral Raise
175.17617130550266,164.27277076758702,164.7401665006564,30.460438000218787,157.38017204786684,150.85837643532997,57.766990755551554,68.83597747359683,Lateral Raise
177.2907781502721,163.12778169526382,162.2892895181077,71.46063783378175,145.24072062415445,124.5511162626106,24.491119716100577,38.455557735701085,Lateral Raise
173.58099602131924,162.179253863575,167.88783702279937,101.46105661739604,150.74453628292196,122.96170215917826,0.8026979075980625,27.555868415934853,Lateral Raise
173.51439935046102,160.5167765616333,172.77225692017004,104.52031216640164,152.765289413091,113.45803271773,6.177407524400619,6.523066230435092,Lateral Raise
173.7594372372924,158.6639194907281,172.05409967793022,103.95792086619856,150.94668065211476,111.6095867270875,7.174000450164847,3.5044150335610484,Lateral Raise
177.0020499816837,155.22530193830255,171.6418990658,101.94566242071944,135.63656920042288,108.4491505851336,5.674257423575438,3.5755599299748417,Lateral Raise
174.9195628873455,158.31987202164703,166.43662485662918,93.88397833648594,145.42739571059238,135.66662847283837,8.246701439357897,39.86100482184504,Lateral Raise
173.6272520039837,167.90590438806046,168.62076736735497,37.42322249259012,142.6754877974613,162.42633315519802,48.32897566481326,75.39374551848566,Lateral Raise
174.96882067672246,165.1483080163488,171.9326505384537,16.43135355594768,137.68693783066158,146.03179508291674,60.72614445435204,75.0013725254136,Lateral Raise
170.01247634187905,168.74136757124566,175.2436900254135,89.87269711990373,158.28251226351725,154.17620841843944,4.497961320284404,71.94236779572886,Lateral Raise
170.68582194039712,166.04825250694063,172.38898151875915,85.3235309426689,152.08410966610344,118.37837476750558,8.570304644091859,37.48254817740697,Lateral Raise
167.4532628799434,167.3112270540054,178.99484759901006,104.7797702605815,149.7935502033332,104.23951927743096,6.082576184139916,8.515948897965558,Lateral Raise
167.69135448491616,168.13387442253946,179.6419007088023,106.42902359627384,156.22616846618558,113.86041425817322,7.869043584781899,7.5964650416650015,Lateral Raise
166.2340275201646,166.0635241358469,177.25264988061906,99.66467497809676,163.079018526897,99.22988362879543,0.31560169294135765,2.9859028739844526,Lateral Raise
167.25348229177902,168.27813665588795,177.74878833972815,102.25145797574736,163.98836958338,122.01360223285896,1.6376560132791909,5.457369133311062,Lateral Raise
169.7549211355404,163.2507078612073,175.71274901489426,92.15623168344756,152.99626148460504,117.00036134461044,13.358384896502242,15.750332347142256,Lateral Raise
172.92518574818394,159.42877202141804,173.2329797196758,87.16486216796562,154.28012918094709,132.96134949291454,14.050125380309128,45.653727996804875,Lateral Raise
173.52545439649384,159.1966207735404,171.2523278136383,18.289484609931208,150.892903354357,148.38379491602245,61.07420727526127,73.73347067453409,Lateral Raise
174.53831681568005,158.41563004923952,169.97946985918958,28.687109114504157,147.4255183491315,147.8910378506911,53.39687948563994,71.72585066846153,Lateral Raise
172.160193301812,160.79631279781782,172.92464493037045,99.7161248172228,153.3594117170817,143.78146241003586,7.720135581745451,54.28088542640236,Lateral Raise
171.37421653803833,159.74378977348275,172.12023666342026,101.81678392696188,150.06008524448868,126.285459168448,1.281254308834079,33.93175700264104,Lateral Raise
172.34858902179138,158.26682746570285,175.60029333796308,103.03941971632965,148.22040914675915,120.11668764778824,3.3352236215838547,16.104598421824477,Lateral Raise
171.07376778043044,159.60139429606284,178.2998300265385,106.56717393623504,157.19415053823013,113.01506857141808,3.4944354758121294,1.4713268417844554,Lateral Raise
173.5179785514364,156.23807222636813,172.7228935203281,103.73129908778492,154.78408448300195,114.05776814896429,2.8794391747820463,3.472399828523727,Lateral Raise
169.722466704273,158.8192482784361,169.12214507709243,103.28605133095972,146.0078510437885,117.73857812447562,1.8864209940038963,3.50515549944768,Lateral Raise
170.74429851258935,155.96016511631063,172.7138270401921,104.34603286679872,149.04308352285815,129.8604478080548,2.799958951045851,24.973057627185295,Lateral Raise
170.86450895426898,160.86974334351453,169.35948642864744,111.52882141003084,148.71399379695382,136.33887108550232,18.8557255381968,48.85458997473165,Lateral Raise
171.71889734465304,163.58657869115865,168.70859539459917,10.002935295433396,146.4798044238035,149.98365222748484,74.20474146175341,73.31494702155081,Lateral Raise
170.72523962861027,162.69424644178022,168.27221052944054,26.576227225199982,148.81100188240873,149.42629486736658,57.82102692720723,68.51150183745959,Lateral Raise
172.05991026896413,159.12141810888812,169.32835056541578,83.37534945070122,147.15199004746174,138.17060040141675,13.594095556714995,51.334646203968944,Lateral Raise
170.53308274343058,157.995411325541,175.73801561134016,108.47490937615032,153.21385008215955,132.55086262350278,0.0857319493299738,31.697668011703477,Lateral Raise
165.00343160568428,163.37379197148013,176.68359429948737,113.14883903834954,152.95423566496024,125.35261705455969,4.845403871240141,10.563203935195949,Lateral Raise
166.8487062273798,161.8218025453478,173.49406813775653,111.73868490244934,154.09648311475516,119.97792286442116,4.329750730226236,4.018795210949804,Lateral Raise
166.7005115449909,161.9120887998187,174.32242020027368,110.03578671320452,155.48324475436831,119.38872040494743,2.683063747962162,4.012441630951695,Lateral Raise
170.14554285050465,156.9693696489786,172.26714745196568,109.99282017940332,143.67588808653122,132.53861828006356,0.22243617390915532,18.3181931813173,Lateral Raise
173.24001203015496,156.522155071312,173.99231483667413,90.89705623258357,143.7776774530151,128.3884854678712,10.700431235111548,39.59884818245053,Lateral Raise
174.04692182616347,155.67608645829185,167.14173636128686,47.770805778372015,137.44747296126187,156.87385582462136,43.44045296929295,68.43650756778187,Lateral Raise
175.8163230630232,159.09403193788367,168.10587832610008,13.163048866002688,144.9444970422218,152.9656569232204,63.99772576349239,73.66346955079567,Lateral Raise
176.12068931074617,157.5867063083033,168.4429485584049,20.92178684760188,137.6218638014094,151.8343753440015,59.68033720011592,74.20495895801619,Lateral Raise
174.14933654201764,156.82317716712404,168.98607641854605,92.76397711479288,141.30069140489772,134.47069197772166,1.990516077836031,52.67011114101053,Lateral Raise
171.76242040148128,157.98085248424448,179.57451946810258,116.20113395726366,154.8462115016359,129.09880449923756,9.23840010561086,29.985355401035257,Lateral Raise
173.06282676053831,158.4927407209854,171.97882338862382,110.65603793601258,142.12314790173335,112.84910991631476,8.430004084759213,6.394636896009486,Lateral Raise
169.9937822003984,159.47611651151382,175.02278798317636,108.80495279592368,140.14050200573936,113.36846358814124,4.383954951492035,5.149297260132152,Lateral Raise
169.0158977782393,159.54581990027373,174.75132253659427,109.06897401058168,150.7589796799896,111.55436657170593,3.71451270628676,3.38686990174471,Lateral Raise
172.87968163838704,157.41173180422857,168.30546407191667,108.74417546884348,134.0894757885051,118.82030626062836,4.104592911290557,7.13118201142466,Lateral Raise
174.04010433384133,155.24156756773323,174.4607158317086,107.7664971570733,156.79155806963888,135.09542051576636,1.4186410311659332,30.200196404450026,Lateral Raise
174.53837876596253,158.20185749593475,170.71787024079646,93.30618736475247,146.77437110705233,134.63015481335574,1.3994310587783974,51.541470479951705,Lateral Raise
176.72264384039673,154.69996678726358,166.8243977333121,42.12298839797228,128.01909528084062,164.14645003751102,42.11663178560847,82.35280462758237,Lateral Raise
176.84539757368393,159.5373435997339,168.24117289168396,98.7235632329206,130.8302013081839,163.7103400301535,15.834641489091885,83.40705832919535,Lateral Raise
176.44473478173958,153.1400537311028,167.92497890898025,107.737782018775,130.0296470234585,164.0974479504357,19.773435709368755,79.44457827870443,Lateral Raise
173.13553984971384,159.71770474361233,172.2945887608406,90.0452503823842,145.8495519135118,135.99048136932376,9.258498349170097,45.44968125656914,Lateral Raise
171.84512327606672,159.8389458317455,176.38319992789857,112.2150059169035,139.32431109791003,126.93920223820544,7.991727331492989,23.11046240941697,Lateral Raise
170.13300746103715,159.06614738807357,176.9995994057464,114.0908284113367,150.350883540732,109.28883375122052,10.020467087933598,5.14041795376421,Lateral Raise
166.40522506185914,160.2101203492476,176.71055682338562,110.71186080837433,142.61720004927872,113.57838495978264,3.837583488011614,4.187272238035367,Lateral Raise
167.85503675900742,157.62585576300515,177.54593599538308,110.14053961329944,141.70446510093203,110.3160927165539,4.037692777216231,1.9549706153912525,Lateral Raise
170.12936669448422,154.85027479260026,177.19354892941942,109.40595594512304,141.32615895991503,113.426985954763,3.244310135538825,5.115759263822378,Lateral Raise
170.2514670548315,156.4127658753731,174.54274210414584,109.9504865572759,143.1966189792023,141.13294586646447,3.7573866112573975,44.226090559839776,Lateral Raise
172.45281043141426,159.6197034655465,167.69318676955322,126.6896640352816,138.84883701827593,163.18786822465233,42.34263765977179,76.9491540584151,Lateral Raise
174.78458250074542,158.5222813976015,173.15108053258095,143.11950035889328,131.75735258737913,163.23744367692495,66.75691157234291,82.65840998483411,Lateral Raise
173.7298767974264,157.44188219192569,171.30601531227265,94.9797726823136,139.0763643397414,164.23455832635136,3.4103524740701197,83.33681549516457,Lateral Raise
171.94421054648646,156.36458439110623,175.53564018959443,92.24872546856244,146.5815548018451,137.77838866681367,8.58361273275692,46.96897143330869,Lateral Raise
169.21965281077578,157.99194602558578,175.55928387783402,115.5497312150267,156.34257255333435,127.5200823166627,10.517389589060585,28.362420398351784,Lateral Raise
170.25418511294714,156.6067509532779,175.9640402763688,112.78848668398716,146.37080101960868,110.26081757268732,8.711214700353317,6.119267625947961,Lateral Raise
169.0931999598706,156.9753109053402,176.45595656704327,116.41322526875688,147.71985405487638,124.34297534115017,9.726775579692475,11.128582621565902,Lateral Raise
170.17040739339814,156.40005555461218,176.53209487389472,115.36362427638149,145.6984567644455,126.44390421829732,9.38084116931817,13.924965604560686,Lateral Raise
169.34566083185817,158.59556217897415,175.0072529434815,110.59484877367824,153.14702638085555,122.13920315944203,5.561642196741697,14.7184589546916,Lateral Raise
175.46033620779335,153.2481338496144,174.94302837244953,94.23495393811449,146.92056550025947,135.97863361721298,5.705384146023038,45.42662339271816,Lateral Raise
172.09541729433408,159.79899010208507,170.51801154774705,107.40598228885472,150.0678113720346,152.6821760581453,12.21371147643097,67.49924362646657,Lateral Raise
171.39128347486934,159.18981366556508,170.06896618510953,22.9265334972351,137.6735302002547,135.3101011274031,65.88760782793914,70.69126385212707,Lateral Raise
172.69289077036586,161.3924714541835,168.30686929760836,7.875930380866011,146.949432097438,143.45327436681762,80.16934077694137,79.16731547507311,Lateral Raise
168.46234922201396,165.21466327184856,171.9443415139992,116.35986061330256,141.16518579883473,159.10846037063968,27.56767537386022,72.41249831204473,Lateral Raise
173.46678390320488,157.10071078126418,177.4041998034087,101.35665372248933,152.08454917667152,138.3422489571949,1.7059184966511702,46.24181820495107,Lateral Raise
170.95624497773795,159.47647432293215,177.663378943829,112.84776871527065,156.2926886692607,127.4335067815854,9.75232580250678,25.92437318152155,Lateral Raise
169.99899333860895,160.66353530864427,175.56103665701087,109.23186115148243,153.02772334249886,112.0706805450226,7.261771244026377,6.016850033300415,Lateral Raise
168.88312824386085,161.5031105857039,178.1949298195502,109.25443690264714,150.35883821400705,114.70585232885026,6.463749820431161,7.550200300825401,Lateral Raise
169.26825361081683,161.44014340842145,175.920420573689,110.00925663954509,153.25635304920092,101.2193359268648,8.038786828258402,1.2882255570759722,Lateral Raise
170.8540819976829,160.5518863932986,176.84877998043072,107.89057513850705,154.21943438228183,111.92927152914024,6.649808802814326,9.071514480995898,Lateral Raise
169.14770137137802,158.84957525328647,176.78089978853728,109.14662757464193,154.4975847046972,132.04770782652164,4.304649332414183,31.804851994105068,Lateral Raise
173.66029358082923,156.37672678817074,175.77386653336706,101.63286548490936,151.38881937081027,134.6981699865179,1.7068891891521891,50.308434499783786,Lateral Raise
176.15268864950022,156.0868000480036,162.98748357144342,38.407527409794184,128.1374437950032,163.4172515424469,48.13420311981317,85.40319285438804,Lateral Raise
172.4656996353443,158.9466377943497,167.28141301315316,68.6594036986928,141.0537210959955,161.6419937129313,17.20079117217056,82.98712584159335,Lateral Raise
171.9384474444605,159.30199438008026,174.04684074796543,108.38248410350096,148.69209135672708,138.5882847408168,12.035041006268694,51.43715413182343,Lateral Raise
173.6242701263949,158.34914516086113,170.81530755743816,111.95763493579474,144.09684751558405,122.84941998455815,12.041114477970847,20.28003200609666,Lateral Raise
171.7702486457762,161.14255695729057,171.2827278371932,111.93475076279468,146.57452860812234,110.5801871315345,8.963638837052832,4.521350240075856,Lateral Raise
164.49121070109086,167.6181271587388,173.17276349645525,107.3740131280305,150.14495928740482,108.39032744468494,3.874542626635971,3.6064839481067903,Lateral Raise
163.75276923945594,171.63023631506215,174.97910494806254,108.48864676156296,163.30341245278507,111.1503630875486,4.547329753289055,1.547557304074604,Lateral Raise
162.29000125187764,172.51639972263249,179.35049866696951,110.2529489356936,157.70364804473985,111.06400571177808,5.47435387191613,2.0652422938270982,Lateral Raise
165.0200491534276,169.2602607415151,176.34056606694077,108.55698131468256,152.5329580240523,111.78920226631035,3.966054447410386,8.137260864992234,Lateral Raise
166.8370420084391,167.65862326517387,177.20373148751287,105.30320315124196,162.24779717478393,135.88409089285366,4.214772130154042,46.215068565482675,Lateral Raise
169.5976842761113,167.698195667304,166.74850590883534,139.9100845097644,152.02149451124345,169.03862671746398,42.301894356829216,81.81544479444177,Lateral Raise
174.3669901729019,169.75611646985223,166.28592129168325,115.29232954184674,140.03401595285095,156.88897641373424,36.71328338748237,74.33628993533229,Lateral Raise
164.35106589777885,170.8398993210502,176.568733241586,127.24819785692311,158.2258351148329,156.900469072097,32.14282050667953,67.13777666639461,Lateral Raise
169.7044686821403,166.2273982253785,177.03836413881265,108.53648759974632,164.99272301952635,132.75178556872353,6.100224599552265,40.57323958742251,Lateral Raise
165.26532918544714,169.0424287334061,174.4457084849218,112.71789082016514,155.15615241477036,131.07704649966095,5.27870514727118,14.948098964543622,Lateral Raise
161.94853873353503,171.3281851611155,178.58317047798118,114.4236850436655,157.14974827166137,128.5544581255512,4.795618002525165,11.666900350345893,Lateral Raise
163.8375581732315,170.1525861204582,173.38698473018428,116.45272954551908,155.91551907916775,121.05503317209298,8.539752474154676,7.853559942990224,Lateral Raise
161.6537901180142,172.80485885900825,178.9125575089788,112.62619496718676,155.51749057148052,125.6536196722802,5.444405911713473,14.472560087497374,Lateral Raise
163.99017521642386,169.7151980232378,177.14962032362448,105.9626495885676,166.8415254094648,133.45715014770627,1.3189512171694509,37.2104327080721,Lateral Raise
163.7006892386991,171.30120999576909,174.6485854621514,124.73148139766332,153.96523471396264,154.0060140656784,35.52975607550664,62.54844055521085,Lateral Raise
176.9926236968511,166.61545343127847,159.67268528170757,43.15159664700181,141.82981199699898,153.6659992076139,33.82272712226941,77.4256477495543,Lateral Raise
173.86978623761863,168.87334276756852,165.2479274874075,98.97558547354718,149.07140428260752,157.7825635074924,16.33642325127058,79.68737002978284,Lateral Raise
163.39047151263358,172.38678318282157,172.91803764860538,94.66775177291834,151.46492852654796,135.98465153323667,4.577183213372207,45.879173255219214,Lateral Raise
162.6440790391053,170.82282593000693,176.77976786520725,115.2435215524992,156.7309058760269,126.57050240745043,9.965115548859442,26.484745364434296,Lateral Raise
161.7265975330272,172.56588520089983,175.775369921289,111.16863364968232,160.85343582065718,121.4403485913495,4.645859134000525,9.229295845285176,Lateral Raise
160.46115054852658,173.8924149917313,178.0251037850022,116.49563677078044,166.87171866101826,123.38362563780088,6.977831078080858,3.509158036838802,Lateral Raise
162.2861200093717,173.73663179044453,179.30457567608545,115.05352046923494,166.91178002517532,118.63524858896936,7.7157038079316465,4.4603680469576785,Lateral Raise
163.0700089514623,172.26265731468064,178.78171853079488,112.73171069573932,167.10996593884573,117.10333270595184,5.944396793087482,6.9326493271123955,Lateral Raise
162.86653584010622,173.7513071481809,178.37738649477788,113.11343397326708,158.1077534884693,131.2465895264839,6.1636288618574255,26.388213480954978,Lateral Raise
163.55170869698458,175.72264842985268,175.91400372705226,92.32235705801594,152.5249023552188,143.43734404672747,8.506246134819982,50.78705632607645,Lateral Raise
175.66366468714722,169.97072873039218,159.17813208093372,37.89721037118174,145.97144696284002,158.60420114650415,43.99125116408868,82.18566818854462,Lateral Raise
175.58168258254852,170.08764771660577,159.22724930129763,74.83466544876383,131.88472074276896,154.43276712871045,8.320144372406377,78.41680193910119,Lateral Raise
171.845764353008,171.4683972497926,152.4928118600495,112.2909876627122,118.6155789185104,145.66293744511114,27.153403821869784,54.82259441547881,Lateral Raise
164.29574906554114,172.50030238754923,179.31769110548714,109.22247064048634,165.37112951889992,123.47695178295106,7.722247743788648,22.62084075633012,Lateral Raise
163.54778900254252,174.15257624950908,177.25009006597668,106.8080796679876,166.0223853084021,116.91635648920156,4.25962359289118,7.741474038218617,Lateral Raise
161.0508672226232,176.1085805125325,175.66283377761488,114.85648637722568,169.03469291953496,125.54934770763292,6.887271798018549,7.991748747973579,Lateral Raise
162.81628452258886,175.15180728465648,176.98145755905267,116.7427609901165,166.7283108882177,121.4321129238004,9.245397621038228,8.160437426569251,Lateral Raise
161.09834639356893,175.86021934495915,176.28076314800683,114.84298346803988,167.77996047660284,119.51669867090664,7.219666656588682,6.513708153172964,Lateral Raise
161.6378852989476,177.24144310491135,176.15251698718492,112.19902195980848,156.0455546894827,126.9128574582547,6.7771805714732025,10.540051616377456,Lateral Raise
164.35517617717863,171.3239742186039,177.87280806100182,106.68595207723894,166.29493550452008,129.9505136383093,0.4374238462264308,26.276864013470806,Lateral Raise
164.7637452749767,173.87520142987827,174.81636232332892,93.17696239009857,160.46612577181577,135.91355153182587,4.478552050805571,46.567537664233946,Lateral Raise
163.9354266687718,175.3029716421634,176.99146085874995,128.45858418477144,161.41725985117873,163.82981503654204,40.12960044644285,75.14938741297378,Lateral Raise
176.92943666112626,168.3799414080601,167.99921162764227,130.67385186986715,132.82227459745664,162.9607024033085,53.09277632817996,83.64308584010571,Lateral Raise
165.68542739352117,177.26661921989762,172.8349395154484,125.10735469144592,159.43061434877438,160.22238645574765,44.14309197536045,78.37497411694562,Lateral Raise
163.68167119925283,176.09679724703153,177.66580868923552,89.8898070276234,164.4519324230435,135.60695876636453,6.2180362449191495,48.1707998206909,Lateral Raise
164.33543613145054,173.67562868438233,179.09641263282637,116.51751666175132,162.37264137452954,128.47393020589843,10.624612204416838,28.20603899001826,Lateral Raise
162.0876071883144,174.45553209225187,178.88393400506374,111.80332148453432,165.77972839408787,123.99496527732568,5.007500043515656,10.671097432396724,Lateral Raise
162.5780855962534,176.80930932028593,179.82186505833545,108.27892549762194,165.10604267759476,114.47383223854044,4.288340776579117,2.1749330234117648,Lateral Raise
160.3295309299515,177.35519351666494,178.75168984697982,108.36045810429044,161.43644497011485,118.218346511778,3.1245793358873732,4.551401099553222,Lateral Raise
163.38579516603113,174.4919683099652,179.4802439710138,109.38798215983176,172.9321376005727,112.95809883998469,3.9402818481406814,2.5112456111551804,Lateral Raise
162.9370973524711,174.96972942852315,178.5609759251173,102.46926708170923,160.54227394798178,120.85653619088949,2.276813360037764,8.047248113282457,Lateral Raise
166.1659408387508,171.20244784919234,174.26747087238184,98.86000679204376,157.8900979342032,128.3377020143817,3.880906024528204,37.30613746945475,Lateral Raise
166.41157235295472,172.3516123065426,171.21369976777524,120.51209597405148,154.33613618611278,162.96997122734322,33.46160762595689,79.24577499066903,Lateral Raise
179.16521502425215,163.90832281575976,171.75224055501312,32.04620568172854,139.6245298471401,154.46694598498678,42.591495130116,78.37816257534085,Lateral Raise
164.9719838099334,172.26940499153443,177.2303589897794,106.74055369096268,169.77610103164952,154.10227830253618,22.85354320027816,74.15847298719953,Lateral Raise
167.28885410992888,170.93541987334777,175.81911209460935,87.11267544042741,162.15052594695234,126.44933678259262,10.265111986706437,44.750800933859054,Lateral Raise
164.14501376399673,172.6839482814951,176.68736448638353,112.09398007838392,158.27380575779813,121.38359083382645,8.555295522019515,17.96692875785335,Lateral Raise
163.7669192741345,171.19781094525146,177.056165730966,107.4812385342521,178.87853545934877,110.91615385894984,4.4348106749177525,4.948838289706633,Lateral Raise
162.6719351751567,173.38627506314452,175.7128832080771,104.66228874913196,164.27310562710153,108.4550904607411,1.6305014319727684,2.176097559874953,Lateral Raise
163.6555878860332,170.2219231386106,177.58973178413476,106.71404861271417,166.97940189918452,111.18261278496855,2.172349619120355,1.9560161955538249,Lateral Raise
161.4183485068794,174.6274663728527,178.9481180947292,108.49545830488864,165.241562938949,115.66425023690346,0.7444038198508399,3.363918224917724,Lateral Raise
163.41817453186206,170.60362128627324,178.8145100009198,109.50018054198938,173.97442377322687,124.21740081672928,0.06529586680956138,15.543739971820315,Lateral Raise
166.39956679909042,169.88795743946105,178.57844444096654,89.77445295487446,164.07940049611304,125.42894574574017,10.382988346542346,38.97535130381274,Lateral Raise
167.01957070187,170.9787934430799,176.4442934566586,67.50711080748299,164.3818297038588,149.86793800102132,21.40997613414012,63.41792960269923,Lateral Raise
170.22102449870184,167.11084676708347,174.03261087617122,3.00196971511443,152.5460148226816,150.06154395505084,76.83066013301699,73.75945057199804,Lateral Raise
166.9091547231426,171.42810645594392,169.33711012347982,69.67438740856534,153.43715301527914,147.80251084022035,20.685754903295827,67.36707322812921,Lateral Raise
166.90015367741134,165.1908844092511,177.28702656245983,99.8798947355003,160.48268419393574,121.45742673697694,0.9769343442739676,34.30778780450518,Lateral Raise
177.87933111335064,153.37003096581344,179.16410878013278,108.1142193470404,159.60959391535476,128.5792496725345,4.643368197074853,23.497943841761835,Lateral Raise
179.29059224842354,164.1958710492586,169.67509041054214,106.21294048362456,157.15809797120795,122.17146525598116,2.905279560276596,11.094775105392843,Lateral Raise
173.31634410499336,167.07926590394436,171.5364642669437,107.29158500360084,157.79460061663616,115.86258154540798,2.1456288626384716,3.22758127280001,Lateral Raise
174.39525181621386,156.36972939157002,178.64170661976544,109.29694584401092,164.0844876583187,124.67689674293902,3.5811171510053783,10.33045350090524,Lateral Raise
168.00046429374055,161.98883751816356,175.15558687382213,102.18346596793332,165.73576240134767,107.96493457359573,1.070530085212893,0.46086137183708736,Lateral Raise
174.49177524580935,162.7342664768054,178.30926305719893,103.9989481918666,162.92714985708915,124.6066374436416,0.7778392685981171,16.697451289380176,Lateral Raise
175.83902975996205,162.13365241949757,176.29150215855063,126.27400204665256,166.68600188833094,140.82145871252987,33.25951946765624,51.25497792514505,Lateral Raise
145.67623685502113,151.69844931937206,146.18047744045035,145.24205480221593,144.37118166556613,158.7139782864721,83.53561618617795,92.23768971429811,Lateral Raise
152.40434456965755,154.74013242453657,151.44957642419814,137.93060092823927,139.82234494692906,154.84437618239596,75.60893961807241,88.10295037240041,Lateral Raise
170.96924531968978,161.60267006915726,174.8861936865028,108.38546711181624,161.97820952834147,109.09789414792046,28.321984477927806,37.39842943607014,Lateral Raise
174.38206294925504,161.3014409244445,178.29195348383735,102.86827037750516,171.33500763069,98.5403925262093,13.375477728750338,18.26810713512368,Lateral Raise
170.59397783556534,167.66436577277017,175.6649029813722,103.72407545765412,166.54771539933964,106.74954018548236,6.059125037336727,2.268840094642638,Lateral Raise
172.62262186142502,162.08138942084926,177.25611863097146,101.68387842156471,164.65923380551428,110.11966119187512,3.971497385521672,4.202762490977912,Lateral Raise
172.1359526814049,164.70542137460987,177.15273796030547,108.64686961771838,161.85199123473805,102.25950176380944,8.631054128896817,1.977986610365178,Lateral Raise
171.17781527403636,161.4943463908021,177.00686833257862,102.90716161782647,161.03966835442688,111.56546455997568,2.769199460724039,2.257907611177378,Lateral Raise
176.54084280407676,160.88445722786355,178.01740900490245,107.0026713890399,155.18000202919737,110.03127656764596,8.776435748467517,11.285172816185218,Lateral Raise
172.9549441827573,163.23825982245188,179.90994627958963,120.8851604703982,151.5529702701008,132.28367458147954,29.06810690874628,41.70210407385249,Lateral Raise
166.91468118388573,154.14249434220034,175.1530836801205,133.62178342170964,157.6483044004076,155.6698305730763,64.01597185206799,80.26855166915773,Lateral Raise
158.4843082718315,153.51551105603386,164.80168335111645,131.21279636501745,158.3240770123013,147.5757801846867,64.03943238174729,83.4227895290343,Lateral Raise
177.84121644851894,162.91498888817557,179.35336395085858,126.5585957678238,152.4998478169848,140.3055071880402,38.03248362295041,51.54979506985922,Lateral Raise
173.92454684505483,164.83632992585845,179.7333344990986,110.27184269032016,152.59831959674963,114.54315536300982,13.624274976468666,15.500657264702724,Lateral Raise
170.7691996453989,168.23520617152874,174.07957220895557,114.5580544914971,161.32502734350106,110.65991247560856,18.144297941259175,9.059558610205231,Lateral Raise
164.3570733976023,171.26137960161267,172.1424099440433,109.3737221126864,161.183612464704,100.91544112277307,9.291546755012984,1.60048243221443,Lateral Raise
164.17311824381704,169.38339812501405,172.35120075553718,110.39751194685276,164.79727577265717,102.91712654529364,9.062833340490124,2.7905717113964066,Lateral Raise
168.46067995043268,161.70322511230015,173.86782562265284,107.13162611402512,167.66832700379774,103.49829331950208,8.093784153032878,2.48827621787208,Lateral Raise
174.02809967557047,161.74993203077776,179.75406115777886,102.30225231899476,157.11245938333366,102.09627960905776,5.633209371232229,3.2943742131615044,Lateral Raise
176.54325650216063,159.56954570962463,170.46153405212337,107.53507204824376,136.7203743525604,138.45624783174603,12.209822041732275,37.999425007477505,Lateral Raise
171.13386729337608,158.34555263223035,167.776465593848,118.05394594497945,144.31670047089543,163.3408541041222,44.41217339502319,79.8578033851781,Lateral Raise
134.95947774505302,134.44202760575715,139.9071345150143,155.57890512910618,174.68504278626114,161.7470506984747,93.55338531024546,107.04797394002284,Lateral Raise
169.33172701159168,156.49908432973214,164.87079682149874,153.45937653841804,145.7989714484217,130.46944850334577,71.42952714512478,63.73723029512858,Lateral Raise
166.55153017337,152.58834770863845,171.35703525262926,126.8424772084968,153.23331062599627,136.09660795782457,44.03424082286931,48.45810490316377,Lateral Raise
177.0537441973913,162.49285640636265,177.16226936182565,107.86415368469676,160.000443500034,112.8591661978395,12.288685152630102,13.988267236604743,Lateral Raise
171.85112767009025,167.56361823148532,179.51674372074635,107.81739495131536,146.12401111520023,112.53129354981732,12.62801814181053,11.39395335950924,Lateral Raise
167.23779592895298,168.4753819693037,174.36804079549,113.67081007157876,161.33976509625245,111.63424330954784,14.799282882291752,4.120234261525441,Lateral Raise
167.03603418751285,169.31789639681378,170.73942214142235,111.4739271253444,166.56058637552556,104.80396129178148,13.195876464742993,5.210098943887042,Lateral Raise
169.11322738425892,168.29146233489217,173.2259381812513,107.75067693635263,154.81607412614557,113.26736260783645,9.760435952915474,10.161823412808834,Lateral Raise
172.52565981841386,163.5781527174566,176.0965644811298,109.30695336293988,164.29247487167743,119.7592530175543,7.282096651033779,15.114337520024916,Lateral Raise
173.50767622250484,165.2167698760056,173.29242148300446,112.99602332556034,143.81268827916395,132.9511890407057,19.29014646887427,36.94970313568687,Lateral Raise
154.1385811508992,155.10285350099014,158.1632465566353,140.82420484649126,154.01383186908396,161.82887592785585,70.87763400985098,85.65941649961283,Lateral Raise
153.6468841007812,153.7808881418419,152.48821693685332,145.5521820964935,150.188869389363,159.9267320025686,78.44021618444992,90.35371821249598,Lateral Raise
164.83161515187243,158.6866727984822,172.60111910688076,161.17207656389886,153.98625277844087,163.5549636457142,79.03631659713535,80.42748907821415,Lateral Raise
178.47848113294094,162.10497712174052,179.12534453283482,109.50587992256644,152.44999740332526,120.31846330621022,17.975322747476724,30.18208046399706,Lateral Raise
170.7098125057632,164.2411978471686,179.4403878591244,109.1819294706958,159.86871824085145,107.64576895849098,11.901051825746055,9.007214520931182,Lateral Raise
166.01624675181895,167.03239731365042,171.13955621108158,113.48246004271256,160.8875456096578,115.92245921548974,11.157810409207377,9.064073327813468,Lateral Raise
168.45777802420704,167.50710504138092,177.41214809970026,114.81578529477298,163.43852081931243,116.09594463181932,10.3291682519046,10.475055647330327,Lateral Raise
167.49266135654253,167.67976904450546,171.16710080719284,111.5605034388386,170.5015932945014,109.04707009967072,8.046470385935802,3.4044313596768747,Lateral Raise
166.08118035883538,167.72955055151118,173.6114209983931,106.32075282752388,170.02826142948072,109.52517157384791,4.594012755906191,3.3793605776792432,Lateral Raise
171.16402104228513,164.387631676939,179.61252442560624,109.33156925410545,166.2282589518386,124.24327774315046,7.06867183373734,19.120707863344244,Lateral Raise
165.29382517013707,166.50415774233298,177.85988039450015,128.03637400204573,156.43620851617987,139.15109905983203,30.40432274393773,48.93574725466824,Lateral Raise
163.12199605251703,157.20381568293962,164.05324190130656,136.41697609097915,154.10906940829645,143.76436075347488,62.79918763848793,80.19049372026332,Lateral Raise
150.18239422707302,175.478437236434,137.96710425559294,155.23967061427516,153.33099675924848,170.58867008299467,91.12122871058342,104.63107740809583,Lateral Raise
176.1751652417964,164.56021962574744,178.45304738736996,159.82573651093278,157.07888173338128,129.25760239075072,66.3679604810522,60.23773296902279,Lateral Raise
177.00553715996963,163.5999266018366,174.1195883589232,111.02992047526564,142.2450144955631,116.39527214970184,15.80495621963884,25.500937723303167,Lateral Raise
174.51991400482905,165.83945097665048,179.16116050899487,108.62335731711391,167.72212960147883,109.81297768727998,13.993272279909696,7.833101897635893,Lateral Raise
165.12346497380148,171.48124064554307,170.01135361527895,111.53627769680516,169.55854350722984,111.27813258975306,9.501896974512894,7.308387332199394,Lateral Raise
168.17243579982875,169.03358948639698,176.84025739412323,110.19608051560176,162.77476161895513,109.92136191209002,6.941818322856212,3.2296124844962693,Lateral Raise
166.28883696419493,170.32930585407877,169.99495836543525,107.70387813158132,170.20872204624882,114.94082850354854,4.600085687059655,4.8844492772509085,Lateral Raise
167.47341666105282,167.83983743742115,169.3917957259503,107.43620227542856,173.6638605724795,119.0539664815393,6.295524884525362,10.764814487510046,Lateral Raise
166.48818670489632,170.46440752035377,178.120004586481,111.09881403976868,155.4516226339401,119.07236608098202,9.065688658997196,13.24464380860826,Lateral Raise
166.70124652913313,169.90804449354656,169.2415284208204,115.70432436815148,169.62392061563605,127.60201153903694,18.016744397777508,29.49279505509748,Lateral Raise
168.93141121038894,168.34116877586897,177.65104223546066,154.38537532616047,153.15985857697763,149.34286709179358,54.94565311075366,64.12663316177,Lateral Raise
147.37230212340012,150.69710694430614,150.65920274213556,171.94028834982572,148.33035956788692,167.25647311601873,97.92392298351416,94.32831189227778,Lateral Raise
148.23582920448948,172.03606349305247,139.98935001030264,162.28791150819234,157.2832460181714,167.34797737722263,98.8413842774735,104.62580880341334,Lateral Raise
164.7669016965695,153.42749235177055,172.53893475270047,163.0091316584468,152.31896005634422,163.4306950106378,85.52011698424461,84.58718286679608,Lateral Raise
163.27759895822055,155.9688478261655,161.6039890606445,157.6151589433254,140.15669460678546,154.5404382514976,77.13510176333811,72.09441699265854,Lateral Raise
178.51219734273033,159.80573308159623,179.46985946906764,118.98592531039546,153.55206502869487,129.88803233051712,29.667307179057033,38.98867121304366,Lateral Raise
177.65478795185516,157.0434841591283,178.9947540711414,114.43266032391364,157.38763192658357,105.73990179113612,17.706602150548992,13.13578896436144,Lateral Raise
176.65051871924592,158.0468805497135,177.22183783650468,122.37271066990304,158.0546629586205,120.25320717880996,22.3969878137584,18.75566342705214,Lateral Raise
176.82269061543215,158.19951688386027,177.23298007941636,120.75076673116872,159.83329679772137,119.63369492717716,22.793280998009323,19.25763623924424,Lateral Raise
179.23386672949482,157.2066468714187,172.56108767356943,122.21654584478156,151.34985710632205,113.55995806798356,22.61827079517293,18.085341418498956,Lateral Raise
177.23436601013972,152.93828970114777,173.730891489072,121.62332065342812,148.80284710297,117.12607645064725,24.49315710557301,18.405431062216877,Lateral Raise
179.48634822042575,155.5633207214742,177.90937634606104,118.9225274814927,157.40801408735575,120.80704841517807,20.73511348534558,20.66581461116422,Lateral Raise
179.6673736149715,154.0534426045026,177.9302305103633,118.08556453171111,160.15918123232595,140.62092286879894,18.29571229791725,38.27043605967906,Lateral Raise
177.9269176004321,156.6626081565035,177.441244511895,138.01639939507032,158.5153116610841,142.76740528907885,41.9246652153708,52.314385590381846,Lateral Raise
179.38995227293995,162.82138910616183,168.4650533599618,167.155081910822,142.83595512342885,142.887061828351,74.1222977399384,66.93831503782953,Lateral Raise
165.235632486165,158.83471132264145,168.27303626092555,146.2676802716405,155.19151646653893,170.6042322004314,71.58632324671726,92.50603491808828,Lateral Raise
178.03597625279207,157.53978332866632,173.78500905514488,161.75580133719313,150.46537787573868,136.01108733476286,72.08599213118448,70.73732685939392,Lateral Raise
178.75880797007397,159.4698344762957,179.6912965322379,124.194671576842,147.04914904312642,129.99649107778873,30.757655810615756,37.6818946467301,Lateral Raise
177.23464374969907,160.54382844123086,170.19245948745584,117.96322372518034,136.39007925253227,114.88784429642176,22.0219477032158,18.10284992365095,Lateral Raise
178.94189153807838,157.27686904334917,177.02725818929028,122.52475397184595,145.3444852073571,108.5272254796983,27.230369364593695,11.995314563752364,Lateral Raise
178.8762128158572,156.65477313759231,174.8400493733037,119.69878027164938,146.92549207992434,109.4901642361703,23.459617929760434,14.875467826417957,Lateral Raise
179.8680945228939,154.70722051975994,179.66418305871758,122.81562011829332,157.8144245927619,111.62064240020786,25.624509391695323,15.627932980119168,Lateral Raise
179.93266471422206,153.69636245898775,172.39508728945654,121.204485601508,150.9173068008421,109.06653029824945,23.603854760563085,11.873921082621912,Lateral Raise
178.16110332989226,157.77511842680036,178.4382158065677,120.73073906177314,153.8645091337027,116.12609646516724,22.39009722925126,16.519143401755173,Lateral Raise
179.56524685209905,155.5239844283468,175.15387747463026,117.54038722531764,151.0578302951399,124.59641407152677,21.680360309181378,22.48053374806951,Lateral Raise
179.18719026525403,153.52164428756174,172.9434312816861,118.4891818819704,147.23221300834564,142.7469357482478,22.29363840141199,43.75595860183099,Lateral Raise
176.8787068446273,150.116991880904,174.27709383697382,141.34039189124064,149.85516009374294,140.92452773351647,47.18127476514496,50.07834305267128,Lateral Raise
161.53582489525053,147.17550268015194,163.99183585182308,152.1961837551451,152.64879186868288,170.36301447240035,76.37016001586288,91.175943261141,Lateral Raise
142.29969338974868,161.19672013800124,140.24225577566932,166.56755908237358,148.9591821271394,161.7386993017477,104.51837218666152,99.1322429242544,Lateral Raise
170.48143329580313,154.3898679671598,164.67994337882308,143.5489605983925,141.48825580600837,156.49754792340195,69.6658868332814,81.0707870452492,Lateral Raise
171.9215263811962,151.71740368896914,171.56351050937766,138.8735652032997,150.38907607028753,151.46260692187826,51.70882405193895,52.531358843867515,Lateral Raise
175.297828528425,152.97761751389484,172.53547846063142,114.04634280330852,143.36737411475812,132.4167920278104,20.280428858007205,33.691813187918996,Lateral Raise
179.08302016049876,154.4270541390511,173.57194508275586,121.5482369154455,143.51768090624884,126.4927759371491,23.75401874139597,23.12257962005546,Lateral Raise
177.36324885685852,151.79837437930507,175.3110337966954,125.38052330193185,150.36461004383966,121.0718681349816,26.331346353254915,19.81820162071776,Lateral Raise
176.92117629612574,155.53725702263802,177.2975713589431,127.01892800404492,149.0111309751403,119.1595574628354,24.899288750436533,17.141234159499966,Lateral Raise
176.63613534602334,158.52232480000083,175.7502408502324,125.81480026675638,144.38279636545698,120.94110939595323,25.532193291116524,16.396445764127805,Lateral Raise
178.39520942651515,153.78917632226526,175.93467485712912,123.44160322087583,144.76320752574796,118.99735726290504,21.256806578226577,16.302629495408343,Lateral Raise
177.18242111617383,149.2496248274134,175.4024018581933,116.45617700078196,148.00036391829178,131.35245076915697,15.649777247775898,24.12076843996466,Lateral Raise
177.7412366705201,150.33310937782915,176.17705919682015,117.5327842624921,155.4784059155993,134.29455681310566,20.157095400153047,37.336498918280256,Lateral Raise
178.28832819708202,151.10642992590533,174.0326562391972,134.17990893703538,145.66948362768798,159.97572557012924,38.56252053070956,54.73207557662492,Lateral Raise
174.6188459137865,147.28674761530024,172.56581314257025,151.68880638291634,153.68966154316334,146.12925457158858,67.92646839341036,71.47935725435241,Lateral Raise
167.86501609896874,150.6505143640626,166.71595264504165,148.86977120072092,147.18077865357247,155.46453474315737,71.63526897359787,77.9228521178287,Lateral Raise
170.7093119439076,153.78924371168574,166.81814285471063,152.65024086979145,152.00514431293928,155.55447450461895,71.56964519265034,81.00786511300775,Lateral Raise
179.5960504212839,152.29087791811762,175.51757847747544,166.97005470445333,155.64343625740665,137.9986216947407,68.1585816610171,64.80114623992822,Lateral Raise
178.38980376638673,149.79437613611006,176.79655786940205,129.28093672884333,147.7722259019225,139.20059425020565,31.18009575247952,40.2360301722112,Lateral Raise
179.9510692469871,155.05963616480852,170.9235957248213,114.80604703471448,149.7092343820684,130.28906872271776,16.85911003436555,29.70596859083119,Lateral Raise
176.23775218943254,149.40583367671954,171.6542959875719,115.48703668054232,153.80801205476183,110.9729786891166,19.244247087962435,10.919269909145022,Lateral Raise
179.69815036612576,154.55033744837732,175.62439338518095,123.58541189883422,149.7707124140231,117.92364594384703,23.998162249340975,13.717722852041884,Lateral Raise
176.64688942771096,158.06532178261054,176.06534250466038,118.80195229577656,151.2454115023485,113.52033522715166,18.74695342234526,8.738311600157479,Lateral Raise
177.56970450675746,154.36910445367107,179.33390626516257,122.43526115252106,159.2164103477662,110.12929375140394,21.399902162001997,5.803368105289571,Lateral Raise
178.94746243634884,154.43876707109874,176.59020158245636,116.38301532158056,151.7739349992974,113.49999891173944,17.84108028318106,13.414312557194767,Lateral Raise
179.17665076646634,152.53847356466937,172.34705391791726,115.63115153585466,145.68686002455138,127.97001171342212,15.715303008474743,23.124023683779605,Lateral Raise
178.63088402845457,155.17888853538682,173.0461510256937,127.7720799238556,146.23505983220352,141.9479615968232,26.51181644586579,48.38123247332419,Lateral Raise
177.01646922216958,149.74125490500495,174.1179769406748,157.95950215369845,150.83070213416994,128.8656084131065,59.62869527155789,51.49986083297247,Lateral Raise
171.9874605337801,156.32293738744573,159.29310443229176,157.41970267506824,140.55004546092846,139.92931871504447,72.26242084514479,76.05711286616179,Lateral Raise
177.28314458459096,152.77769617803526,176.06793611181791,148.49819954382687,151.29436836745916,160.34207696498223,61.703516772044985,79.55122701336312,Lateral Raise
178.65901581653227,153.50805069077435,176.03928644287944,124.54065730745324,152.12960450993697,137.21031195389688,33.37162597415189,45.954556711369634,Lateral Raise
179.47026399238214,153.94881462327666,169.10606018485817,117.00104136026084,137.92450587175625,123.13374745260668,19.03240202371432,22.807910783408285,Lateral Raise
176.77443915827004,149.62970153360214,178.27169197695503,117.34455802513054,152.6427600528203,120.3391059659372,22.155749244516823,22.95276650002095,Lateral Raise
177.65051961681613,148.56486204482457,177.42002588731674,123.31311579859818,154.6963512975052,116.70385570986905,25.29937285434084,12.370789563678864,Lateral Raise
179.46577765865516,152.33652314571873,172.04091547335784,124.11112781295284,144.59259838967145,118.95751888306492,24.819759937828465,14.036860466618917,Lateral Raise
174.2830985042797,160.5131988646873,179.39176204620438,114.52565310822608,161.04923019658062,116.53255545390206,10.101433468018532,7.712267948764116,Lateral Raise
175.35660983630996,165.54271377097515,172.9361991790515,121.39250386353883,152.21144119833423,159.66518837604204,25.89513744982725,5.448339050797264,Lateral Raise
168.45722730431706,175.8536492001506,162.52693132354725,130.29554302393393,121.3544813741846,179.89405784722572,29.41838185338203,16.959673586446684,Lateral Raise
165.36908963845713,169.00568909379797,164.34019753779825,137.19098233662274,174.41165418940795,176.9734692966895,24.352672049216775,19.755004783627665,Lateral Raise
174.88468086023707,177.47803769521897,164.42331956799376,141.9610397908589,174.57005276052732,173.9008314473202,31.852636098497214,21.032263848878028,Lateral Raise
172.6262073300799,175.43903375037726,166.01306597341133,157.27922552694102,172.4099893263638,164.13499825616685,51.03796508673507,23.84272679209313,Lateral Raise
174.88132166265373,153.1620679554234,137.11607151992115,153.93400449286176,131.9948335631524,149.42361529056308,51.286993139978605,17.617057295731424,Lateral Raise
163.81335603807295,66.14131452892256,132.3092950130927,173.532989467781,107.0066740783966,162.9001753902305,55.481896152570656,12.556385222019294,Lateral Raise
160.06044923970506,159.74735985781732,167.15139311644586,158.38067779275246,167.7144916502316,179.41871008654144,11.941408086328806,46.23723045074026,Lateral Raise
162.66587508171793,172.33116523207434,169.90625190792582,169.55387482896165,172.26019338142447,159.894475507582,21.44737053728978,35.76850550263927,Lateral Raise
168.1141009628976,178.40215551311007,165.70410506674804,152.48035321357452,176.6924678724708,166.46389488832315,35.86716532549425,23.07399996235863,Lateral Raise
176.4763240453021,179.33182008938928,158.41760435141202,144.94927298696138,140.05011672538305,148.32067601169064,24.121791064211273,14.35672650746707,Lateral Raise
156.9555185615736,154.18541577061526,151.48015477390533,135.29457548429536,143.8915847963393,161.9150742009862,4.752324106984281,17.494839941758137,Lateral Raise
174.55077843160333,171.31581015423993,158.76271333494378,99.1060855724183,157.08508358841902,130.07894250732602,0.5278904418156424,6.659066823903914,Lateral Raise
175.592854519727,173.52993004468067,163.24249201999302,101.8475098042366,137.3252303384,121.03661113996247,6.168507369690105,3.3186414954224888,Lateral Raise
163.11765566599945,133.11087924515513,165.76819562963885,91.9831158884674,150.98247099461148,114.65002827093976,9.02820800554434,2.3619051684983514,Lateral Raise
174.14416493098685,158.72656730740232,174.0441497043536,97.0018784611496,169.54117454431423,116.10884370263386,0.46643216995408165,4.144954178598176,Lateral Raise
170.40755365289115,157.964765716715,175.15115649942544,104.59056124081788,163.12803919676702,117.92816830148564,11.490985153468456,18.52252471487144,Lateral Raise
161.05924489826307,154.64134955834078,160.21909643337773,122.6665397645609,139.99597550625717,128.74548355798942,41.752673331011835,19.82897583527476,Lateral Raise
164.41970746400062,148.37353162509717,171.018528327154,151.71403722965405,160.7813264892311,131.1797246121132,75.9605833380692,70.65616580919264,Lateral Raise
173.28686837121268,161.04263568924387,176.90326062712575,135.59021797682453,163.6949437516479,124.09208608934206,47.609475313159805,54.6056226801585,Lateral Raise
174.14442715490907,161.23347198449002,176.75258142114427,109.60249385728326,172.32295499653085,110.02130226858463,20.067959721306224,14.137412736633683,Lateral Raise
170.0198364174673,157.46017259145995,172.70459792719004,111.10557467465031,156.51122269854054,102.49318719736146,24.695628469917853,11.278634117968696,Lateral Raise
169.40726244927671,157.8722810240316,174.23102617614555,108.54826309743451,162.7219927849987,104.0086639287562,23.01633857652976,11.507246685250772,Lateral Raise
168.5042247035162,154.03255022745373,173.9226121949073,109.51839240308392,163.3763377807015,111.3661790584874,19.477862584296343,13.884840732791991,Lateral Raise
169.77112331517105,157.6228824418053,176.42797962987845,121.42668154473202,152.8803937616789,112.4493502408396,38.7108834914845,15.10544391531001,Lateral Raise
172.9575643056096,155.268187883029,176.8785223115524,155.93469937048144,164.8897423559788,118.15610399916928,73.39695006263105,65.9712853373316,Lateral Raise
171.87174635795532,153.26040553237024,175.62334885731843,128.38279202505618,162.98921835910213,104.9707130311694,41.68223649969645,38.42149021526704,Lateral Raise
170.47352483054846,157.4399070183755,174.54273535552483,105.84823109712188,160.92503680484637,99.29411177738784,20.829995152418537,7.516445615542001,Lateral Raise
167.53763697981785,150.599020944887,171.84855345083065,109.0272009017314,158.2037178048602,114.37610189264689,21.10217021701449,16.342438890319666,Lateral Raise
172.43386968548444,152.8055033160247,177.67780159281557,110.35560398046698,160.04969720061308,115.99105666831414,19.76003518617409,14.348972751402282,Lateral Raise
175.04943897244826,157.17351658886224,177.9639709003367,106.46492145356558,162.45427044295363,110.99414633441688,15.079756974810437,7.3891482304977885,Lateral Raise
174.0255162462876,156.98604821870848,174.02863935093072,104.61955090918572,163.85602186132778,106.45957229206152,14.053675349674233,2.078061933449686,Lateral Raise
170.0833737472161,152.44533263698992,172.5217104369582,106.78426219090612,158.62116888081718,116.44530051816474,16.61462469145905,12.933475431934436,Lateral Raise
170.49031571912872,155.46863246809025,173.7061589914841,114.38724621683272,154.0336272832892,103.321162064286,26.106033431375828,14.714344657631337,Lateral Raise
177.21223629305942,160.33604770493923,178.38847843617287,150.10276755833513,165.8452892671604,115.27734847773009,65.97179077825797,56.31280707504296,Lateral Raise
166.83428159964976,149.29743668689972,174.74560223808032,157.29989272948643,161.1307985908732,127.26698712628765,80.40792370038155,66.24852016449051,Lateral Raise
174.59395837843496,152.91544200790216,179.78405902692415,148.20499184761152,165.44248944149928,124.1569353193374,63.06609739163518,55.97337386226201,Lateral Raise
172.69124059600895,152.1113619086845,177.11533848175375,117.1941504692363,157.07292865693367,111.24287806958344,32.97337341511743,25.68737510428397,Lateral Raise
173.71725452410914,155.29090399829468,176.1948310631875,111.97783035691133,153.1406924945835,102.88561563374692,25.881022779817915,13.463386265393606,Lateral Raise
174.5703608187856,158.0112520130973,176.3416213900363,114.57079618914509,157.87281004185462,105.3452641486342,26.09873258835733,9.762486751173238,Lateral Raise
171.94116328996498,153.41183742308968,175.98917589476795,113.28574910641797,155.41569647523556,110.70514150764978,26.033534185548135,8.658195503498215,Lateral Raise
173.07696952065984,154.39129953354032,178.30933666789198,110.51682306329376,160.0268164020795,108.39969066849632,23.750475795383934,6.754724137731429,Lateral Raise
172.94999224252123,153.73361852010837,177.54861851959222,108.66522024133464,157.8218370375945,106.25817235630004,21.071533971211576,7.942800845650107,Lateral Raise
170.56866404200446,150.21439811237465,176.37603341447803,111.61541727057956,160.48323024472154,122.67979907706273,24.583083276356476,8.062850599375587,Lateral Raise
173.95380055960845,154.62620960316107,173.29018388847098,137.86388607504472,157.7410499902251,104.75818151091784,49.091892386953255,33.13914889704302,Lateral Raise
169.98826730419864,153.24768753677165,175.29916428386085,152.397868908999,160.29992453049454,125.76001838996451,76.57526335559035,69.2554911395056,Lateral Raise
171.15288864087125,152.6544856117816,174.4001357614695,154.28284378196955,158.7401646471107,121.8951554646012,78.94155876704016,69.22991840062797,Lateral Raise
174.8318772526141,153.0080817721619,175.51627689313824,132.1609820413409,157.44825731430487,119.99612168444104,44.00390137122455,43.312414592834024,Lateral Raise
173.11635777188644,153.6564115672454,177.22844973275477,113.6265341923856,156.0230809730229,105.20234408587436,24.130403959911863,10.035203055341611,Lateral Raise
170.28753276380078,147.54891690911236,174.32475908395097,116.00477689726742,157.44603657764452,110.66947810688262,24.701654548449316,10.255306225879888,Lateral Raise
170.71460401672397,151.0570393022436,173.93663477640075,115.17100931117054,160.7941276980303,120.8912472458296,23.343874280997618,18.913436223138575,Lateral Raise
172.57362399990953,149.76997284957662,175.48003313470264,113.98712844304563,157.12873639519162,115.31019013672535,21.769934202736877,12.96730345376384,Lateral Raise
172.31338431153677,148.88891782183282,173.89532290501262,115.67566769821454,156.43914155022128,113.39869779977244,23.186787359728456,13.238424469987976,Lateral Raise
172.16312137689417,148.9312574487629,173.98265102010697,116.29835673855314,152.79181550893043,113.33675247908874,24.570128282871508,11.381039936561582,Lateral Raise
167.40960397502997,145.68598673265132,173.57052977818378,113.0950045318286,156.03482393413353,114.23295909609196,22.91074194293447,18.64193675909451,Lateral Raise
173.14054858461895,151.49902296901934,179.71246264147882,123.46337587591984,157.4637897000501,118.55549800622111,33.05322159164871,19.257209623948043,Lateral Raise
173.8375968153785,153.8028785079674,175.7186430995577,150.4697948455522,158.02361220010016,102.46721259994584,64.95194163349913,64.89387017919191,Lateral Raise
170.17725825553146,150.3076373296969,178.38640988351494,159.596495438974,160.57801278388638,153.08391794400174,79.90747909367296,73.20137773988873,Lateral Raise
173.95867610470344,148.19096563853088,178.13393082493815,156.36133225700792,159.7544947053275,162.79640125668828,73.81494588350594,72.58672162892654,Lateral Raise
175.47590499508226,150.5698577179247,178.80672395532892,125.70861498860324,160.74246472511857,109.20404257778392,36.10671201512474,35.55518826821266,Lateral Raise
172.41793657900365,153.0977457872334,175.18681228951502,113.88791621091109,154.8727883373291,106.6687227893748,22.25748003644506,8.164517088976805,Lateral Raise
170.32128973914,147.96867662776197,173.06748189551112,113.20137965128872,156.43452672932094,113.25311128511498,21.32845914443728,15.544887125702871,Lateral Raise
174.96563039367524,150.6511488095135,177.61634824091732,113.10419040149831,154.6909710250456,112.79754300775396,20.702246497974077,13.040996535121709,Lateral Raise
176.5217079243136,151.40947732360513,177.1587780079615,116.64791873313176,156.41554923313964,116.29740547703172,21.051216087617536,13.298135602037584,Lateral Raise
172.84511806810366,147.42768323557982,176.99954900733184,113.76974001289594,155.21040812950227,108.06108796546113,20.36114388713191,5.549463010828377,Lateral Raise
172.78712899480084,149.04974669716304,179.32103726697568,110.48780553550128,156.53741944915274,116.0453401090993,17.788767047097956,12.85730019989332,Lateral Raise
166.4701137720901,147.59503086420477,174.20214049235605,109.509626332168,151.79767680196525,114.99554384978973,18.557260774509373,16.855096905491482,Lateral Raise
172.53870815042148,149.58996826533803,177.91880782240048,125.06068474978836,152.6184369476499,145.1130926880575,34.42650014832986,5.222257764226325,Lateral Raise
173.51811140374454,150.05816198886086,175.01239393127136,165.65913891617873,151.74956335581004,156.14296933960208,77.77603098757682,54.01197456560641,Lateral Raise
170.2657720710438,150.14904294812905,174.38443874678546,175.01980284580142,153.20094069874617,165.38292623270374,102.21933689087092,91.81252071232691,Lateral Raise
172.58614004892988,152.63878868425715,178.36527544770595,173.94150042487468,159.830005488922,134.48904533067025,87.58306192785552,80.98519423801888,Lateral Raise
174.81851272154313,151.09179227571005,179.38402270159173,142.02793079057466,158.61260902344964,133.80242985053033,52.22365285820161,40.788710490175774,Lateral Raise
170.1464900872459,151.3909075422075,179.052011504911,123.66013201725588,157.7301292547074,114.26338493497067,34.58194403371504,17.230447850762687,Lateral Raise
170.87315340529003,150.90665433272167,178.04830023735846,116.46559400013376,159.93059253449806,108.85458283911274,26.8077139691835,16.440003674705434,Lateral Raise
168.60371746481664,150.5563022377558,173.62224065556575,117.24970320428012,153.7097518449538,119.56414709729276,25.07478923724098,18.595720853388404,Lateral Raise
168.65374163336188,150.34350385218357,174.93456598466486,121.50051268881448,158.41615376095547,116.92655591194396,28.52387433587943,16.96946381079965,Lateral Raise
168.7523182334229,151.12181929469736,176.2429282450318,117.13483206531792,159.19835663470408,116.0248399100638,23.98590968619016,15.058573324219635,Lateral Raise
169.1389724689461,150.35481556849925,176.28908963211413,119.87606692499948,157.45273874704966,117.89253182997808,25.099073516923536,13.724402152784029,Lateral Raise
164.82347907380904,146.50025111920115,172.16903889078228,113.05468883681692,153.82463288678832,122.5753621250454,21.898111766394344,18.880545612942747,Lateral Raise
170.97882611540186,152.80945715648255,177.03222493120722,118.33850562448538,161.72751737184623,117.84205784671298,24.234311984141048,22.78066557415951,Lateral Raise
175.42352527118416,155.19806885419197,179.11845326965434,136.55123727451254,161.3019150088626,130.67050939376392,52.948168490768,50.55640553090021,Lateral Raise
169.39531837356364,152.4962269377518,174.75967719003543,159.32148882888802,157.63935230921393,135.7504225465061,79.24969092499485,77.98862807350787,Lateral Raise
173.38700289697098,154.50180529188694,179.74209922067553,166.09092157097325,159.6803252189118,170.2611868833547,82.07370519978626,62.44705835193101,Lateral Raise
176.29820294669796,156.267351351651,178.18274103913046,147.54006752417672,156.19985487603628,148.223921911816,58.05453245513527,36.442000587150815,Lateral Raise
174.335090129375,155.28885290818258,179.91254148906108,128.6611547959641,155.36735710200787,122.02258545485884,34.811432079373844,20.19147376444376,Lateral Raise
171.2457221291983,151.89352204607263,179.40779262847818,125.01045754656684,157.40904333813037,118.1567883855352,29.039514676691468,14.964205578415504,Lateral Raise
167.87018781779693,149.5125271409329,174.07133565428532,117.6573690398538,156.82805048532862,120.18395216074028,23.422403888398048,18.11286196222328,Lateral Raise
170.24491770259007,151.1589905171643,174.47660770371354,115.19360997140208,159.0248633021677,109.56392870895196,22.72410561669811,14.405642982602624,Lateral Raise
169.9036249948822,150.96727599241476,177.33206816406516,113.79960591854784,157.82350408440468,107.06564957879924,20.86889195951315,7.755717923311117,Lateral Raise
169.42572049944567,150.3257586919113,176.84043021516257,117.53839612607412,157.28955800413397,115.82344879423806,21.583498236197983,13.65742411290447,Lateral Raise
168.2049669684492,149.45431097497803,177.62389076574047,117.95257059621252,159.0050495766667,118.97722748026902,26.12958800002541,20.48932775889869,Lateral Raise
172.06543925063318,147.3636608141226,177.58664442257086,128.96743799717285,155.32275913556182,168.92366351928007,36.75158392879343,14.812359573898508,Lateral Raise
173.8258000855815,151.63939260425153,176.74365102218593,158.75155007982303,154.1252205826681,123.10267436713724,72.06548882704956,54.60129634753431,Lateral Raise
167.87384105900355,149.13295290806548,177.3473557789817,153.99411399049876,161.56851735750288,170.14869649224497,73.82129921628987,68.30030664893991,Lateral Raise
174.3274232308148,153.08879285830236,177.21293716263867,167.1171491208903,162.48031541043932,178.13387428258744,78.32332156498961,62.18759097241456,Lateral Raise
174.4346475576656,150.63453900190228,178.9332613553578,135.4628393711909,157.85141788360218,170.12592139589265,44.68667290169713,2.0579035731930153,Lateral Raise
170.00183778335466,147.30986051162145,172.74911715334773,119.91801438035664,148.4956768521316,111.42646992468008,29.4797359478755,19.795538901778503,Lateral Raise
172.79565148950522,149.1623970406178,177.90264959652566,115.67879297501952,156.81699680095318,118.0186685434584,25.0914540644481,18.678324189403913,Lateral Raise
167.96165840932878,145.553270985604,173.7346506365589,117.35645274496022,152.4702091654604,115.64836874964922,26.49194141309708,17.682518736665486,Lateral Raise
170.58259192261258,146.69794822949726,177.8639861649341,118.27986384951728,157.96577430838332,115.22613642351078,24.839120817966418,12.862623910476426,Lateral Raise
171.29048091023958,148.60347553630243,176.82596865020005,116.94500152142324,156.48304892529922,112.6801006056158,23.287988689876176,12.816044963137909,Lateral Raise
171.32470861954556,148.60541938096827,175.92982132291263,112.87924019089368,156.10484796807532,115.7174979231552,21.131726490486773,13.08147019208488,Lateral Raise
165.5220652689674,141.90727361308348,171.6377011041273,112.49537025059225,151.95387930462613,124.38179921709778,21.767635944245715,22.116176110121533,Lateral Raise
166.19437539125414,143.64479848704275,173.04325960901653,118.63864237081388,150.9053134456753,125.5510993390336,29.89658327441481,21.83302266072073,Lateral Raise
174.36009373973468,150.1033758912891,175.33458758945167,130.39307177964778,153.49009891267502,147.66655439502676,40.61349542818512,13.315960677718472,Lateral Raise
170.75293618942823,145.55634491078783,171.05280454322667,156.9247338117886,152.82602892120144,135.78631304841767,73.12494833413952,55.773980649241786,Lateral Raise
164.68963440604983,144.6261751253976,167.77919151267128,156.08938765999363,147.93153637646105,153.94546409346808,78.53750800342648,81.69607143958393,Lateral Raise
173.44612373076856,148.35994385712084,177.41622941703574,160.76723807373523,156.31992415407453,149.07278203807624,74.96651312366886,56.02616587195829,Lateral Raise
173.7840483138674,152.25022684196674,177.77600614420086,124.8124510297354,154.86033121434048,178.2832499811192,37.09920555638675,1.466253630339327,Lateral Raise
169.59919651285216,147.29082335049057,177.50336808365643,113.35965022951206,158.6530311714465,123.9113092227947,21.867311220571676,24.244296287504813,Lateral Raise
172.15219495730403,150.7915349025578,176.6787604395555,109.83967520010316,156.9834034272517,107.12589378233918,20.447369875695543,12.501166499743308,Lateral Raise
172.53757159541033,148.0246622538271,176.28574468218068,112.9287539847308,157.00037975444974,110.59391589309772,19.67049172863282,11.360433567667815,Lateral Raise
169.9091742676755,145.83849694345415,174.8399965864554,112.16941756296566,153.91471490407517,111.80567277581324,19.05107303472558,10.387549643860517,Lateral Raise
171.81710727586332,146.86855050692344,174.72838522513743,112.38207247624132,155.25634977681324,118.16348125850816,17.954102986565776,14.631806414221648,Lateral Raise
167.1912669329843,143.9811398795768,172.05847997704942,112.41562457919918,152.68034583508387,112.67332526731414,21.06199729219856,13.823305016316558,Lateral Raise
168.5650171567853,144.82911736322166,174.6665581406905,118.21903771338953,152.09296788271934,114.31007867598817,26.702184939608987,24.27149095785715,Lateral Raise
175.0552313396671,150.70233386475113,175.8547704861058,128.9413172040293,156.91973948676082,132.75150914749847,39.4587715285849,19.449139511118435,Lateral Raise
172.51736885740783,147.21368061111752,173.36256096966935,159.84655570787504,151.6831718296014,147.94653411843993,72.91452543072828,50.49975866472551,Lateral Raise
169.45380410462602,148.8993894893734,171.00545742386856,156.65603637800157,149.9765921231864,150.0585411603865,78.8579348393819,77.60201209426015,Lateral Raise
169.35828494762984,146.8901446885534,168.38860962475792,157.87630730894105,145.11350021178265,140.99077613613915,79.98791719880835,76.56799475221766,Lateral Raise
177.11633498524364,150.79223523172155,178.82454682343024,147.27259826399472,158.7085390548523,138.13040086437752,56.36139768408587,45.62606504220488,Lateral Raise
174.1835193340136,152.52157084145358,179.84532212126263,129.08863293997044,158.31110725532002,149.59238435660086,35.42839736757063,18.36706413975422,Lateral Raise
170.02150010734348,143.59400806700265,174.39952897156374,113.49089659907747,154.80266461497777,115.54097467668257,20.313060417422772,19.231009773493938,Lateral Raise
170.3926273703496,145.81001047232544,173.11908988585878,114.21111302718538,152.509046672049,113.63980821768766,21.75395299097733,15.4509556222154,Lateral Raise
175.5136345545884,150.905596771323,177.29157825044572,116.39259467943567,158.22484295409006,113.2073974925867,21.044952646834258,11.241002784057928,Lateral Raise
175.2530904935367,152.14947370389558,179.569345368918,110.848583776288,156.28833410569592,114.30751966610438,17.284272437353383,8.879449273981038,Lateral Raise
170.55073263330345,148.09480379597278,176.73662811857804,107.92819554943496,157.40674185510662,106.07054820731577,14.275668979240864,7.919152622877904,Lateral Raise
169.52144555979334,148.00861388180735,175.59964203375145,108.8477716354075,155.85235114341063,107.53544827957968,18.38977377559828,5.807640520242821,Lateral Raise
173.4133181767818,149.0719048458854,179.9690212928136,112.83969868709968,159.88207631418058,113.60525904396252,20.253790683003025,22.34732605403281,Lateral Raise
177.47825998103835,151.24910434854797,178.09667530332055,140.73832770730516,158.21830861829085,152.69804605777313,49.2833438219299,18.63185830411986,Lateral Raise
170.83151958506423,151.42647192248774,178.21341153184684,160.19651018469216,161.37051112204333,145.7131787907872,77.36867715563515,69.66103614975334,Lateral Raise
174.34331283407616,150.333120607734,177.82778052095082,159.78151990342766,156.83896944196175,142.32796140028628,75.11720566436497,68.06512169935381,Lateral Raise
178.44674071396716,151.4740926342708,179.84153290309197,134.36372812163853,159.0560182499573,124.80117264231956,42.82058247607374,34.9684843281249,Lateral Raise
173.53256658041673,151.7417632469991,178.64325135280026,116.8241849066842,155.03910963570243,111.35599823630515,25.57199146646213,16.642089891124982,Lateral Raise
171.29653449508692,148.09393166151244,172.19463169379637,113.46606575799574,152.59307286221903,111.96148826064726,22.95960664271722,13.547311657533752,Lateral Raise
173.49065288878808,150.44763220351703,174.7085801925736,112.2317408777231,153.69883173627125,114.73756466803276,21.732335039682503,13.323070397874476,Lateral Raise
176.03678882456308,150.3934739695131,178.8198610236315,109.7785763926362,158.2394191321811,108.59040636884748,13.876514847649458,6.896570479384477,Lateral Raise
174.49633741268116,148.1679293364237,177.7257355164204,109.66902495958044,155.54214054833017,106.64208244075724,14.491224965548245,5.244010468257961,Lateral Raise
173.21664534783025,144.94397881239885,175.67449187217477,110.31335368648368,151.761545489223,121.33333018967318,14.402020516544756,10.505809016103951,Lateral Raise
167.39913092816636,142.41624495490424,172.02673175137906,114.13829399338988,150.70223671660577,124.19900268239851,20.254279314946093,22.981864265145475,Lateral Raise
172.03580087855622,144.5815582867146,177.0882806162258,128.15480239467087,154.33418466743746,122.22626790078355,35.63885035481952,29.451896203435,Lateral Raise
173.84167665028497,147.3293029919239,179.896035965405,158.93738231443248,151.9033249990585,168.16212091063332,73.43124452706498,44.33015361549707,Lateral Raise
171.86091371195124,143.3760268142428,169.9628768205595,159.6124105820559,147.33842187555413,128.09351531559952,73.12071182988076,48.68048815893572,Lateral Raise
173.27584745100648,146.69566100775603,177.1567164785492,142.3240530350507,155.16534454375565,145.45800240349453,52.51457577622554,30.778650087023127,Lateral Raise
171.85782660300967,148.1688926584354,177.85587442428914,126.70530814196076,152.0913148559013,178.23727081198385,34.745202928214034,4.3202342519221135,Lateral Raise
167.40776667977485,141.31039719694098,172.79154337507293,113.41907557275132,148.07559236759764,115.18141163602652,21.059094466656394,19.19270203414159,Lateral Raise
166.1883978290438,140.23285649480806,171.79141599548564,114.53633793592716,147.3188137068353,120.17084154955988,23.89842013258664,19.05230833260344,Lateral Raise
170.35311746566234,145.11204928900497,173.3754214019066,114.10795887512296,156.10608840123655,116.96426802768838,21.601770370919425,14.403051539299138,Lateral Raise
171.9965948724856,147.21493574950233,176.10183585393045,114.97965164622464,156.99615198103902,111.00752628559988,20.09153775499066,8.368014945163651,Lateral Raise
172.24104758405812,145.8440561364729,176.94568877250518,112.1445792385831,152.87374404441027,120.15302948709392,18.21339214767069,11.641331967077036,Lateral Raise
165.70801331263246,141.4773853702227,172.24275974281008,109.15771780111046,153.39735381163237,118.0932538030371,15.0863741706911,18.002396985840704,Lateral Raise
170.07075401710628,141.0751736042985,176.008400668762,117.81127904154678,151.96827498711843,124.50043424709057,24.834774001877253,27.46090054655964,Lateral Raise
171.8520658636243,145.01630551419245,177.8913347773668,138.40332418909665,154.83605336893393,144.8054941307168,48.98581137255444,16.690636787438432,Lateral Raise
168.39956684089572,141.4656268382996,173.91677371603976,156.9147662813458,155.00366163198103,142.21355741958783,72.5575825064727,65.71681084266933,Lateral Raise
168.99089945605138,144.22391687628877,170.2322909069234,161.85951522158928,152.24658980863313,148.32042431671144,76.28806174451883,53.71018201978281,Lateral Raise
173.0261535914155,146.46158033738615,176.0694701605818,129.13575927034216,150.9257259752871,161.46329037598358,39.08737174133428,8.573243719780871,Lateral Raise
174.0510833890019,149.50840204158226,178.42204043592747,111.63656982325917,151.14654900242243,156.6522748491463,22.05361960114518,9.334500979642216,Lateral Raise
167.50431301161024,140.759211840186,170.78899482517664,112.97354312384589,148.9838427265491,111.52699133042948,21.378365897816114,15.053076990217324,Lateral Raise
173.32352158855264,145.7755025438488,176.18080696487738,113.4665413735193,152.729200521417,110.71056719645352,19.37677045006335,10.158441367606777,Lateral Raise
172.05619615323283,145.1331515283629,176.11285335691045,112.81856701510527,154.47542258059056,110.45286085859624,20.196960862096553,10.847285272507522,Lateral Raise
169.52903479914525,141.34812692947128,172.98077777283,113.84419648062256,149.6974820829144,121.79891255975512,20.58407873037012,16.97219507602348,Lateral Raise
165.7761401971024,139.36930257293403,170.29148696695583,111.16612546202836,149.44818506901328,119.50639835518103,19.50713118764284,16.182341964253908,Lateral Raise
168.92801854744587,141.4594874015457,175.07822159137373,114.79931912091702,149.57459352713806,113.27788913552902,24.226759673292364,23.565602121818987,Lateral Raise
175.00454777166925,148.01436367661913,176.43374173283976,128.0020136501386,155.20828904437369,127.07917211452984,36.89838852734245,13.853905711693638,Lateral Raise
171.4904853197981,143.76165486595832,169.8256969577479,146.75665828831146,146.9240686070835,137.31513587448055,61.69409167152972,51.99064907944449,Lateral Raise
162.2082311481856,138.39443943356298,161.85620857884507,165.27127113639006,141.36409373395088,142.50134319924717,81.12663783808705,85.28830189503314,Lateral Raise
173.78061696682158,148.11582895266034,177.16828081769867,163.86278156534954,154.50564691733166,95.32994833870129,74.09168682949348,81.88764915618307,Lateral Raise
173.5722988772719,150.79089727968332,178.23229883413023,125.52794228109975,153.97755510279796,117.98593293632032,35.27444191366125,1.386417087236529,Lateral Raise
173.0255809554731,148.7003373402424,178.30007159482798,111.43113397083246,156.74328010477274,102.48225775380054,19.98106732842767,11.07095598589583,Lateral Raise
172.78575023632155,149.1485412272521,177.4336392094945,108.6893874106922,153.2589335082029,105.23940052862896,17.679460851036637,9.591755082571952,Lateral Raise
173.01314669874014,147.64097339472974,172.7558212874022,110.31686426002388,154.54017026152275,104.81181675052994,16.253750044768253,6.8645781684973555,Lateral Raise
173.95250176011956,152.52681713748814,176.73411269086617,107.89207397220964,156.26967148642456,109.3657997102953,16.757432693333683,5.705454829598762,Lateral Raise
161.14465687595342,133.96259972964253,168.09516818434244,105.51167519147566,146.5184265440549,107.45853761254128,13.386208598438348,10.572899191444447,Lateral Raise
171.34145066586404,150.08395569090362,177.86264784525045,103.80657202323177,158.34151355274196,110.32672670547726,10.571622419436112,8.660334493878942,Lateral Raise
167.24028021041863,143.94538929445704,171.3881083160554,104.57987160068038,153.23245264972093,112.01139653390425,13.908281493353822,8.78370975091756,Lateral Raise
164.75067881294265,141.74070782367554,174.0786918796586,103.35559824723646,152.11319502640058,109.61658102790292,14.835124977668402,11.057503605525955,Lateral Raise
172.35119351664008,147.3405617135787,179.05424295580863,124.81407388381464,152.3264253634135,114.37803841870804,34.18535427890219,24.521816738679533,Lateral Raise
171.68589677702673,148.64504026864498,177.98824163381633,157.8347782060087,157.27497759586572,132.71369551912446,74.23448128057942,75.86855077344805,Lateral Raise
171.82548377620446,151.50075400131075,175.2230468321199,160.1945377009053,158.40816101143832,144.3215418087362,77.21476770751933,77.63888293730662,Lateral Raise
176.1415143314633,151.55269414722264,175.53328667388263,129.23697619973623,155.96042506566238,148.454664093145,37.67794995954464,8.923095625558306,Lateral Raise
170.16125826709538,147.7319717075125,177.0032760056733,110.7400841391916,154.56975210346184,107.7100728927117,20.05377993296677,15.787457074384196,Lateral Raise
169.2946610372462,148.01301136690685,177.4950906023854,108.66766965104291,155.65015464782584,106.25919827311736,19.750029826963853,10.742073222575174,Lateral Raise
172.51859331220575,147.7609347170603,179.07822218537788,111.88039378309097,155.79803348777588,109.42645890106292,19.38368222979257,12.038878578244312,Lateral Raise
172.2522038155713,147.41944957028758,177.68997016198475,111.5033001307174,156.47195033536445,114.75407503334424,18.75563628537776,10.510056222703724,Lateral Raise
170.98958344352403,147.53363531979673,178.55646164006643,110.2609270340794,157.18969488578654,110.45134567905086,16.22433853137799,11.034242954309205,Lateral Raise
169.4851104589637,144.57149373570255,178.45948978764451,107.05110572548185,157.21445804686613,109.18046551496286,13.20457228060214,9.33202153830694,Lateral Raise
165.78983980372618,142.50157090485024,173.12212249256666,106.25375179108542,149.89624396439729,117.94182841263157,12.684104028528768,18.004193212775117,Lateral Raise
173.1357204334506,143.6749220867266,179.33827605642117,127.1078163117023,153.7627930372766,121.4989979814431,33.22755039272378,23.11317376737547,Lateral Raise
170.81655078205338,143.00779012045152,170.72755221200688,163.80927411566546,147.69258244032204,164.7287937023846,73.87884421685939,47.49774069786093,Lateral Raise
161.32512676098375,148.90533176869994,169.30272396709498,159.04282392604804,156.5192809911316,155.3302102309708,80.97849972078795,86.98329909403647,Lateral Raise
174.59949885758058,147.86985943820216,175.45506102638743,163.9053040334325,153.61311724120304,141.66401633889268,74.05917354645219,46.962434164025474,Lateral Raise
169.3237566667668,144.11575927735993,174.9123853887613,123.13500251734668,151.32244920354566,112.9546301806512,32.944772749045704,19.91118140591423,Lateral Raise
162.46397581445825,139.66546210529626,172.96150653073505,109.3310611801293,151.9494449635242,121.52659107792866,20.025319841806176,20.885755266320533,Lateral Raise
166.93709859667848,143.0533982881332,175.36167367642196,113.30247504721692,151.3919297131783,118.408729050963,22.201431789107207,15.787962960369446,Lateral Raise
166.60705376628846,142.13308968313223,174.8253497657084,111.66912740897598,150.20286966319065,110.89815593328176,18.09594618253078,11.890976434711051,Lateral Raise
166.74674170706135,141.3215319742251,174.89331709021195,115.30047622665325,153.26260031161058,110.31072516676004,20.681385553904608,8.294881904364457,Lateral Raise
167.98717549186108,142.5098710962065,173.31436960856698,108.97223167386394,154.69297900828772,114.17145399321186,15.232749123770304,9.508035449402271,Lateral Raise
163.20528926857747,137.04886441049322,170.8368519131494,108.67584135003996,145.92093814383844,110.73636231492534,14.614587988307957,18.379361420065788,Lateral Raise
171.3060630466327,143.24191559787147,177.36166847260267,132.82549967634216,150.11043556700062,145.95254830499738,40.8838528917963,3.3620027682454876,Lateral Raise
164.61024195967642,143.70625067844773,171.22483645298635,158.05830599394545,150.4655657336996,150.73791307884497,75.1121319533474,72.13609303532535,Lateral Raise
164.8942210855291,144.32072340712776,170.7093196072371,155.0335005244756,153.1160279179592,142.9050545494438,74.28645719415744,77.93651902145932,Lateral Raise
172.7530809525806,144.95032033342014,179.96654295281505,127.85975376827834,148.856374405042,162.84459285640594,34.89303107799097,3.2739892448299113,Lateral Raise
165.40255262449236,141.1631256002323,173.19105158726214,114.28228508528028,151.17630884815767,114.77643938169216,21.97829963905823,16.567486723142675,Lateral Raise
168.14739840361065,141.38088562834693,172.15935538619743,116.96721309967724,153.50065457446686,113.75163980811482,23.079590710358513,13.50978189323256,Lateral Raise
173.27326877880606,145.93905730333253,177.69354230939643,118.48552550096475,151.48020121296108,113.3635451128812,23.423462549339597,8.399393516618048,Lateral Raise
168.36670455186058,141.06800840423026,173.51092339965064,117.43701924273046,152.7626621983387,117.30410463595844,23.27645054035988,14.970347052751086,Lateral Raise
166.45117212487406,139.61433810621625,170.8485280940808,117.2033221442944,144.06258184983412,123.26285772504995,23.38100550833677,17.01689178831037,Lateral Raise
162.20780326209425,138.44168488131075,167.24817700836502,121.7811025237,146.10178955788746,123.36397231221216,28.420749746571396,26.76298258395878,Lateral Raise
169.86970227603115,140.82594447477447,176.32087799248313,142.51418944114508,151.84618384177276,157.49659980586904,50.10133691339871,23.511126075274227,Lateral Raise
164.49200139297113,138.54806206265948,170.79946654743728,161.13985844261032,151.9366753145413,167.0011111519482,75.63976970599828,65.57743038025696,Lateral Raise
168.377824873628,141.6386657076745,171.23923892479664,158.31185236497112,148.9050061892217,162.10098646261935,74.67212716472525,15.383297637025988,Lateral Raise
170.1432391413365,144.15970697282756,176.9272816940231,136.25798419573707,152.8210981969446,115.27854813529672,45.7420153662526,20.583860819966375,Lateral Raise
162.73226003882291,138.6675648989033,170.21708128381923,115.62951068268109,149.76567125747164,129.1460390626625,24.649694842662804,30.44415587692439,Lateral Raise
164.31068804136686,139.80903216065798,172.78811233932132,111.10757188857744,157.5052321337709,113.51726530698603,21.831612645917417,16.79471718506579,Lateral Raise
169.65176316495356,140.9996044424985,176.12698463562933,116.28534248759716,153.2193723807718,110.1387373428733,20.55139848524999,7.397764647607876,Lateral Raise
168.7960849184356,139.25912325933297,174.89281311130526,112.88825576833804,152.13745615910386,110.9000372788834,17.587974067455015,6.058570988995691,Lateral Raise
167.7195849495226,139.87869808649114,173.65838921900877,112.10405460440988,153.29528413322114,112.22870190853196,18.688938230015367,7.662742800816377,Lateral Raise
163.5853330646441,138.5474582797193,170.8964257125985,111.10044850483754,149.3713065405858,116.8348965891673,18.335991877016458,11.475354281543297,Lateral Raise
162.51684153325792,136.41988726248002,172.379775247984,111.23544166405031,147.5053239577112,126.97249841753614,18.82104720421898,25.909432897543024,Lateral Raise
166.22879636055313,142.51846872864985,173.27886125382088,161.2205099674738,148.77853106806165,160.27395134972494,73.57572499159153,31.011456491523877,Lateral Raise
162.96134977009672,141.55516739965847,161.3384440554319,176.5808199842171,142.98145803497337,160.82864940115536,93.9654528386514,81.38019155777513,Lateral Raise
168.17319964118963,145.06602151910826,172.7453616123253,153.12029218807206,150.55753533671006,179.4577080443352,70.6707444711047,33.81338466766568,Lateral Raise
172.98901893187673,145.69527854283348,179.01638592244362,125.2406600008372,149.69749683148174,117.57698807498096,34.255629387223514,26.1825153866174,Lateral Raise
160.5096093138007,135.8525047245998,168.1175671672128,112.06013775378808,143.7984442359424,117.872817270477,21.855311712651552,23.056157332199177,Lateral Raise
165.17517751682252,138.68384869225218,174.12560867365846,114.22569746311672,149.4827475856816,113.9299153466221,19.490784697580427,12.06220066167725,Lateral Raise
167.5426332098458,141.79998005666,175.60939677732875,116.27971297460346,154.3264208159931,111.53642711642314,21.486056654262516,8.894751513768904,Lateral Raise
169.7780125231808,143.7014980959039,176.94282629380953,113.01487049692552,154.68031350343497,114.3182090561874,19.08447200057014,10.23675056738828,Lateral Raise
165.45755368038172,140.81366083364196,174.3796393147938,111.16257649150027,154.29509379659234,113.51476330262398,18.312013008511713,12.7911162412492,Lateral Raise
162.581119451156,138.19039566304176,171.15837290755266,112.38825447594354,149.86532662684004,112.58126218785203,20.203977881046676,20.588780556625213,Lateral Raise
168.83088359095126,140.23540887329605,173.82317765249098,141.8433549407484,149.3469529745203,149.03423656465665,50.402542509865555,15.583699377707733,Lateral Raise
163.28613005399396,141.8814438921347,170.4665394109836,159.6233962595217,152.66062546972802,154.08997201485815,74.79404544431195,69.6298297920946,Lateral Raise
166.09523433675955,142.32468803305233,173.61835211413722,164.2979443896444,152.32872358470513,171.53849075360284,76.95044941884392,63.76270052186399,Lateral Raise
174.829123032649,148.46124082092874,178.7393249556699,140.3316274286277,151.60883910029318,150.89630619209836,48.21473072241879,10.636643031182052,Lateral Raise
167.03770980452632,141.65953947980353,173.7937318293712,113.3922409530134,151.75503011202724,109.37528905857135,23.39861169687749,18.85407365911077,Lateral Raise
165.51509831388628,138.5415356831231,170.2484311857295,114.2106051356372,147.1472284199103,107.82162397680553,23.052595303012588,9.10224023163146,Lateral Raise
167.12328017213883,139.9254482419894,175.11652072173882,110.54202911947536,151.14069796274364,115.3500826831887,19.563863839880067,11.614348482506513,Lateral Raise
167.65614097352028,141.34528762139223,174.24175740838763,112.05954846008144,149.9787387970735,115.02982887898033,19.716540657177585,9.833287065066878,Lateral Raise
166.0205218459979,139.45308063765913,171.9985568210828,108.50715912420986,149.9936126989891,105.88695096392254,16.37791598173755,9.153349414965774,Lateral Raise
161.4592783674465,136.4408103441126,168.37061497534762,108.93358488324148,144.58098133146387,117.53967718577285,19.09101589989284,16.624593683008243,Lateral Raise
162.646027016633,135.62370029473445,169.15495036741075,122.86912034341046,142.89126534664177,113.55158810278633,32.89677498870025,19.620951370836845,Lateral Raise
167.97983590446836,140.3635292882067,173.85546808347794,146.8288659305848,148.77983022722384,153.4624291033745,55.65783498544851,27.14267193644979,Lateral Raise
164.36057732053737,137.41055002920572,173.2190394440086,163.33779433310812,151.38011090785872,128.62535778770476,76.91289654545821,74.01525849926462,Lateral Raise
165.9018665519893,137.99179450350985,174.0287362457204,169.5138794041715,149.19757592621343,114.6352063223582,81.4859341952468,71.94664606658283,Lateral Raise
168.63569002480952,141.8585353064136,175.47923270479708,132.98782674427386,149.97698063809938,162.71826865275,44.00409384173714,1.968756748580359,Lateral Raise
164.88290670366058,136.5863387684575,169.1130613877043,115.88935602314106,144.7502836917414,109.43526503143605,25.75789149391261,22.763231343213807,Lateral Raise
162.63008773814906,133.78057791757894,168.85719776456895,115.85103355365236,148.20143569607615,118.5887540715394,25.34768396939906,23.652361315916774,Lateral Raise
164.3631459191407,136.0112564972996,169.23091056023415,116.89383909297176,144.13200994106631,113.00509963746816,24.813069832904265,13.850141734011096,Lateral Raise
163.00299427430602,137.87122452195388,165.09370873011903,115.29961956421585,141.47326865301892,110.14092379549028,24.927702333246625,14.484682005463853,Lateral Raise
163.84347415731608,137.6275802338253,168.9253912650757,114.75853563499598,146.82825440358715,111.86448417569216,22.30315176108599,13.125945265381468,Lateral Raise
162.07670582193654,134.10280865007488,166.41574216558374,108.10884088394748,143.0343805089948,116.54676114826724,16.641442849444704,17.225767840100378,Lateral Raise
160.6900171151485,133.49999449915225,170.1087038940148,113.22648053785603,146.50826403031542,115.3540747922447,22.67213449547431,27.15776840854914,Lateral Raise
170.66853454547584,143.76368577240996,177.3760246685777,158.94712201468656,153.83981016972626,169.596152132005,71.63647175969278,50.70169210322999,Lateral Raise
164.15057959769806,140.04840448372596,167.4568874428322,163.93997153076614,144.20770173151502,157.8040636480849,85.33968391127601,80.12652374752172,Lateral Raise
170.25129206550426,143.45780337207657,177.05064429325992,163.80098697417552,148.0459815613864,177.82707674755426,75.77935281698247,23.962635521957875,Lateral Raise
170.11804335019767,143.01874490954407,175.07724204775485,119.10402982397537,149.27713966938452,103.09679518924511,30.19615151318845,20.44342073057476,Lateral Raise
163.4783599414443,139.23168075062918,164.60400707460613,109.72081648725008,145.4573852387743,108.92242087595471,20.47691751818795,13.45021600429285,Lateral Raise
165.4572850344848,139.64010066643883,172.56688917219702,114.27637038996303,147.8890510577512,111.1776605119762,23.106966279047555,12.539099041640773,Lateral Raise
164.42857637666214,139.14667079430106,170.79469842400576,113.73417684221324,148.19872438180303,114.64819662087832,21.853130425476987,12.684754605259766,Lateral Raise
164.36140220796466,137.93711608620288,168.27430797712174,111.1907242138069,147.22169629353817,114.12657938303089,19.123720629691988,13.694918567522723,Lateral Raise
162.73197202648174,139.37970092835118,165.18487440749098,109.68425531503172,144.3755878823767,115.30463571805195,19.457955598727388,14.15725310453356,Lateral Raise
157.43566695428453,131.3578730345491,167.20377335936948,105.0446674889887,145.3712471973817,108.88990467539514,12.746674062947172,13.867741823509958,Lateral Raise
168.4736386117488,139.69012937281818,177.81897687894468,133.9491485229354,152.32553099167046,145.7950833511628,40.50333024932217,23.05453384850001,Lateral Raise
170.64454940355955,144.990778464866,175.04677898089355,147.3806749242097,151.78165907206218,177.57163572068387,63.18983298058006,46.45611920060443,Lateral Raise
163.41577603123946,139.6808761698877,171.2056341096789,164.49425161307383,148.64667913998943,155.7239207256371,80.24735616750006,79.47180065269337,Lateral Raise
171.36118690968888,144.50933045692057,179.03809698163658,138.8432490185949,147.13739339009712,147.19065752606173,48.517957701899185,13.93491985670974,Lateral Raise
160.85067931505637,135.7970255466661,164.74323510164194,110.88495491048036,143.9916087245697,111.84330945374585,21.300901065912683,19.13961719111764,Lateral Raise
163.11494332420975,136.73750702785975,170.21048636607384,111.92583690373031,148.27707377548276,113.65876184339903,19.56254523103374,13.482755337298691,Lateral Raise
164.76301133780137,136.86718746425166,172.4459976479016,114.58810287033438,150.5779405834753,121.08462977367677,21.115247927525573,18.28682351918077,Lateral Raise
167.98228596524754,141.19972436781174,174.2028132929576,114.25531282671304,153.1307011777547,115.91616293112808,20.679582303242885,13.892521288571569,Lateral Raise
161.72958376769105,134.28870457869252,169.93969757771117,112.58867023793974,149.48253154436807,118.26561618638904,17.743564941475174,13.456690939982764,Lateral Raise
158.9439507369371,134.36877929004936,166.3926702373987,109.2047234939813,145.99369989500428,120.8415557802777,18.607329687862492,24.036119000302666,Lateral Raise
169.44946260296518,137.98117766375532,178.6076639662925,129.48242312208677,152.19471547338622,123.3278365498811,34.49694988552569,29.136156410495985,Lateral Raise
166.59666656262377,140.75739646226154,171.55795773364363,159.9072174992387,148.31647737788992,166.6559478886586,71.39793898872712,37.80509542383391,Lateral Raise
165.58340713507525,140.61969865650323,171.70483849719378,161.27862733518623,150.3104905504027,168.4333938043766,76.17730487138276,53.928261411210656,Lateral Raise
167.92035139888495,140.63144092296997,177.1396222701945,136.8501735676855,151.85574382983515,152.03781599028218,47.352409051731584,5.0442356172862075,Lateral Raise
161.9646048058773,137.55773042998803,170.06655229850668,110.3794163194578,147.78521694306977,113.05874620638296,21.516952028733673,20.74439159979491,Lateral Raise
165.80576167497205,138.44084013971607,173.58172184932718,114.56652373704294,148.54657663105755,115.73133566745152,21.99811627217908,16.21089892260272,Lateral Raise
166.23130468158794,138.9527626958244,172.00091148156122,115.56197068174995,148.48326655962256,112.49558831452052,20.93388525357816,14.455287219025507,Lateral Raise
167.6449744197724,140.10307315562454,172.3851062333489,114.43966361936933,151.2510236974935,111.82298365720013,20.135185098392636,14.013755004325954,Lateral Raise
166.41696949955517,139.15156799908553,169.6465574728285,113.41905281640553,150.16480128584251,119.44537252492697,18.58941878062936,16.955519025117216,Lateral Raise
162.60416076294683,135.53912921926266,171.33459629444542,110.28765638373788,153.31650857543534,116.42713154290716,17.931737008199626,19.644707623899944,Lateral Raise
161.51530551041614,133.3578666661396,171.04962978405044,125.34139153462044,145.84984092543215,130.27533487899476,30.78969495919893,32.72363309744524,Lateral Raise
169.6203101980415,142.89902871348025,173.99235243774993,141.70280144816493,151.48160998474168,175.33374578992607,58.68786295714134,6.5241317560781,Lateral Raise
169.15146214865652,143.43195004716347,172.4443432684048,166.24901953948395,155.06068082809065,130.9594388491192,79.62813688731019,35.98556827864239,Lateral Raise
170.87486313709476,144.8873765761788,173.2379994257337,163.45564435742818,156.08415050711588,150.0586025708663,78.87719154500148,20.42662947684024,Lateral Raise
169.5409547115679,143.16909685388444,175.68757713189677,127.77584318276482,157.30547403701246,114.1297217168742,40.01879157953118,27.532845619819636,Lateral Raise
161.82325777456083,140.52182798319103,167.60541557714936,117.37587146275725,151.1275541237216,123.10067845869604,27.773630193584,26.78545135398508,Lateral Raise
164.63667206041626,141.4254961068478,173.27808123705,111.65086734424835,153.20462677342238,117.41327525778016,21.63633991083339,14.25890962459368,Lateral Raise
162.49220105225174,140.05988500465514,168.94346158633903,115.6323896484559,152.4080940500969,116.41338889132322,23.85162131711834,17.026472183677352,Lateral Raise
163.35022501718905,138.0571399921756,169.13901419011088,114.39160134898589,152.51782276956854,112.3760308830294,21.743874815911735,15.061619610769949,Lateral Raise
161.68943577319146,137.40887443470888,169.1821860081595,111.18739413392971,149.15286752520495,119.72692862089843,19.2019332285499,16.608018171150647,Lateral Raise
161.27199313071168,135.12818875955077,168.56817882340178,109.94048896502365,148.36680556592086,120.48116836818946,13.411081589056378,19.3689645453789,Lateral Raise
167.5153118344707,137.73606301485333,176.26674160675051,138.88845979843194,150.3383238731061,164.60125839726786,47.471367245935824,16.016239952609038,Lateral Raise
169.6744612567447,143.57176260217713,172.88322665347107,160.52711285931403,149.34969849811682,172.0043965768182,71.73533372629427,19.93050657872229,Lateral Raise
161.73550106634943,139.24353576623412,167.4412911180595,152.84341655070426,142.2010601433051,133.61191096225986,74.55412603427034,72.95404022292314,Lateral Raise
167.25127002684786,139.89962473750006,176.25504304229656,141.78891492151288,152.11703676465373,147.6734197026458,53.73794490329968,30.791495683911723,Lateral Raise
161.29934355230617,136.47612053298414,169.32230261126372,112.55422415408754,147.7679169800916,110.99232607923054,22.166833929431668,19.744775108555658,Lateral Raise
164.39480316034005,139.49076328895444,173.3868867423567,122.4618935693129,150.09015140535274,111.37072432889934,28.532808429050174,17.634251942904452,Lateral Raise
163.27579578543865,138.8582860470215,171.46780706438096,120.38535236289874,149.93935424474745,111.77567838023202,26.250007353746483,16.69600012221886,Lateral Raise
162.62899850859998,138.060943417934,169.80647479184722,118.59630979250385,147.27922466759375,114.07266641216526,27.278015401720097,18.119715547411356,Lateral Raise
159.7844733616355,135.08180345688476,166.39751391112225,110.47062088373102,142.65779860884354,122.18454769743022,21.095266230370164,22.60787952582695,Lateral Raise
161.78895669972496,137.67773980552232,168.88224514038558,110.75088081412358,146.65536799170545,122.12718084791204,21.68615220904824,27.85229416052403,Lateral Raise
171.50790226125852,141.3385232377614,179.2185365536788,161.95500016749622,150.18826240619478,169.39627653083068,73.87764802362912,0.9444253425128736,Lateral Raise
163.00733784180628,137.8042093794646,164.98149447294037,174.17226666830658,141.36559861110302,153.97937725639244,92.12512170955978,85.39366913970403,Lateral Raise
173.95270920169662,146.43645312839178,177.5891652021571,135.72837696523428,154.4619464627191,146.5900042694774,44.51684783810273,3.551526488015378,Lateral Raise
163.4991510049415,142.26792099298788,172.68265718897842,116.01178621081992,149.44395519505895,118.22606245375064,26.774907109470917,23.54415735866993,Lateral Raise
173.8806913946426,155.5795376822581,176.82149187569163,115.269236385503,162.403497764262,108.61124038374972,22.419510826377085,10.0460725116504,Lateral Raise
174.5896971578811,170.12296474010876,167.55943756454417,116.52602298830972,174.1838343962932,110.93068807970896,22.201809291206953,8.597839643964774,Lateral Raise
169.05807693281108,173.3766841888429,163.5026966888434,116.45753135886387,179.58854181414316,111.23946780429117,19.37134994583028,8.688815087892507,Lateral Raise
170.06116441968544,174.89415173226422,169.70012817611573,117.75765399101216,177.2703742597909,118.02903828781804,19.211577683363956,19.25181126795046,Lateral Raise
168.29508965797174,174.78163052008043,163.59539048949804,130.93680498072322,169.89707333572915,157.06834636207168,36.01794411679489,15.215792883962733,Lateral Raise
173.5421103011529,171.24897827095634,172.64915977215534,162.006551310695,169.50760957792056,141.35045439680886,74.50722253116253,72.89451186425501,Lateral Raise
167.4109155349474,175.363647071253,172.31152241442612,160.373027252168,164.52842553432413,117.2810015398436,69.49446353033002,63.16211718628259,Lateral Raise
166.49274026147276,175.50266764087317,166.0092031470017,124.59206147923648,169.08050510662682,107.37492591488038,32.67645248474849,17.047365038170124,Lateral Raise
167.06281653283412,176.1943092768323,160.59942531440066,121.09383491066372,176.48895332838725,108.59911853973172,25.843401036283215,8.253691818096993,Lateral Raise
167.0506884680049,175.0201208459657,162.63509499761267,120.30641473059788,175.60107534817806,111.61617779963566,22.665622832992707,7.104802128370338,Lateral Raise
168.72918438828472,174.00527246623253,166.5299853357455,114.8222746513267,179.34302400115553,109.75152799402028,17.744005671358124,9.823768632146235,Lateral Raise
168.4793157772596,174.6126624975828,163.44680679150986,115.22557251951284,174.15335871826585,111.02528755544046,17.088665254941937,8.705767588248127,Lateral Raise
169.02400909354486,176.69885296996793,162.3111779996576,111.71688042897092,179.11948927882892,111.84179932530034,13.473573795598256,7.067789412473558,Lateral Raise
168.62294947548875,173.16976275433527,167.9841483853069,107.95287354627128,172.8500511900156,112.54280031468866,9.49638604280625,12.155205835727932,Lateral Raise
166.8093360923688,174.7465550836342,166.7833385335287,139.3959753650589,177.504411712379,161.82875499024,43.07091904521134,18.835406606244472,Lateral Raise
170.27716318617706,170.98196517678613,172.46847999105591,164.81443823383717,169.22774571270966,145.37255434365028,75.16459768373194,73.68140480863187,Lateral Raise
171.05690628684945,170.93610058483847,171.08829935588182,159.2537858457391,168.8941810939221,145.8167552442073,72.1613800941604,76.34888587136787,Lateral Raise
166.70977161584673,173.0106300883361,163.12187873633002,129.21077395674232,172.68733916299246,168.13515852902938,35.07442266781885,4.683738442984665,Lateral Raise
168.4570574152402,174.3087898718069,164.84737824260318,118.46166585280707,179.72764818078997,112.88705361321018,21.35722097161056,17.00943988821186,Lateral Raise
168.7721287292338,177.1898863647886,168.09182147885326,119.14654625535096,179.1713659225199,110.87322380881284,20.334694817138153,6.732694179918856,Lateral Raise
171.74624130182977,171.4672622086873,167.2713166002522,112.5984345191711,177.23538995351362,111.2635920280912,14.555110566175657,7.381109364268885,Lateral Raise
169.77018523622465,174.09641142958634,168.1320234638065,111.187890614367,178.96819588216349,110.34458357801655,12.686512483135518,6.348348920394493,Lateral Raise
170.3588757314149,175.07724944789368,166.42216253005705,110.07564760262684,179.82846069856257,106.98370785777,13.080946126404188,2.553966887167742,Lateral Raise
170.0641474470473,172.23865454111404,169.9156953294819,109.85893493731314,173.90183662360633,118.20249666683486,7.686492264626261,10.978178155433314,Lateral Raise
167.2391310405289,173.63236291947786,159.17161244734496,130.83591116382055,175.44883551691655,130.08605833464165,27.441502366534444,26.03123700650168,Lateral Raise
167.50066838672717,173.21780113999566,166.03881867096194,163.7207966638519,175.45651464834486,157.8324739289369,70.4950466826529,56.0187969507879,Lateral Raise
166.25538533479963,174.76516249638178,168.15406980618366,162.97434844826705,171.03033907578637,167.9486172616414,73.42031982857023,58.44801773843497,Lateral Raise
166.57188455169617,174.03895551256747,159.46749625909487,138.23997652746667,177.71137754799432,123.08774864088105,39.97064983488016,25.711321890503477,Lateral Raise
170.46416956378752,173.39830827334646,169.97808023543922,118.59739804698908,173.9849291206462,122.64619653661532,20.780850927002422,22.368585740507477,Lateral Raise
168.79680218513022,177.2955494347742,168.0871583424948,115.0447131380175,179.51461890651936,111.39561115794145,19.024851392822217,8.095246197579682,Lateral Raise
171.4349931766815,172.60124084009072,170.7295939004762,113.99474208080974,172.9247615962898,106.7200597608225,13.646157254254607,2.7250603753514726,Lateral Raise
178.2940549757273,170.88713552868194,176.32198204886896,112.12337621750656,175.38034158131114,122.08925892241984,2.9016573666335534,5.077302363759398,Lateral Raise
176.98738631418158,166.90419746897686,160.9621800581813,126.29767599435456,141.819500154436,165.3735132924288,17.58045045287044,19.391277388628684,Lateral Raise
169.23821446748315,175.78285049863797,158.09588389046408,131.88575914201016,154.39812155762368,176.04311681738827,33.56634650966491,9.205681655660976,Lateral Raise
169.99973267345723,167.23684013107254,165.87695006122408,127.898003263445,178.88318465272343,174.57757518570293,32.24342824635861,20.753834835984417,Lateral Raise
176.55080588346937,177.18031769618835,161.03740029949822,116.59498179519672,176.89335418843024,175.06732729503884,38.186338652057,26.7239179437318,Lateral Raise
169.80331861987048,179.6610524479304,163.14436138305857,71.61881730417605,169.88830989814693,162.8413705303464,51.79356137058083,28.76986308113323,Lateral Raise
157.35067944002046,179.0671462108418,171.29735029973585,166.71556596712898,171.05139690808502,162.22955277074595,46.04591896685841,12.445546795066573,Lateral Raise
159.9251482713356,155.69319652885085,158.41643314737763,169.45664112557262,161.99113399991188,169.90815574985334,34.914998008825435,10.853378378345756,Lateral Raise
157.89767159341935,135.3535244598153,176.90249970269727,159.99268635251255,146.11781902667454,172.49930758408902,11.30961515444836,50.12228725361139,Lateral Raise
159.99916704120798,162.77309045935164,174.29341629290982,163.21880415544672,167.1600140617334,134.43738858599863,14.98817115495052,33.15507945903981,Lateral Raise
168.90793436686317,175.41700186108343,169.26706317678568,157.2757126801279,178.37840526119746,124.68805792231532,22.216227218681425,30.50734632762526,Lateral Raise
161.74158521994374,154.0371524989884,166.93398942885605,128.22319799770912,178.8611031504422,109.80342479825042,30.100480554932204,31.931570210249017,Lateral Raise
159.3584049246907,159.96418538648962,161.72668929187432,120.45237757177858,178.6127752424571,100.34157842222928,28.249310999677785,40.13352889621708,Lateral Raise
155.77210893068352,167.41462591495895,164.45090378540922,120.1097258297994,177.37204987613964,114.31723785971812,55.918900964896814,62.30985530257673,Lateral Raise
159.89265948538994,170.87951283720332,163.11300731183402,165.9573274074572,179.81841076380985,80.44815464037475,92.42552652503348,97.11773437121532,Lateral Raise
158.23778992803506,173.8314469540967,163.9902981170923,168.60516211831842,178.53903915841173,162.89522629644685,84.22934654045888,88.06970994867733,Lateral Raise
155.30599420548012,175.13022913420448,164.8638489543504,131.51855978862443,173.9101938537094,135.433174840875,48.54763075597821,45.375059642173206,Lateral Raise
156.87684191794764,177.17680293927546,162.43471621050307,127.2063929703535,176.52935829981314,111.3527329000324,27.689512030615266,27.163584018857193,Lateral Raise
153.1412831871347,166.117037971962,164.34591707120674,128.0453665409972,175.69727939559058,110.3774660304541,42.27623976389856,37.48243325760059,Lateral Raise
159.10746359770047,169.91481486349616,165.24468756908806,171.21645370504172,177.3729856225328,170.79646297095798,86.84064663013743,80.55687064280848,Lateral Raise
156.40513917549774,166.11013258238637,165.2674161348233,141.6881413471748,179.1272292153352,150.74898676135868,91.95191745366526,96.30397080817404,Lateral Raise
174.97740682946153,167.5825107879069,157.5229265616728,172.01580701825395,168.65573699010076,156.28102567368035,49.310672552061696,14.315609352449876,Lateral Raise
176.3652223629888,143.63936955490811,142.6822765525922,179.9784528430722,127.33422912400124,156.87558596789998,42.26865874714099,15.853583753047271,Lateral Raise
171.78784161298535,179.80618635844402,164.82862333808566,168.22542803931026,175.28344086852624,169.09909049324983,29.742685395068595,23.541083942798892,Lateral Raise
171.1774751686631,169.12945159812375,162.88153161162504,172.57961623711788,178.90355765439077,179.3723233786932,21.742097330419146,30.493616046311633,Lateral Raise
168.17345387951718,168.05886469653416,164.79592722201872,178.7283262870782,175.625831380353,176.94190268065705,20.7791812040552,28.276583194216368,Lateral Raise
166.46107109066008,175.34163146744433,167.5568771806764,172.7204213053081,176.57436478837246,174.37547332651943,27.608913249608673,23.653320353138614,Lateral Raise
169.07253021779832,173.36115533067976,165.6884573238599,177.33250284256533,178.33371798284827,178.01688161832988,27.45349004232973,24.273584947085844,Lateral Raise
165.03623700764388,173.00140045636076,168.13061597222082,170.83922850573288,174.31533412325382,178.71669334440605,24.02556267373072,25.583861647872688,Lateral Raise
162.21450147706676,169.8208852608738,168.312374878005,169.78849627281377,176.0461621188769,179.01521435011355,23.452231981198356,25.41335939454288,Lateral Raise
158.35230453881493,166.99503770251502,160.92299879380795,166.38432141496045,171.6800789392835,167.4394038309898,23.31846702273651,24.283745983152432,Lateral Raise
148.11831003566388,164.3266355101481,157.21272347974977,165.26333000353873,166.7829408613027,167.69417117167944,21.54264561307928,28.439319859943645,Lateral Raise
147.79944439097022,170.54400527258272,156.4650871164392,154.39451607410717,170.49404481668105,170.08138423834612,21.620812285498456,25.900302886822605,Lateral Raise
143.6237827670197,156.609570337672,157.03077329313507,158.0811823703063,164.25533974235864,166.04036890152864,23.22811503806547,25.804054978231385,Lateral Raise
144.91382888013683,158.467646284755,155.61321920454293,154.30542227436695,169.3706936443329,166.70861987996605,24.966775229284742,26.53302708314416,Lateral Raise
148.3651440957645,169.98010103781812,156.16120857803875,148.7235442636093,162.3306980479728,150.32427367206296,22.692533701070538,26.21625649146299,Lateral Raise
149.5037267912095,172.2784804027069,156.39967804156998,139.1407071645695,163.85323321046738,134.52090663321272,23.01801023443937,26.435887292536982,Lateral Raise
148.94638995910063,174.2774599996795,154.35002312347535,135.8063506355906,169.30909730297887,126.27238184606104,23.596419937465715,28.65794617623351,Lateral Raise
148.7706955513343,169.0349900099753,154.2114019319457,127.42813574779188,169.21961275774464,117.59233465085607,25.140103189152867,31.56879465603127,Lateral Raise
149.0856376167602,167.40252943907,157.18698265890848,128.4176106840615,163.91713610770478,114.5612145418778,25.288956554254092,29.611627284363177,Lateral Raise
148.63215463474592,165.48738534847433,157.50418907726282,127.80323297146026,162.59501935596126,114.89864508329856,25.59451622170059,29.66290016173564,Lateral Raise
149.48808894211126,169.2941987514124,156.6500823207164,128.23678486356192,164.0950358294155,113.965445680871,25.910330253598666,30.8783575906177,Lateral Raise
149.24578237185827,167.08410474370905,156.95222969749562,126.76352965177784,160.93314312485683,115.8760818142898,27.438741369474105,30.492140265302076,Lateral Raise
149.97129703351803,167.36156447716303,154.22196325361818,128.14866064223236,165.66016735508282,117.52405484471448,27.00788645407096,31.723476228556365,Lateral Raise
146.4084735559661,164.30983649088216,156.4810945217517,127.72742045811852,160.1461777056886,110.47304153305458,26.63482524942501,32.337770464173225,Lateral Raise
148.84910628634708,165.7596241257463,158.3072757168111,125.50715617716943,163.6356261171967,115.55905870932897,27.372798368197852,31.379808291291873,Lateral Raise
175.48009569720872,174.36966436883824,169.12989328692012,128.88940657361903,178.69691071912032,165.11839098653633,37.31807978282389,6.325648641723922,Lateral Raise
179.90658612698138,149.1486510293065,173.51158930886888,161.5982329743618,171.97353788039172,149.1006145164575,29.948940289879253,8.967159663096393,Lateral Raise
165.17483867992476,115.83085374415428,149.96532128443667,137.08917180178045,136.81756910941667,157.01765170682714,20.159729635454944,15.167437565247075,Lateral Raise
156.38011296399736,111.93783814886471,138.37372407840033,146.01692850835195,110.27693289183566,159.43093363989234,5.353816404206999,15.631285321732456,Lateral Raise
159.41620846902765,125.64321751066022,135.4444563613498,143.5593457982773,123.870754361241,162.83601456354174,2.013805357487117,14.24523934127196,Lateral Raise
171.15777645983516,150.64667443620385,163.19408010380823,109.77541315257494,139.1424936763192,151.37056982463977,0.2057835099254235,15.612524642737522,Lateral Raise
158.006466153728,127.10474335769432,163.33591257278897,93.29536278131192,145.73867213488327,111.08938782940989,4.263224359379272,8.270482132260598,Lateral Raise
167.18088260242928,144.9168878228491,173.88449145968133,90.0293875853783,149.78714892131043,102.38941844631016,0.4217807248854992,2.3286867755890883,Lateral Raise
176.54328321044656,150.2345902713264,174.9492611039691,92.54058117174492,137.43585002570995,96.9146764611386,7.764240297755462,24.298643579489053,Lateral Raise
178.73623891672088,150.77425485144883,174.3223337470825,133.92727979823357,148.48995790129484,108.32921074604268,52.20123948160714,51.48063255387306,Lateral Raise
173.1803265062576,147.43102675057693,170.94097475874307,113.534918170183,143.2244291483149,154.39894560291074,41.80639179148723,8.60046098827303,Lateral Raise
170.67274898212676,151.99201145740284,172.78748450454412,97.7652146160979,138.22658569672754,125.47525763144546,18.730701064920304,3.4293721965309403,Lateral Raise
169.5774142580842,150.54299938669564,175.52149686479285,104.66761639399348,153.99298109908338,99.00224463196828,20.417108039233,12.672744481921244,Lateral Raise
171.38712127421664,152.78775621282568,176.28689812460829,101.49057974532542,151.88218840310344,96.01632763017886,13.445399934367533,2.636151957726041,Lateral Raise
169.74765319020062,147.66657701218088,173.81769855528967,95.82479221931897,147.7824773502195,98.58747191075008,9.647334030585831,5.30668783257832,Lateral Raise
173.7177466962996,149.6112939361886,171.9073616982592,100.97618166624564,137.86989987585957,111.76312085180572,26.047516561995927,19.013711447492792,Lateral Raise
163.529252467802,155.42458789361805,168.49555372015223,159.97655316396828,167.27048522981326,175.78106910018863,16.289439607394,53.2341740307205,Biceps Curl
162.49642814632494,177.62142946131843,171.13422418261442,172.9617844603324,158.9778070897721,176.903878970922,25.204368340987283,23.989293762984012,Biceps Curl
165.25665035577254,178.89748555015265,165.72922087452886,173.5435998348496,173.4797522824061,176.3222904489834,25.978116345707825,23.37407686766115,Biceps Curl
169.14566065329376,171.17236950073945,162.75979348151972,169.06230147140587,175.632820288712,177.0957559087906,21.803700057119915,27.47252044119198,Biceps Curl
164.00787421351058,178.4824252228231,171.08657101936126,167.58538921371877,173.49016834013193,174.6739537529086,23.77885027189181,26.85498699784713,Biceps Curl
168.33368546890287,178.687056878202,169.71742726807315,152.68962973833538,175.45161104695646,168.12725307343825,28.735175274724615,29.435096398741862,Biceps Curl
168.190554219944,175.59812347077,164.0805328865253,33.79028231611349,178.84283844767552,27.13653973801841,31.567366801667102,34.31022867295913,Biceps Curl
167.48731578834028,173.03793555760572,165.8564662169293,56.17005657943028,179.04369612830817,46.274698317783454,34.21577870171856,34.86570433344599,Biceps Curl
165.05445127373008,177.06470250698368,165.83266441332512,153.90332672665102,179.24582783250122,166.6099816783264,26.23024863394383,32.120636652738206,Biceps Curl
166.09955752790611,175.75046486319349,168.5578711546587,163.70119122740434,172.61371786639023,168.3132744236203,26.061694343021145,28.3995069362075,Biceps Curl
163.0295973583585,178.015826892867,170.3364096000989,163.5680481001078,174.63012726407547,168.1826336486427,27.544573313517898,27.015203233601156,Biceps Curl
166.13673064871236,173.84152311803962,167.1901969304766,117.87285031832636,178.32545598516504,138.8518330406165,26.14376164032493,28.702362590505903,Biceps Curl
166.90864954996027,173.54999508927037,168.09965070070413,38.56629847746778,175.75106804365652,36.63433093594115,35.39104536963173,31.869337477654803,Biceps Curl
166.35217567229486,178.067765459745,166.8198251141228,38.804018924136,176.51526079396004,30.544538059661495,34.76855824999231,31.685571167277057,Biceps Curl
166.20815531835123,177.49584271435194,169.81333890464512,153.41736570010667,178.72049094151015,161.2922432481373,28.61033453422015,31.991011529458845,Biceps Curl
164.42365967282373,174.12243566128402,168.51702255646398,166.59843740472363,177.8528163917241,168.50898773345963,27.881153240884412,27.458582675213982,Biceps Curl
162.92454929608343,179.70204134133127,168.75667990933695,166.41617175432535,173.27435455891572,168.4471492688725,26.38570206869949,27.102853381621248,Biceps Curl
168.55552623626917,171.53987204397873,167.08429171073757,134.48359131421998,177.84990480501955,146.74300242105232,29.19096500485745,32.43253678656309,Biceps Curl
163.60014984641765,179.36870980747048,167.63859528774245,27.36014832382589,177.2174929823822,20.63803269241278,33.83986935823422,32.41755149449722,Biceps Curl
167.98778184494645,174.77463452926168,166.34372040047953,69.27016838100437,177.66193880388238,49.20859704020475,33.51349908438176,35.46611193411686,Biceps Curl
164.85216844176,176.14148988929776,169.21916394312336,158.53639281094436,178.3132273108075,167.81554757202196,28.05092936042885,31.88434279581461,Biceps Curl
163.23533819515433,176.56567691492072,170.2374763662248,168.2889948869669,179.7743973476902,169.286834815586,27.51272156687178,28.625112735614525,Biceps Curl
165.32921092511495,177.50999884592457,168.13486499435533,159.62060870227077,179.05124784418038,164.80776863233498,28.144037248084537,30.64081731127103,Biceps Curl
166.55512528825176,172.51581310995917,166.5429532750313,61.535936613598736,179.66913873575126,51.93548972128512,33.19515656873121,33.70459538900531,Biceps Curl
166.07654704621436,176.32463939227253,165.948034484809,30.006134666396584,175.7781278119737,21.609664277181903,33.23806093703495,33.30736988311049,Biceps Curl
169.48976242907332,171.9229498492156,165.95511287392165,116.77082376977232,178.25265548054782,114.83229348588284,28.37428036311541,28.43356869354916,Biceps Curl
165.21133618929684,176.58634758602278,168.29982918237437,159.7893610870875,178.33235223675038,163.58749813795978,26.62594739996838,29.815065825356783,Biceps Curl
163.90204008864976,175.72171859976075,168.00177421641487,165.86849900428768,179.69895937808616,166.74266040901614,26.927922921936435,28.552930883339844,Biceps Curl
166.0979630762325,178.09748034119036,169.72772073587225,153.82128605511932,176.84197613294546,161.45130335144754,29.49105229781925,33.65080341195902,Biceps Curl
167.97565684727613,176.35524524638396,168.81074419460407,32.84806955331858,175.8941261165443,31.44190605018911,31.970735832147327,31.94492725139191,Biceps Curl
168.55830197013026,175.04457143439384,167.68600179274225,31.142697269002383,175.06893127380613,27.823604450468142,32.91076516658149,31.86662616438769,Biceps Curl
167.3894371219158,173.27225743567254,167.57467582364325,148.42252376587936,176.43619984302038,145.54304357238388,28.688322711595553,28.665617978426003,Biceps Curl
164.26909845048,174.28572647773396,167.71400876574305,163.26032740644183,179.39087087815355,169.8754073219019,26.687194955908424,27.935253162080876,Biceps Curl
163.20937200363673,179.95099039477392,168.76236831170252,167.75168623146547,175.82397564030748,168.0329049931709,26.737493322071977,27.210756990301917,Biceps Curl
167.6889988632108,177.1590016612004,165.9389287831997,143.009501289541,176.80576493924298,148.63672157338647,28.364256713533287,32.30015661530601,Biceps Curl
167.49468365192607,175.97913892465627,168.03101690030945,29.61069106470696,176.0821269213526,26.22021495675137,35.16123141785564,32.89347697511166,Biceps Curl
165.61820599493117,174.87381042780106,168.1281713136987,46.47441645386515,178.53632704514075,43.07867426770282,34.908375946479325,32.60459899024857,Biceps Curl
164.56355405155713,179.82155290024986,170.7110377698164,156.36679387452128,179.6030750935608,162.59887176057802,30.637305359930973,32.45692178928777,Biceps Curl
163.0709065346352,177.3982988322765,169.8047403156592,166.49136584266597,177.29982922136114,168.50095536824102,27.768952986827337,28.785896739702196,Biceps Curl
163.01014530215707,179.09687248798875,168.6043270958474,162.58838506055244,178.92862178111318,166.272039538453,28.88096532846036,30.457516093117192,Biceps Curl
168.17290975475214,172.83139117382655,167.06072011830634,96.51854815777726,179.31287255064,108.61323275723514,32.588390570662476,33.75942051724065,Biceps Curl
166.13114829902327,175.80022239961315,167.4844812772189,25.181347851313735,178.37856211946098,20.712696556789147,34.93504879731219,32.42209365775784,Biceps Curl
169.37372419746572,174.78557648440162,167.0528887515256,87.01636975078863,179.11551994763255,89.24777778960832,30.62995693402948,34.7928891878429,Biceps Curl
164.45669877947256,176.39034900958177,167.48977141390623,163.24998254626738,179.9477647995718,165.91972634704646,28.04848169865812,30.733174380806528,Biceps Curl
162.0740509880978,178.4285417120581,167.23217112221425,165.60471903555614,179.53691369518089,167.42489078184954,27.072343063409537,27.2534184627781,Biceps Curl
164.52158920291825,179.4864137268827,170.88614370742357,153.5016942606686,174.8745656843626,161.5431026695889,28.97927437113341,32.51440945978716,Biceps Curl
167.2595648265086,175.02002025546977,166.8056676938415,46.64166197797022,179.59978554931112,54.18416869087545,33.235468010368166,34.198602543579,Biceps Curl
166.88585985099044,178.24729861954552,167.46085337366978,29.771632138985808,175.98685714810378,26.4109643316613,34.449451955401564,32.19678940369154,Biceps Curl
167.51421827500204,174.41070986665224,167.649186302378,146.68131071745603,179.1212152056901,148.87197425135528,29.84082392749987,31.29099620136613,Biceps Curl
166.45606566961257,173.82060027982382,170.12013582547775,165.17451699061178,172.96802514718,168.06222084423027,27.762198246428937,31.040783740416497,Biceps Curl
164.01087229152543,176.97347531412927,171.28955729383,162.90876552141276,175.8351893789745,166.55047123053126,28.21626362854915,29.89734823713752,Biceps Curl
166.81207199795466,174.80293926707077,168.5191871531261,121.99278442944934,177.46377928886764,140.38903373773297,27.878465494063708,29.624675467563065,Biceps Curl
166.31748829693046,179.7753613361203,166.80346541394664,20.59855369991879,174.25243870608043,19.205100755499114,35.396913483902914,33.74720474118137,Biceps Curl
169.42310348267108,173.29877054112953,165.98998947024933,70.85148360397821,176.53102799754635,73.0755726831305,35.68455345955049,37.8772085616096,Biceps Curl
165.2251209152794,175.12193383573788,169.04574657734727,164.5621429947095,177.97424121107852,163.1484270504484,29.254769275545133,30.443224266349574,Biceps Curl
163.96070004153216,177.15116323252653,169.56596612239915,164.30960710533563,177.06915839010338,167.86358704228178,28.115426418580025,29.6661922354356,Biceps Curl
165.21308090355407,177.27452164957015,168.82811924801376,162.34528895657408,177.022348334893,164.9945856005226,28.190003452858104,31.84138044004516,Biceps Curl
168.46512678709828,176.85292338028296,166.87505874679863,55.184750931110024,177.81865159775472,78.53230847498997,36.08751218477246,33.53174127482165,Biceps Curl
166.19191789996304,178.29544907260373,167.0913694937307,25.177533963663873,175.7250282550127,23.02618641474485,35.56927978245213,31.59460579982976,Biceps Curl
165.90385630564563,172.84756519931963,165.40915076999423,123.37872002137892,179.79613920536755,127.49275562195967,31.68502877422698,28.384824531431192,Biceps Curl
165.03645567596507,175.47259298422097,168.01643063029027,166.29025373224997,178.7089093360747,166.4511920634034,26.796513273965857,28.440381553525587,Biceps Curl
163.57896853527225,179.66723834512447,167.51076661956188,166.48694667393062,176.67943968116285,168.27804644305743,26.66219930614993,30.508175771247114,Biceps Curl
165.0299014397477,179.1862071326047,170.27487446672853,159.559592973921,176.64364304057466,162.46655264244126,29.84745020089511,33.87910829787414,Biceps Curl
165.28439276843957,178.11950362869837,169.8919983700418,25.139929768257023,176.82964112950123,36.69306440380296,34.50055024432706,31.70595406658897,Biceps Curl
166.1743134661011,171.75779776655588,168.22694416526164,23.859495943265912,174.43830226019898,23.119860265444405,34.518972991005874,34.39753224492528,Biceps Curl
168.1206101533144,175.91808946161063,167.45713398557754,128.7323774444161,175.12617805918885,136.74872516243997,28.034273948060896,30.941027553692724,Biceps Curl
165.42468071572196,174.7894582430009,168.5452054410408,168.30600295091494,179.29237773325602,164.5681397373827,26.572470331735193,29.461191922448418,Biceps Curl
163.80927747443567,176.64220140997887,168.28466045044675,162.09499170113716,178.46691743418037,167.58676077189756,29.17957512493599,28.9977983328832,Biceps Curl
167.0197226627407,178.12239163021974,170.13311928033238,153.88212729058657,177.8237891942792,158.60241667470945,28.653186068476632,32.06121327316893,Biceps Curl
164.51632332821166,178.36037833930246,169.31820566334682,16.65239355790447,174.0851615352063,31.24251103804986,36.89195189985518,34.2453235363622,Biceps Curl
165.46242236478668,178.4330242677948,168.13644991722114,33.12717321309928,178.56909090848453,26.053614453961316,39.96576608451057,33.126305892100966,Biceps Curl
166.05066174687005,172.34686428269617,168.6806435954773,160.811960071001,179.82704224701797,164.25864416305367,27.913071709114767,31.59436647875643,Biceps Curl
165.3038501282445,173.80387782354757,166.69978032123623,166.7308506910472,179.87918332083277,166.91555300209555,26.53668944032659,28.409766593978247,Biceps Curl
167.49837178714395,175.08746847104948,166.9925402109846,165.5498038666391,179.82994156362363,167.12027194328687,28.095890054075312,30.96161759082563,Biceps Curl
168.8671062641105,169.49107089283925,165.18660853592303,48.66677620227809,178.62151350734842,108.30873908253054,38.94407593119352,36.20004137149359,Biceps Curl
167.31693222457722,176.1151731038412,166.89144815551094,18.29382886162416,176.65381094000594,18.54623228735709,36.404223787862776,33.698291680544344,Biceps Curl
166.1824738184577,175.2793802174674,167.7456194552355,111.9827864604756,177.51578662801205,113.35270320232485,31.69235550200155,31.860762167252837,Biceps Curl
166.12184606443822,174.9963070383424,167.4427635274282,164.07271348247397,178.46909739658446,164.66182157726632,26.898659104404555,30.57989511757444,Biceps Curl
164.79370653715208,177.77959404256072,168.74995523438622,165.7038132786424,177.89434274497145,166.184466169158,27.50503863497879,30.803445058556125,Biceps Curl
166.13437096242222,179.6559765493949,170.27899680734438,155.7255083438231,178.0094382561651,159.60875427344706,28.169700686165616,32.204889045101346,Biceps Curl
164.7038692276927,177.34506875095286,168.80157336458066,19.867407117679328,174.65578973193035,29.61795714417815,37.32637568771749,34.08386331265586,Biceps Curl
167.46234563655224,175.20637031620092,168.9232812836744,40.8364230565149,177.4754404280443,48.886576869938914,39.14846897391226,36.17340369838763,Biceps Curl
164.44293562368927,176.75757645343433,172.54816784646343,160.9244150072753,173.6272472764671,162.7050888647086,29.690095168958333,31.87711108437652,Biceps Curl
165.0426387780906,176.09040644970642,166.48744455395456,164.32660539823337,176.80269592288954,165.31115468952822,27.258117521754095,28.560202687925024,Biceps Curl
165.99764003693355,174.2345542411881,168.32076124990363,161.5416408842566,177.4948146686064,165.46520208141592,28.810716387847584,30.664648664990267,Biceps Curl
168.17260257344714,172.94945518597123,166.18231898417383,99.60988853904212,179.93686784269775,114.510799240594,28.46609328293701,29.289768226411905,Biceps Curl
165.87424557351855,176.7223744301952,166.97896726259418,19.491557858108305,176.11154691935337,20.885385501602652,36.98649320388128,34.54657652017436,Biceps Curl
167.98531167751855,177.26869899698946,165.20080701533348,83.5957340191092,178.2151094017163,116.07386742521363,35.15672310095756,30.973328855267233,Biceps Curl
166.68945183698509,173.8478951818771,166.9111170994275,164.06025721887647,179.89273976836316,165.98264267220486,28.896344681835146,31.150790010965512,Biceps Curl
164.3611842546171,177.32530182929594,168.8534319522926,164.64085582956113,175.44523593072512,165.05926042628928,28.543596185591472,30.031952739872303,Biceps Curl
167.1865853535746,177.31530935223807,171.93612066607432,159.68925576855148,172.6615505086631,164.3319415539015,28.194226160293184,33.79869082981466,Biceps Curl
166.71049970059025,175.10824831991275,167.77604522760822,29.680320361989008,174.42571301138938,36.780168430909825,37.63917380770825,33.33970876658562,Biceps Curl
167.42800127364657,174.3442407812702,169.04733305888104,40.271523927148195,176.7931189651073,44.2129442184853,38.68878432299156,34.099992079039325,Biceps Curl
165.84039084549832,176.0194604485748,170.34198185410435,156.110713511453,178.10495154054138,163.04607207539186,28.63537583768287,32.18263645255049,Biceps Curl
164.68976967601378,176.80687390299812,171.61048252259445,166.02292375555135,174.6821242631256,168.66242783988332,31.95112254929961,32.354531989037675,Biceps Curl
168.48084266312847,174.1328117840867,169.66468926148053,165.77698575629617,178.59455304972752,168.66565497350007,32.06839430625177,34.51325729881944,Biceps Curl
165.55430466274885,176.9046038063034,169.31279642912824,37.944664234731576,179.3821711932496,50.82457708260531,40.73206304151291,39.42213107414568,Biceps Curl
162.78355736944349,178.2689441532289,168.63197214104164,24.39325261048984,179.51813140850086,24.644780835772067,40.13248200959281,36.41700431238801,Biceps Curl
165.0793677465692,177.94013329771383,165.88201863920034,160.39539325737385,179.509061993681,151.25591935702317,33.037131920251745,31.009759246385897,Biceps Curl
165.14307517546655,176.1526245027136,169.809624549607,168.79496370156798,178.8606132695274,168.540229973359,31.243939631516184,32.25551931474378,Biceps Curl
164.2384947974781,178.1442873135692,172.17950377250006,169.34353022252512,177.94889422763282,170.30577496149124,32.420314908306665,33.05260314824656,Biceps Curl
165.7552531241599,171.5206287707386,166.92074710555335,102.07775764969855,178.69581385412687,134.2953931269303,37.5128732486077,32.015596752719986,Biceps Curl
167.98802070567376,176.7062887465668,166.85191220529316,10.950281795081152,179.28763040107955,17.426518294217715,37.16809823980586,35.58717780504642,Biceps Curl
165.71296582168404,171.9866001796165,166.96145063812602,63.54187612594163,178.61469474504528,120.97132234103051,42.04838172866086,34.85195351383146,Biceps Curl
166.3460375311783,177.0335773728558,166.85700187519572,161.33571607424977,176.60426652950076,167.00881262896286,28.68569955868023,32.702064079762685,Biceps Curl
163.46025933020823,178.6522546170223,167.88457261414595,166.15523683979376,178.42798989645308,166.97907142440923,27.547042235889705,31.514758183773697,Biceps Curl
163.84896136401923,179.80670287933083,170.6648933354197,159.83418495769297,176.01262725276223,166.62919065857133,31.604843382108083,33.928743198433665,Biceps Curl
164.99268321030593,176.59509981879788,165.59903809120254,17.72947233322542,174.52562331480718,26.90968521440412,34.95251578387303,37.544882532442266,Biceps Curl
164.00509503522957,179.20873482800286,165.48854287862017,21.927284833007352,177.34463153082015,27.36071642663857,36.44552549308013,35.76355601387744,Biceps Curl
164.6798937829765,173.74745393401827,169.10757988046885,155.87225131066512,178.666092478564,155.62960593274067,28.536021147439875,31.30331637056497,Biceps Curl
164.1446808024217,175.94825067507475,168.08815665408383,163.4123703390941,178.81271806040877,167.75016457341297,28.83453736078318,31.2299039426464,Biceps Curl
165.99659480922762,177.12182141523678,171.13723777023898,161.89633098507147,176.61910807634263,164.82713757448568,30.68848049007612,31.971853423414824,Biceps Curl
168.1890196115981,176.34629688694565,166.78316012970788,71.05474347475453,178.4456961843408,83.6830175944772,34.69047265475566,35.94035839121512,Biceps Curl
165.43356002400876,176.70554490133645,165.754385201161,23.08631834384149,176.8071508236329,21.72908198511107,37.51652603139892,32.07706650025177,Biceps Curl
168.2666502172967,170.23443727554724,164.9665079014416,145.88771321699977,177.25826654391108,137.00814119981806,32.32744461896124,30.803983237015373,Biceps Curl
165.0053642891207,176.55880894001413,169.46462881253984,161.29101294165673,176.80022504746017,164.72419078340891,28.329957994576706,30.279427129504704,Biceps Curl
165.4600326059691,174.2495380846623,169.98007920092692,161.6707437609979,177.89340036536166,166.840109378067,29.877700993462373,31.78185430938961,Biceps Curl
166.2265770779803,174.81844630493697,166.6686817923393,95.30689312998236,179.46160142062615,113.15803418305585,32.774826470747186,31.946454953259483,Biceps Curl
166.29534152651425,176.5611077487259,166.9176116245404,19.99661641975114,176.03155261606634,19.80259438697191,35.41006952914941,33.826933629925804,Biceps Curl
166.35086525835524,173.30126881398826,164.3737327081408,87.8040541243635,178.8874619603271,117.66767217655502,35.73073340586794,33.75552550203701,Biceps Curl
165.57475771556122,175.51831839206042,166.81155244009545,161.47622324434175,178.10529871911874,163.80946929077626,27.38727995741733,30.792992819123835,Biceps Curl
164.67897143368074,174.133959771667,168.22810399743332,164.24418793164645,179.6313555577695,166.36710537934405,28.586616248063056,29.64749519243111,Biceps Curl
167.02525408296785,173.8780834652569,167.7730987154758,117.50597539142264,178.00986530470126,143.1812130458508,28.140657245405286,29.41102912867495,Biceps Curl
166.4212078750703,177.59401553842204,166.5996688880882,18.86645023566535,176.07156484340942,14.89127249348786,32.21973513408192,33.31382637744594,Biceps Curl
169.3176164725319,173.57762591218233,167.18184098662022,65.86353064988866,179.62853340940296,114.0408168707263,38.112504370223114,36.65093807554006,Biceps Curl
165.79523921893622,178.50153607543024,166.18465003706515,159.2403416202713,179.23161585167193,163.154615280702,27.884263420765205,31.01973888840874,Biceps Curl
164.47477387969178,177.69329896651533,167.71347881095204,162.4373041309455,178.38527891683856,166.66374485793543,28.02380545142728,30.385800726093343,Biceps Curl
164.13360181525815,174.8241912301773,170.71919854339654,153.62667857589074,175.58534878994394,160.9757130538442,28.985601076496476,31.51089309010661,Biceps Curl
165.5921106910629,178.5709264803613,166.49404743614383,21.34241601001682,174.79598704156965,27.96259286251419,35.06894478892769,34.17686313859227,Biceps Curl
165.5201162990725,175.75077605787794,169.38034990236866,36.55867881288163,176.84258931494205,18.84484403689888,36.99271627018975,34.86333181282641,Biceps Curl
163.95244947779017,179.80776690150282,167.48733584256436,155.1936115647147,176.07501472966692,162.67603018066217,28.716391331222788,32.93607528598132,Biceps Curl
162.86999886198203,178.93224839255373,168.09323331598236,161.86773788580402,179.11890473763037,165.72422074193088,28.809291987211513,31.334016223149064,Biceps Curl
166.59092608304786,177.98867016620858,165.29089524856482,157.40484421565986,177.01023178908946,164.4909784959429,28.13124336212377,31.238377437368165,Biceps Curl
167.08807238723568,173.03845524067384,165.61065884932478,53.6338904874556,179.86893262238237,78.86634942038418,33.55070661505441,33.52596917080363,Biceps Curl
167.70067336878444,177.55650322136327,163.07771157491965,30.054896863615028,179.57373670843808,21.544687377658637,32.41958854003121,31.987540718117888,Biceps Curl
167.08954901979024,174.40260240998896,164.4067620457621,146.4528009359305,177.88290405850125,145.54857286226385,29.18305201645079,32.417481279746276,Biceps Curl
166.37107788308654,174.52559519349958,168.35393776282658,162.68214022762697,177.86021830161357,166.3169526147291,28.828290690389657,30.54017639960395,Biceps Curl
166.37625448172378,174.90033068198716,166.826040861636,160.86625281576804,177.1025977552333,166.15810800074462,29.226093159630494,30.203367234743975,Biceps Curl
168.2889592621921,173.63689178669975,166.61490028422682,91.30826351774432,176.89980757789425,114.27223213467389,31.859550060572843,28.998049758950227,Biceps Curl
166.70484109499037,176.4116560294636,165.9951617247091,19.94513410337077,178.78814618685558,18.467509483089927,35.400054761365894,32.66445782983485,Biceps Curl
167.24639146155667,171.97551276514682,163.524728789847,148.97109563238814,178.23284928567628,138.8760576156243,30.038488270066004,28.88370748111458,Biceps Curl
166.76800738560985,172.48191208004152,165.67160031654802,162.2872362184223,177.47367723088325,164.05529339112806,28.401928786743397,29.90573060507008,Biceps Curl
165.79318695652628,173.8429578436783,168.8693193855848,162.96932077313554,175.04141257802502,166.24871895373798,29.66675804233807,29.8238712476587,Biceps Curl
169.74383723978045,170.43313370069387,163.24755657966273,91.66786386737786,179.5088101175233,125.15580438605984,30.83668507336078,28.64601247757655,Biceps Curl
166.60790531011398,176.2769480719256,167.20614674672504,21.03920233489263,178.9047128617395,15.082210335827217,34.32032429185476,33.263758185619174,Biceps Curl
166.3575386567149,175.44312158683664,163.85636243076817,143.69320880885175,178.4695739616002,134.00595969750566,32.60136773130289,30.980633583913217,Biceps Curl
164.9394604233214,177.2754918662841,166.80737194019895,160.9587533760791,179.20837003515962,164.66894359946613,28.266468721881033,30.263639623875736,Biceps Curl
165.38532938405697,178.82288746122217,166.92983155489313,163.17922538812212,176.77556275421546,165.80082236790062,29.38647511721219,29.956182814782704,Biceps Curl
166.553609648708,177.76891333357503,167.8137658022397,147.6578567354463,177.0711896678032,155.76618547619276,27.072288094845153,30.889745120225395,Biceps Curl
166.61418139085592,178.0319206028908,167.8441202264913,20.66210054388225,178.01042279326705,27.7245996810874,34.97390459248297,32.363293245943645,Biceps Curl
168.70169499379023,174.0506769603503,166.29403357540886,1.5456966936771284,177.88916443807793,27.901930928923708,39.58009015535243,41.32002849780747,Biceps Curl
165.42428724760825,179.41828565195797,166.52535140024682,161.01580817432654,179.6246253372655,163.04101732526178,27.487702631428125,31.975421799141714,Biceps Curl
164.98227544747357,177.4226271688243,167.12403613770533,163.60921779317238,179.438636658335,166.24122017523425,29.835495184308524,31.530078784099835,Biceps Curl
166.54464545752222,175.0874981710192,168.02160021387203,160.37555812795156,175.39406503637554,164.43292950866092,28.250428206944346,31.418320851342862,Biceps Curl
167.78758725287028,172.12232562639838,165.7239360942625,34.34415803226802,179.22099932691614,76.65736475562613,34.641495741325954,33.83558289725011,Biceps Curl
165.98042884547496,173.53827043312677,166.5902868115374,26.52369447876646,177.6748641583218,35.5100329120195,34.94931470774574,34.24898648232762,Biceps Curl
165.57702913897106,178.08994088503934,167.92424559122918,156.34943804757614,178.04684225786187,155.82652226145228,27.927129734981953,30.009693041559544,Biceps Curl
163.4135545955605,176.88535885754555,167.75877552188376,162.62123163743,179.92922765468867,166.2748806688396,28.824963433755915,29.558909316149027,Biceps Curl
165.01492529357785,175.64305603009134,167.66415752562517,161.54088736286806,177.68995648854374,165.93971707302015,27.99966757771779,28.884245193685185,Biceps Curl
166.22913434941157,172.5134141905748,167.61453196189075,101.45348832789728,178.12244794467733,133.02994338545403,31.586994623096583,28.43490008018024,Biceps Curl
167.1440279786257,174.60313828876457,165.6693089399896,21.882658618728364,178.06269350474415,17.390556426437573,36.65951331382529,33.489709984851174,Biceps Curl
165.79988059606893,175.67175105153078,167.41965286204018,90.27798282195228,179.0729589448969,127.56951745988036,34.39370932264918,30.05461484341593,Biceps Curl
165.82055043660182,176.22187103824214,167.3757123650274,158.6504550215726,178.64770723322965,166.22026514695204,27.14301427578257,31.623166388924453,Biceps Curl
165.66749176039752,176.20217798125924,169.63860716137742,162.64613084653968,176.45624529156603,166.02048867546205,28.334748821551145,30.106713789116174,Biceps Curl
167.4973914947764,177.72894912043773,167.64997008035155,144.02316062006108,179.9855886491665,155.62604597330184,27.560472790948975,29.6594378332644,Biceps Curl
167.0529342314682,177.418883237645,164.1667358294589,21.122304688879783,179.34881742463514,23.979920587653137,34.719655922256536,32.198998347581565,Biceps Curl
166.9674356795639,172.84615920875953,166.65320907874295,42.93554385396863,179.86602148748085,72.16533057566721,40.05550272256446,34.47007390360653,Biceps Curl
165.6735105688159,174.25465665309778,168.4698837828366,161.34926167293148,178.83218872030469,165.04285508666467,28.49150465952257,30.183770401146266,Biceps Curl
164.3803770120307,174.83387769794294,167.45508022464105,161.84680843128726,179.00504560441854,164.48327985147296,28.41209700570745,30.558209692734184,Biceps Curl
167.4392522451844,176.00181210549135,169.85598516934928,157.15580885893445,179.91011243530508,165.62552303958472,27.37460824083055,32.63549794591084,Biceps Curl
166.5978846770842,174.0115491940765,167.98827013096917,32.560789641645435,179.71158579149585,28.9151945361739,36.746551472797336,39.66241290485693,Biceps Curl
165.96701200977958,176.1604771747458,165.64050836481616,23.968613841787135,176.96357301471122,24.883476917133116,36.81428303579985,32.841258440241624,Biceps Curl
167.0247947306161,173.8244041632702,169.25628074931896,154.62445207045403,179.83601194366875,156.16269441661433,27.98937816561616,30.217219965461357,Biceps Curl
164.3813221419857,175.32858141730554,167.55510453983652,162.36860113534357,179.56758286869095,165.61866453797103,27.760302228982596,30.51369022330627,Biceps Curl
163.88793483120344,176.09230705927132,168.98336728317977,160.4223662423015,179.6484904645112,165.7487881721214,27.471873244001163,30.969737168638936,Biceps Curl
166.47232803091148,175.55831456537717,166.76526033180917,80.94290613979196,175.55907292401298,121.85595517235552,31.38434444426846,27.607794338972212,Biceps Curl
166.570033726938,177.99631639157823,165.30217149437905,26.565054982635612,179.61249295521486,19.7662882386363,35.25934427804768,31.508480449548777,Biceps Curl
167.66283698786438,174.51178215700244,164.6231712317699,101.77083440113658,179.73368282530396,131.37284776934612,32.66221266582607,26.950922321267637,Biceps Curl
166.77293459787356,174.09634708984512,168.12805359175434,159.22960375446792,179.69415912080308,162.90150002731676,27.27296679125297,30.245963211688142,Biceps Curl
163.94251634390434,175.32795330922025,167.51452078610004,162.30952193881393,177.89005587327944,165.07186126461255,28.313960794106382,31.06896186146143,Biceps Curl
166.95359302841123,176.26428741963755,167.11896870386082,160.03179531503352,179.34470692226105,164.01498185256156,28.106962238867844,31.02853932653259,Biceps Curl
168.21547636758865,174.44893282482596,164.98920420888345,97.519253837384,178.10999119033,117.72898247636088,31.394639882350106,26.93788332877963,Biceps Curl
167.40750410227568,178.6266045229846,165.45424378699744,16.954173169214798,179.76708497856316,20.521046420110444,34.552710480607345,32.88381939021722,Biceps Curl
165.63107233457555,174.6945683180354,167.12864857636876,16.675157017310998,178.69184922297873,22.638930636915195,37.90425200161677,32.714093994888344,Biceps Curl
167.08763676520826,175.75704093921894,166.1025129354584,148.79004634793134,179.3964494850144,136.9097171721242,29.252956038354025,26.02191607562344,Biceps Curl
166.52074461314152,178.13023909020737,167.43751288053625,157.148260016951,178.23055620367833,163.34546667292614,28.00699139105244,32.16783283981671,Biceps Curl
166.07613949109296,175.4048102635087,167.2473400757828,158.83118312729968,179.05868521193008,163.23109067813238,27.940591106448537,30.45717666838953,Biceps Curl
166.0256684479643,175.6919718609238,168.22357939663266,160.51175700322452,178.81497806013215,166.1410908099208,29.90924038229968,30.993478803448102,Biceps Curl
166.1504148119876,178.26391157959364,166.81076935402294,157.10989219225434,179.6930859165442,164.70776026486877,28.358387761453823,32.66857833419381,Biceps Curl
167.40315139487996,174.7499811274024,167.1550982908737,35.89111276285675,179.55390295104553,104.75850216021834,38.33801890164233,33.757609299895705,Biceps Curl
166.47223896935355,177.9913599440305,168.54181228311745,15.746425902082304,176.25748405777543,15.466623995000385,34.26490318014198,32.62414622559616,Biceps Curl
166.40533775112362,177.68250923502168,168.46326168108496,21.90772775345733,178.23177225457843,20.69320076567763,37.783185559176616,36.2563010120585,Biceps Curl
169.0859267378002,171.8460825608178,161.83118400651696,158.9830685535379,177.63620999933943,140.00798440315037,30.976422117175225,27.67493578819929,Biceps Curl
168.6287608795212,174.90617052807897,166.84637449729556,158.2653972198363,178.91842057535737,164.18321032330286,27.890452313456272,33.00998608051397,Biceps Curl
166.10490421754992,176.72043063738272,166.6933709295531,161.72915965013465,179.44458828439093,165.1598596796822,29.324733002159743,30.78990107877058,Biceps Curl
166.57588470015017,178.47890401374545,166.32713150903442,161.67476553389625,179.48395513987003,165.5224692389387,29.4724645203234,31.759889169998395,Biceps Curl
165.92172443069694,177.25555704989213,167.61611112071066,154.21819596730876,177.3632848843966,160.54458808969645,29.34069060887079,29.93880408471256,Biceps Curl
168.94521985317382,174.14814294593077,166.2263644725634,69.08536176799451,177.68647236198237,100.28128839885744,31.788028805416378,32.83428013379298,Biceps Curl
166.83314651762615,179.09296567054153,166.47521522320602,17.75592949288028,179.99923264735972,19.96503459865423,35.735280327698014,33.66515048078402,Biceps Curl
165.39219101347118,179.04422008269347,166.9804989040483,17.183906140350945,178.68923167443504,23.35048565962125,38.7402496502072,34.00254744755399,Biceps Curl
167.5348852581005,175.20772918828737,164.31812091751408,95.57250583335856,179.18083637346152,126.23905391467468,36.51993451186306,29.127469703273732,Biceps Curl
167.97319396997528,176.95785933342458,165.75187186180398,159.34780155478086,178.6483119211455,160.48425962677447,28.98568529857088,30.47064691761333,Biceps Curl
164.9253967032564,178.23518154473797,167.66027688847393,160.2820929700164,179.93829307170014,164.92367759893202,29.149951486926756,29.909575600570967,Biceps Curl
165.0563023805827,179.56828397922587,165.96844007342588,161.54846082954472,178.10352010605013,166.41523478945112,29.93022484602441,32.341669247291954,Biceps Curl
165.2063670476289,177.8105644804712,167.23622959730434,156.2061616052494,179.75510114932865,163.40118490675687,28.2276444537692,31.018636785252266,Biceps Curl
164.9922281853693,175.92152770237806,163.1827788973488,129.48623632201858,174.0172858183258,138.93930586934985,27.990139069191827,27.476300599592925,Biceps Curl
166.41118437572257,172.62443174007757,166.709045885067,32.71470539642302,179.24586743682545,22.289999533027988,36.02783931092337,36.71543407078378,Biceps Curl
166.97817429984002,176.54567408835118,166.1134804885579,17.507988803157232,178.04614676635,13.77436782400154,35.00050106983765,33.03709345098888,Biceps Curl
166.4638806702886,175.93066191112803,166.04095694285044,23.79239670086405,178.9790499470101,20.30215879146614,36.00688557618846,32.348976691444605,Biceps Curl
170.70509940256954,171.02574101468122,163.71543698208828,79.808733020165,178.464757211388,98.26982735658292,33.134207388234245,33.0791026811911,Biceps Curl
164.33753613038735,173.4940329218294,164.28390534581578,147.11850735661906,175.67442311294988,141.63268384071702,29.555873229121723,26.4993772761348,Biceps Curl
166.7617498339616,176.42845467289993,167.852069924729,158.52788454334075,177.81671286505662,159.4118989704519,30.334910845761573,29.127189704036255,Biceps Curl
165.3982039591396,178.7317457341967,166.02497765373485,159.64312765489498,177.60721049559888,163.20870438913434,28.264989319192967,31.26930394638744,Biceps Curl
166.06827476958463,178.4815574278868,167.34723499572445,163.69802951538912,176.00912549597595,165.44584624890675,30.970830908156813,31.61586701917246,Biceps Curl
165.35460414831218,179.21895882270763,165.68755467202803,160.72059758110998,179.81550055839153,165.4524975324503,30.136935215463065,31.858280945270923,Biceps Curl
166.0915850473573,176.54340314186467,164.79427882330836,149.26645445062778,178.76227185095024,156.79680124842602,26.467071987340308,28.43539832023338,Biceps Curl
169.24704143864102,177.0683978098802,164.49813657805524,74.36331882279121,178.50833503214187,103.19117061624326,30.60923822052948,23.541237258219414,Biceps Curl
166.55786009655972,176.0358000847825,165.85714163408252,15.903521481220093,178.70992081205085,20.85811450323975,35.7621474276837,31.802126816110587,Biceps Curl
166.87118042541113,176.97072573600536,164.1214605737256,15.558497992821502,177.44227658828947,16.704914615960234,35.947727592079325,32.98135029838187,Biceps Curl
169.53152712385497,177.79961191470113,165.6907430864524,38.86093724648785,179.58597105749806,105.64313970923703,37.26992379141032,31.749067949869193,Biceps Curl
166.17402388392608,175.57288594830837,166.21799806435536,160.2120965706954,177.66029103394737,155.04741792307195,30.406013957641076,27.587371150348805,Biceps Curl
165.9841195456859,175.1232046152403,167.6106939350088,161.62309339204367,179.65422533467284,162.81589704741734,29.54506661792693,29.25086141023229,Biceps Curl
164.86569933860412,175.3733317373893,166.09142109311048,161.20345538930522,174.716718133171,164.91522106151305,30.35255243677921,30.78511157332477,Biceps Curl
166.8770268329263,176.76040312271155,169.4761059608158,162.3234927643334,177.9141051312174,166.40950274615696,30.12001668040528,32.785956625081155,Biceps Curl
165.87247884599063,178.84108511617757,164.82490080823536,155.3563862890326,177.43003193499243,160.10830061100793,28.7639905972387,31.361668543301995,Biceps Curl
167.5425153083979,178.12790246296177,164.74910950560164,80.82640799695666,177.10886401808472,110.23093453215694,31.543339830318157,25.13830679355139,Biceps Curl
166.8804065015752,176.55997467115188,166.44599461472347,19.916149102442496,176.49370429959546,20.82679646103723,37.9496798237453,32.830602855846266,Biceps Curl
166.70857113805553,177.03869580130117,168.1584783976544,19.73792215774471,176.90695400863206,23.17605040316037,38.45070826153979,32.86959036517701,Biceps Curl
168.08530892832923,173.47238524058776,165.27518204439184,89.46579178531121,178.9000900037179,103.62050012303472,33.67310010510794,30.20264369745166,Biceps Curl
166.1588887160944,174.69344007224055,166.64107141068456,151.81512604749506,178.23434679267214,154.64112294769373,28.8155549102522,28.97979880263864,Biceps Curl
167.74665762591565,174.84175848637764,165.62924903005398,159.844361940407,179.0011737357056,161.4201652754392,29.209582073403553,30.39634887516511,Biceps Curl
164.47226673581582,179.68485374390943,167.8550904639318,160.14323059090643,178.1689544926629,165.38278659588528,29.119461885163332,30.433900420848115,Biceps Curl
166.02761211136186,175.52873706953065,170.06273347216018,161.8950235196504,174.24966184208827,169.2576059717783,32.2810531435541,34.812239023096524,Biceps Curl
169.97490473024578,169.96539865740027,167.2420969805144,161.35522188351584,179.52891292220022,164.35814769774944,30.252083566403424,30.843381566532283,Biceps Curl
169.82569107945508,174.30924493093917,165.1631151595677,73.07379656829158,179.560133982542,116.9773720212956,37.09813870003237,26.66641596539146,Biceps Curl
165.75116600297963,179.92279536269314,166.55467446436455,23.20892512461181,177.19944986012098,25.397263801951546,36.30352003009938,34.737953483672115,Biceps Curl
164.72279336941446,179.0118245640892,167.7317164197691,28.530294903697733,178.537604670474,27.573773314603752,38.279291401156115,34.031475714470126,Biceps Curl
166.22443920930033,172.2834849395727,164.59979362495378,139.71870847017505,177.2043954527358,141.34865513173156,31.923008576011743,29.912622453145374,Biceps Curl
166.7288092906629,176.67202583728317,167.62666758932977,157.1034699444881,175.89857653684874,164.79654246781408,30.43709119610434,31.31307101936677,Biceps Curl
165.1888422365812,177.60679477310504,165.94353110169894,161.02466186470863,177.77678146139874,170.01648394014535,32.77379757453257,34.386071861295505,Biceps Curl
166.7497122757376,172.49968738827653,169.6520610266755,159.7467685859491,176.5231243216978,168.39454429609117,31.59018854625416,33.776787569188556,Biceps Curl
163.99823966612666,177.79499929549442,168.4025568748223,156.2245399982171,175.8468491880037,160.3939838988191,30.809277508933107,31.106769942681847,Biceps Curl
168.58631637164294,170.05260732027008,165.47383298002836,30.96505098789732,178.18850859874394,44.998605259802495,37.36926188898759,37.579805528548775,Biceps Curl
166.44893165839403,177.21938247314066,167.42695335984297,28.91939317535101,178.76703850905298,21.342994403453197,36.90579735933995,34.187920869155334,Biceps Curl
166.01404768563663,170.85278150547728,165.77201668205137,98.95905390259516,179.51341269327432,112.37696593586566,36.72328369730489,32.66849813339112,Biceps Curl
166.05065539575492,174.5160371709648,165.82615027785974,154.941363944968,179.2921296528852,159.79986503627563,31.959134947435864,32.331883634902134,Biceps Curl
167.36530319861942,175.9080990768959,166.5921687172805,160.65269665594934,176.55016038277984,167.65264213570583,32.48532877594039,33.576926967086166,Biceps Curl
167.1189213242443,172.55589018304602,169.1934618083551,163.57673604168033,177.15143092633122,171.43211074101694,34.578721649479895,36.6818132010052,Biceps Curl
167.14877192869423,176.13433748882082,165.6836507560333,156.74542288347126,179.46258621622073,162.12412125940978,30.157179319168037,32.07159395570017,Biceps Curl
166.90296453898785,172.0501818221397,163.7590281592188,72.31073304435976,177.52625477875583,111.6100037445746,36.70123179698151,31.09559168333567,Biceps Curl
166.2564755089164,178.3990857584824,166.42122241657273,21.881848905082247,175.75538320571516,18.205839136527164,36.41204706467228,33.73009986616362,Biceps Curl
168.0006198147829,178.2631691106331,166.5462611124371,45.81265068422045,177.25884754974155,38.6452953121835,38.690212711752935,33.845224527191846,Biceps Curl
164.47077283767644,174.43690515041894,166.85035918980046,150.61324151719427,179.55737274253767,140.05642847167866,30.98188173082507,29.101214675097275,Biceps Curl
167.4936292051504,176.71598288875074,166.54063932266902,159.97482660582924,179.748282528858,162.51212778170697,29.70431168215711,32.025492993330666,Biceps Curl
166.23312358177498,176.664059281392,168.50098495430075,162.22506121293128,177.96083326849265,167.43238311189134,32.44969122368298,33.02688983616183,Biceps Curl
167.1075324063089,177.36674559122469,166.68367819411358,160.0034916759848,179.72160484216835,165.97928703717943,31.172730748622804,33.37065516477866,Biceps Curl
165.3004890948889,177.01335334956187,166.5354793043954,134.2598998481624,179.24921297868335,142.3197995838173,28.61831864121489,30.82056007263544,Biceps Curl
166.17055615316002,177.01854232567595,166.73573738900473,23.93984781167159,177.54509702581498,23.46116090536897,34.17880356048872,31.507779616757677,Biceps Curl
167.54296958955877,177.80555336540908,166.29121757717448,21.51600025872881,177.86731431037884,21.3369107039093,36.33429644864801,32.958249279996615,Biceps Curl
164.25504090740046,174.47960248510086,164.7078918579524,119.07317989814344,176.19002906636075,123.98331377492934,33.06218867491351,28.58833114773685,Biceps Curl
165.1931429408724,177.47104119536954,165.9777051152172,154.80891643379974,174.13666616677838,159.991001638987,27.908846084614684,32.256543995512224,Biceps Curl
167.2735049082862,176.38268673301926,165.6860965893526,162.26152835675876,178.3486107062457,164.94993150314372,31.090439709400425,32.480447485164426,Biceps Curl
168.45025337662778,175.9101645073054,169.89606088996183,162.25445504629553,175.40188898476083,166.1951936366783,32.66822135658395,32.40296230740887,Biceps Curl
165.80714316094117,176.72163559900332,166.32007315019402,133.11220747156256,178.80288427165257,143.75917262032235,29.148123261247544,31.2072948012923,Biceps Curl
165.47668140168642,176.77049986903532,167.28853713309198,23.77939142777563,177.00353217423654,14.775733508746915,35.50010336978675,33.29267310354217,Biceps Curl
169.25526359159022,172.64162724791416,166.4478555178177,73.59703073015797,177.5156117741061,62.504407861689465,39.82760624472443,37.07862463643408,Biceps Curl
168.28755798942834,173.60441373996537,166.12196622203314,157.8810847000714,177.400631628421,162.36750435660753,30.94376698070642,32.278782987579525,Biceps Curl
165.9636244383542,179.454890821395,166.28551776416796,161.135121098562,179.65410519425572,165.89171327762347,30.5309628764297,31.95255319714236,Biceps Curl
167.40054054470215,178.52290540465648,166.66234651299578,156.3083320609581,179.39478273658375,163.1569037118345,30.160599495382023,32.70579721998129,Biceps Curl
166.63283225906093,174.55929907099028,167.3176977320622,36.5287225479017,175.49379713161792,74.38857483374801,36.6173451856547,34.04063125476524,Biceps Curl
164.66233459515686,179.89876699105906,165.78833596749834,27.30179647474305,178.59487450671625,22.155321904863985,39.41399333731612,34.10589962910867,Biceps Curl
165.12569536283343,174.15031110343546,168.1013620249219,153.03549748622095,179.90335727647087,147.12683052856775,33.00611024746081,30.859895531029412,Biceps Curl
167.34315335580615,172.33883243859498,168.29973425655697,160.81232070371135,177.0357700405046,165.8486536667282,30.873873230731135,32.72414781801729,Biceps Curl
166.49833595814147,175.86437931007788,167.65601976818365,163.63504552595268,178.5055113349875,164.21278375466943,33.57605353087043,31.959336774403887,Biceps Curl
166.23704192708007,175.9479390565794,166.44987817282345,138.61966267329632,177.0158610245715,150.186512028591,31.703338368739697,33.35943550357508,Biceps Curl
166.29329499761707,177.39130055698936,164.9432533095145,21.373348360017825,177.97165753852494,17.73768761187972,38.704959594590285,33.3597206984096,Biceps Curl
167.27417744462423,173.16018033698688,166.53518905542632,38.87901474272585,179.06747646220305,8.702783068543292,40.74094121970937,40.78335450811176,Biceps Curl
166.52333281569636,176.63352636372537,166.9943423009227,154.83298233321403,179.0822543597053,159.20577482643736,32.583463933950966,30.787007279421157,Biceps Curl
167.65241938155228,174.72241148828635,166.66988983443605,161.69883379650807,176.62163879396945,165.71488509593283,31.312090325388283,32.1742204106016,Biceps Curl
165.02356100502806,178.51805434485647,167.2591246979698,160.54303039617758,179.22251595670932,166.07995651344288,31.179151861292997,30.862142909763417,Biceps Curl
166.1753553672647,178.40549036612111,164.62835623952165,135.96188346342308,176.9803368543203,145.432194391143,30.72817516137103,28.81960041354456,Biceps Curl
165.09947294287602,179.88559183994684,166.1801740173131,21.059544995771535,178.05333463234368,18.71728754220776,34.478847129087185,31.297493924005952,Biceps Curl
167.22713306352534,172.22475712640386,164.76080556911108,38.960114111774466,179.36457850195103,32.379560212278804,36.45700493780222,34.78832465708706,Biceps Curl
165.9800820313935,172.9976384645731,167.55256820689465,149.37741193115525,179.89834329845357,152.47670412141315,31.090009716187417,30.059461575485717,Biceps Curl
165.69283097956838,178.11299661071396,167.8562057840037,160.37167450614675,179.06358539741714,163.013459219356,29.061934605646616,29.740360324974738,Biceps Curl
166.3036478609773,174.99012264046027,167.26958798610968,163.11188103251158,177.84737984792355,169.16674762630294,30.52999875733218,33.471461815960915,Biceps Curl
166.79672035016574,172.7661827626159,166.4341540588255,161.4119515074068,177.05287313354933,163.22585202237806,29.23720910060207,30.7068131424678,Biceps Curl
165.5939294844678,174.7570783147397,166.0606529517013,126.6844319345972,178.96569422930602,137.34099493292382,30.98695646213421,28.367095697051987,Biceps Curl
164.46984633034066,178.94146382957848,166.54627572446523,20.821225265009385,179.55199360718214,25.92759170859084,37.547857024381806,32.839708076456795,Biceps Curl
165.75442128584197,176.97836014430902,166.64698014097655,24.78088961754132,178.723761979922,23.73961010264483,38.676284322759265,32.63468945539265,Biceps Curl
166.2291544773064,172.0792329173789,165.26852112182587,144.95208690265534,178.20084131916718,134.98992003830185,34.04796081265706,28.60200154820183,Biceps Curl
165.58703901683134,177.48520023630846,166.92204404615495,159.61718675636234,178.30643422926843,164.53009998907248,29.675612481616575,30.28868525181149,Biceps Curl
165.15241079538737,176.0660827966032,168.98478113980764,162.57223851181692,175.9323380579775,165.1944307231403,29.73747405681244,30.090815099584884,Biceps Curl
168.0126167053498,175.49721673729167,166.6094726908767,148.230108115515,178.58375406156364,156.39714969937526,28.577093370277883,31.367484297949588,Biceps Curl
165.32954474541003,177.5272956257232,165.7409903407476,23.97978005394747,179.31087836298587,28.885049392338217,38.4243306905238,32.862301241540884,Biceps Curl
165.80004931248473,174.75940887047253,166.60424574866104,40.428023505656405,179.95839174462046,22.847442626898083,39.608115381763994,36.41319287802623,Biceps Curl
164.00329484240993,179.45998136839358,166.93344300066275,156.34132812567958,177.205010390824,159.20134740426928,29.2438728562096,31.49053375338096,Biceps Curl
165.29993804915645,173.7930778551722,168.3214213515218,161.52401933368452,178.13936518292292,163.6481307371958,28.698865654252625,29.155742038600533,Biceps Curl
165.34499375923528,174.80617624068148,167.80046887913488,161.9905210418869,177.26714894902062,164.29365556118103,30.03194817257445,30.605063721455867,Biceps Curl
166.53589515389737,172.82969550300757,165.69396702009226,105.86733623525434,178.2733185656007,139.5675708944586,31.447667547110584,29.06216710175021,Biceps Curl
163.93994163546768,178.44738181138007,167.25114388743995,21.055417993992457,177.30237594240288,24.13835355787844,38.19792636939891,33.16833367748028,Biceps Curl
165.2372476921345,175.1064627603501,169.43222409606852,40.07696483139631,179.67530712053292,33.35849786223475,39.34661938278795,35.657911466928866,Biceps Curl
164.25879672160897,173.90613547320058,169.76530324622777,152.5816271973683,177.26786892039206,152.43659618806706,31.750215066626904,29.113158277318313,Biceps Curl
165.02037098232827,176.73453909360302,167.79362460427788,160.88153754836634,179.16883999188192,163.93977328260178,29.47941135018318,30.275572200088373,Biceps Curl
164.18861462173197,179.5970276164734,168.57053152632176,160.22510055114628,177.2275611588369,166.16303777824282,30.049671253662716,32.251105899186975,Biceps Curl
166.10263022509238,179.45785828694557,170.34536875881506,146.4734698594184,177.38570700166983,159.16773889369892,28.112292151086713,32.12974028878352,Biceps Curl
167.41883687150198,173.80747200284293,167.68472578096325,34.68182932715161,178.86140860674502,48.4984411789681,35.72267813545216,34.32241493665402,Biceps Curl
166.04362445633012,177.4216413305001,167.9431783964828,39.84778371186735,179.09802554036767,38.343184007889874,40.10382091982533,32.29235004631064,Biceps Curl
164.6190227904255,177.79227443835666,167.48898275895084,152.02820586736024,177.54591579230168,150.51829433513103,28.584715245317945,30.00339760778477,Biceps Curl
164.87567927415853,174.66119397736875,168.24828435197344,160.7434470461871,177.89984003854036,163.85703971868773,28.610602805027057,31.060650749911147,Biceps Curl
166.2577883388047,176.34969269241233,169.02647092969076,162.5473042986108,178.2181311322581,166.07645022805943,29.0340769892596,31.23786736442568,Biceps Curl
162.5217548647062,179.57504219543395,172.56016939749975,164.76805449765206,178.99040166373567,172.0388302945611,26.60912942853396,30.07393484831979,Biceps Curl
163.98012042506065,172.22543854719407,165.36864436406466,168.80465567821142,175.04890083507416,176.88508879240544,20.947540295696715,25.304798365001083,Biceps Curl
163.50875822839475,170.20845934441635,162.74318859475278,169.1401958765289,172.0616435395412,160.21605400236936,21.343028820718686,38.83992815663842,Biceps Curl
164.39615207379788,171.04958757342484,173.89437824610428,161.00391344022458,171.13144132877997,164.1676083746871,25.92669372612303,52.80551683449622,Biceps Curl
106.0458924414376,63.06687732517321,137.37243960734807,148.73704723098908,88.84785977744411,176.09145744867038,17.735530992630736,56.58980677447985,Biceps Curl
164.81247061756298,179.3627645536237,175.3952480284379,158.95449439531956,173.25073205714153,165.7638588300246,19.04132885034012,32.35210754702169,Biceps Curl
152.52438494735495,130.09274902190646,168.97596635386617,164.33721799857656,129.5421158894962,168.86592546013662,14.012050053854598,48.03188860520765,Biceps Curl
159.40775086899566,155.33952093693384,165.9070386949599,171.16855547299846,171.35725915544126,176.6797222659,12.503250938414682,38.181304840433505,Biceps Curl
175.5505024717396,161.93560719768013,168.55055231980373,179.56443808287997,175.6477326985081,163.4735995697233,16.27876576899879,20.20048781199282,Biceps Curl
161.67828710514465,152.64363712540745,163.52126954241663,176.49635483151377,133.33434102358913,150.2169496872489,18.261361382296183,16.27339209092475,Biceps Curl
175.72310094035686,163.0844162988027,179.2171849226523,176.5023802183251,158.44989724274745,155.65568689328364,13.42579426928548,15.54124740803964,Biceps Curl
179.1076193706451,169.31964838932552,175.6093391090308,174.3675709964279,163.7211127812792,156.5965904436584,9.121871555348584,16.088079552512568,Biceps Curl
178.1531886853171,169.09903184524052,174.37044273224603,173.02466454237407,161.0087728345586,155.5422648250966,15.127248304743672,11.029140220912431,Biceps Curl
179.35968072423063,169.40382254236084,177.74846734517402,67.5716574900652,169.07471632494602,87.61950806304633,42.526365008972064,2.155356795506738,Biceps Curl
177.92461273620705,175.23046440993895,172.1372129699844,127.25899095876872,170.339662953443,53.69159329755328,15.60554261382567,6.78429941920829,Biceps Curl
172.493042974255,167.48875817149303,168.86454479976837,115.96694335573908,173.99578077883095,105.82908905789697,16.15335640570241,6.579952741662655,Biceps Curl
168.01660369003014,170.85161491238637,167.58632991048927,172.12875449537887,176.7937295910302,148.0873612875524,18.058048069867983,11.357503761129385,Biceps Curl
171.9847143360469,171.35193154169835,166.8754011094476,172.36375439918285,179.04839112704198,174.65675507199643,13.100234806994528,11.356923979794145,Biceps Curl
172.170419082362,170.0915857598426,170.08120067329642,133.14548015715113,176.67677694252072,112.50764778833737,15.294264408796217,0.024931051821202765,Biceps Curl
176.7386106597818,171.74201969111428,175.78723910128735,165.19427308178211,173.0041436087918,64.82701329322381,13.399239309877904,1.8113115523057453,Biceps Curl
172.0628650004691,171.03650731477651,174.37647878841128,54.459993341448865,171.73098571895284,79.28213022696315,18.071903407002875,2.7076721458803164,Biceps Curl
166.71501456337367,163.5304182526789,166.37631449787705,147.60442915512283,178.06070635411976,115.76246462043848,17.45513321057847,5.534623592409998,Biceps Curl
174.62401746135586,171.4837470189628,170.23717025721416,173.89916566796035,178.44673696297963,173.47343965418207,11.174463538359522,9.750717372999528,Biceps Curl
171.44248011338885,167.57644615372828,166.8900723249863,170.4212309010739,177.8943631921829,152.18307852527755,19.344758206508,10.678949322865192,Biceps Curl
172.16184222153217,176.77295133157995,173.02819885061118,41.00624155882477,171.67521239093423,88.24633399486999,21.609872033374824,6.623397980449966,Biceps Curl
172.63945587209108,175.7683794740044,170.90675192401628,153.55649641588303,175.1134378144177,56.46664225315954,11.22149297967772,0.4024254773883157,Biceps Curl
174.67269002975925,178.85773537742756,171.81670539970258,77.99971916357526,173.76403515784486,86.67345134567573,26.27801646719979,4.920584207306244,Biceps Curl
174.02771496874738,176.47606276497086,165.2308896334977,178.78947529707895,179.9236795137333,126.39832670071472,21.174224379409033,12.922182271785726,Biceps Curl
175.48465879648887,179.6373749419351,171.6708676274677,173.48849740768995,177.9866964994591,172.7661562017299,7.346637398185623,13.578138327644227,Biceps Curl
168.80748180970414,174.19183238259788,168.7474829203425,162.49413277198354,177.4889536663262,135.2574524320615,15.62474716077901,5.425459971655894,Biceps Curl
168.15110112720163,175.8942636220481,173.56654100842673,70.56703265942437,175.67109689501254,77.38150320724979,32.28092375808791,5.723528212555674,Biceps Curl
171.62775718999006,179.16766508858046,175.81214658992678,44.014678037948215,174.85116738610236,67.514101924402,19.074833970059036,11.776011818477896,Biceps Curl
169.3777799995521,176.4878038828137,171.0193642859312,134.52472060217988,178.44810848687345,106.35468430426872,25.904621301171016,1.6363948005090785,Biceps Curl
161.4383017463395,163.7450908136688,164.79667197075264,165.86743643629336,178.643066983534,149.83341358453794,12.94712181805492,9.978324238790552,Biceps Curl
169.39625267603387,176.70158546644578,169.55444864815698,158.43420695507402,176.1323746159233,168.29648476986736,5.000239537155239,11.36670725341676,Biceps Curl
168.42961116037776,178.14386722305738,171.4622941732651,134.19603098734473,176.6430849022428,117.396956662336,25.75119521733936,4.2946860201525086,Biceps Curl
168.81795411765583,173.46071803487806,174.50809646326414,68.63205665669437,169.65112286021048,76.06757816539712,28.520164508126133,12.818356105595184,Biceps Curl
170.2456975492827,179.47466826333755,172.7491427025228,67.93248180148298,172.5135620824257,85.38132722859073,30.378659038169378,11.136645542182691,Biceps Curl
171.5130609614366,172.10114836577756,173.66603748983303,133.6938061973474,175.21980989111418,110.18414486611692,23.414486283818626,2.6415392463237493,Biceps Curl
164.21053685419415,170.55310989099289,167.39339720148996,165.1603459027508,177.34331472604205,146.7502428200799,7.112012000241576,8.933587674802018,Biceps Curl
168.59380334879768,173.24541940635936,171.5315219637736,153.32487579136682,170.29352223683483,168.38275531860248,4.439557209488323,10.618849743316431,Biceps Curl
172.48527625192187,175.68428547881703,172.2546284605469,133.78953410062613,174.67876995860593,111.15591689605648,23.886682069313252,1.475946599976016,Biceps Curl
176.06437003435605,174.93812778105968,175.05919322147824,51.184319620917705,173.16256865404142,71.77144864163901,24.32447679308326,12.950291831478353,Biceps Curl
174.9565192070407,178.43776488820353,177.4020365845872,48.78380668909079,168.6689294175873,89.26658687152151,30.388893501870836,6.115969326855073,Biceps Curl
168.14996210069867,177.37548027348106,171.25196595462327,137.27921565254607,174.29784010677355,110.56729043071476,12.69425109526694,4.809335228573803,Biceps Curl
160.01122683030218,176.13132669721463,163.85043714082624,145.12466934865347,175.21572326360143,151.7936542533065,8.278949444300295,11.047553852292188,Biceps Curl
162.4019704405634,177.144591101273,164.72656719412902,145.7198975180767,176.4802800278433,155.11569109700554,11.35483944680514,11.33509564045779,Biceps Curl
171.40088752032295,176.67902966676684,173.55242614620946,129.6546857896282,172.47551385212597,104.377880080621,28.64942990162048,1.237890058496115,Biceps Curl
167.9708223815961,175.90770561230218,171.78561097836985,94.44898059414508,175.89530054892836,61.903683870539574,13.329696807970686,8.853897856308166,Biceps Curl
170.4576836981379,178.93492741963286,173.7786967290641,67.82383531419967,170.82954800649475,85.18327076597024,27.96250150431914,6.425818303718976,Biceps Curl
167.29156934568238,174.27287022235856,172.38723231366765,134.49427164813358,173.37945208115903,115.08844779686352,20.427470721371616,1.0707304008257352,Biceps Curl
170.4286475163742,177.69955443184196,170.02398282327243,148.6010406064227,175.09025078919018,157.0674405926752,3.4746006580339617,12.534208277605194,Biceps Curl
168.77180583029252,173.86555296108656,166.06357569697772,143.69755101126134,176.6735303444008,161.5977471620242,8.44752254993903,12.052003612849791,Biceps Curl
165.4950000676713,179.92458472903562,171.2704854130192,128.7807478178619,174.99649415205047,109.99820113893726,26.56202202790671,7.372417070724266,Biceps Curl
169.84390536590982,175.66102496807247,172.55927875737382,78.19642893220788,174.1625421204679,63.783546653699354,5.938982559400545,10.854901708241568,Biceps Curl
170.75167588416494,178.5385219269897,170.8479269547417,56.79813583409939,173.1405509408846,74.24149721686645,29.20066390407323,9.057107359352038,Biceps Curl
166.4268813681633,173.39855513968968,170.0072897256306,124.31498344693829,175.81023446601634,107.29557192833468,18.03997313979906,1.1525497211779958,Biceps Curl
173.06937304565474,175.22626388848585,170.05067935970322,175.52411144074753,175.75865581750173,142.61074692460437,24.0986484289918,10.400978708592866,Biceps Curl
166.748547322164,179.0243470599821,169.50879599897374,159.87923768985772,177.08512364141563,166.39795668437174,4.46431351038956,13.215956819444589,Biceps Curl
173.55775297367887,175.7059187762866,174.33650894634366,130.19984804864458,174.51824716672476,126.10494138899656,15.682697190988437,3.5874107307135388,Biceps Curl
170.66202197405502,178.2787513386082,175.06451247358052,64.60129454532071,168.44730214815664,73.15213164510088,18.378526553341924,9.24333593398883,Biceps Curl
171.41649820342977,175.32992007270582,174.94234333042033,80.16388613415172,165.98424581337392,77.21007264030008,28.685083527201503,2.9619617189783036,Biceps Curl
174.27936493589576,159.5662092478296,169.19556253491575,134.61622901944122,140.25955701199734,109.00013223930624,26.116270258473683,3.3870218672149317,Biceps Curl
175.09567798156118,172.61546722788714,179.41639108012228,147.31901107227446,160.87508280594452,145.9795685638517,1.0082257369308736,9.573976544834933,Biceps Curl
173.02378609477253,171.86631907544762,174.73663045137567,155.73680523393716,168.82475337163308,161.62386145783057,12.794201824559783,12.419509894502896,Biceps Curl
174.3860795223239,179.03931261142012,173.6946657609089,127.54843250299449,173.96427776624205,147.4693207192199,6.15651078409108,8.227290943421618,Biceps Curl
172.93883655072247,178.39804996181297,176.58480466721704,52.81471785487833,170.40874819794493,86.6479381143322,42.96688511402258,19.861028789530287,Biceps Curl
169.48708891732988,178.21541220537117,173.53407430375552,61.028931841889126,174.79139752286844,73.99018099718207,11.000599517781714,10.78186164247942,Biceps Curl
171.98660597991997,179.87269672911629,172.66281889707832,118.94070767135376,175.03414271608662,100.9090031209439,26.928159021191455,2.7827432621842405,Biceps Curl
166.1684943176623,179.0128793872234,164.56602271748895,142.0621458486324,178.75820149425567,139.832904099003,5.772052089965979,6.1032608723794,Biceps Curl
159.1645017088447,164.900449744561,169.82218559059834,159.54588441709836,173.9842007847436,158.61187575271435,7.9906958654669555,10.341951622197788,Biceps Curl
174.0120176113288,174.57492477413126,167.45396224721674,129.37748181721813,178.62662321769557,113.54778647342,25.00668997158883,1.6648948489804094,Biceps Curl
173.90451679185531,175.82971592596527,174.49477733427116,62.92660759022833,173.88460902094545,70.04569365765862,1.80928869174236,18.19120583770674,Biceps Curl
170.1806164034943,179.40803346395936,175.72710519443598,62.038999622187546,170.719320098581,73.89313310143764,7.253554047823535,2.882398985341797,Biceps Curl
172.0561278556517,173.59861523089867,172.5875896682851,129.00134285170097,173.58623137158045,117.40791953338152,25.057710370141233,3.949022064586248,Biceps Curl
161.81310000677965,175.1258334126423,165.20546037124777,139.88778895284594,174.7768807844065,152.0579713274508,6.323825196296137,8.707845709681399,Biceps Curl
168.4662810840462,171.93620465293782,167.13385063042486,164.60100311307997,172.74260346620835,162.13832908768237,1.8545195210209675,9.643822191687574,Biceps Curl
179.0268865611277,177.85823341845114,170.1242748749329,110.26137095478992,171.48299416628657,105.75981168086506,22.424964502101105,3.885163734194747,Biceps Curl
179.8960855819585,177.03972643417157,173.00077286059195,150.97846628073148,170.74924687848113,64.49182171000757,10.792882216975404,7.4047683790835395,Biceps Curl
174.7356773963584,178.92896384025946,172.94331839848823,31.973026119427136,170.56649597578027,81.05988112356475,29.0673644654595,3.862283338759005,Biceps Curl
178.5680080910465,170.4223587509199,169.81137868947323,135.79712531591576,171.2813706372481,113.41383483230466,18.779600708982414,0.2689734363518548,Biceps Curl
170.908228108525,174.0195674504479,169.07172072676892,172.515687118905,171.00718413388077,147.23975324207225,14.324498288727572,6.136417811172984,Biceps Curl
173.56129087492903,177.51914472963605,168.07446740741798,178.24366234913091,170.46563167938652,162.26677340704788,19.323097309019513,10.942897194476018,Biceps Curl
171.84465106923585,178.4724152026059,164.87574560122687,136.03883159207115,176.06299715332446,121.92442905743552,17.354613591148272,2.505834297020144,Biceps Curl
170.9525663426178,175.66802772736665,171.5799361245249,51.17203406178833,171.37481179291245,71.89661078514273,14.279368758024075,2.722648599423005,Biceps Curl
179.63605240321652,179.7513752862152,169.93417458780718,127.62619059402056,170.70136288938264,65.8131500393567,13.94301502891652,3.3874410314619845,Biceps Curl
172.77950906971938,178.52791392576847,168.76652852134694,104.31433925630095,169.99607757916058,99.40388186104614,16.228287128139414,1.23921579046314,Biceps Curl
170.6542277307125,178.38880203390255,169.17828126517117,142.37322649789098,171.48092955960885,124.16791933245608,9.083412186931046,1.6493251869833612,Biceps Curl
171.61643947519798,175.14140782839877,164.94068035622726,177.40385730873987,174.1537842996071,157.51704734247193,16.007867891281315,9.157145403541511,Biceps Curl
174.94984368618128,175.6460888689776,160.3025587590208,177.16967766779794,178.25427122942776,161.7635023529262,18.027773147404076,9.215059542768923,Biceps Curl
173.40040512155448,176.3100837181851,163.13907002069675,118.43801408760086,178.5972612746824,108.45921028372506,18.77788394538524,1.0251981035166675,Biceps Curl
179.72403342378465,174.27796672979596,170.67619597824532,129.77144097598548,173.30535227631017,65.17293058175882,3.5621192671814037,9.07691214434703,Biceps Curl
177.72943849371237,175.845470523296,174.06257669480593,47.840734848291504,173.330076228642,69.81764459610838,13.31276365787792,0.04623150261937156,Biceps Curl
170.90455665490927,179.32910632184797,165.96388595347727,127.27537994978556,173.6297048525303,109.26514295886751,9.84718552186152,2.87559056621147,Biceps Curl
168.97950248280756,168.00189251705385,162.33420733715624,175.4783532156046,176.57401795680622,151.96281960107262,17.780386924693605,8.7108791437215,Biceps Curl
173.8220403083077,178.09173179723666,168.2192848817565,178.90894463002482,174.89415061574698,165.606139276256,14.744613719570047,9.635354264520611,Biceps Curl
172.37656978741754,178.55623230627785,168.68233970375405,134.26761727707543,172.28519947143005,123.74983008031232,15.005369468821945,1.742884546088489,Biceps Curl
177.68836535983695,173.09405858149682,173.26124629906977,179.19530572985494,171.82528013948576,69.3965875378465,15.418866368261252,9.607329535284284,Biceps Curl
177.61741020582386,179.70864243149404,172.0190527488151,125.8273024026404,171.09698154831577,68.65369961625346,2.265325271815533,4.0281366890489405,Biceps Curl
172.43649463983056,176.4152273441783,170.95446606653698,105.28990654977898,169.94446333568487,97.56442982404012,14.717640450812349,1.2762453602418329,Biceps Curl
174.99815295454596,179.53953275210606,168.26908612122568,142.25921768465577,173.40087980174746,137.61109102917547,9.608503481839566,1.717326014011673,Biceps Curl
175.09435393376828,179.47115547747728,169.40311501432262,175.45925810376107,173.7215637055798,168.86608342814446,13.826626544047665,8.91185700451511,Biceps Curl
172.42354274256272,175.19932896457496,169.32249621578288,143.08573508574275,171.3975840954648,138.7134748595052,9.887180455273874,2.3783331533139727,Biceps Curl
172.84789132666924,178.26439597514764,172.35946979568874,84.7598959320623,169.84095130658994,96.2060076952868,30.427282827704108,7.124025348319618,Biceps Curl
174.9761139268479,179.91703219872952,171.8707817583668,144.54277799920064,169.61198261009315,66.05182580539166,3.4618864589691194,7.959275208333402,Biceps Curl
176.04075961564072,178.8653146132717,172.01112018276294,109.48956767102958,170.06806960285027,98.92921998778604,16.5186168296032,2.4069073701354853,Biceps Curl
173.36440401748516,176.14162818032003,169.38299035575753,138.7142414150528,172.06517587587393,132.1346211244163,9.391607910650928,1.500935758243158,Biceps Curl
174.62162356408737,169.2106129436905,166.55275444401482,179.0579148872615,172.69084574774791,167.4376461351143,12.297962461952585,9.296902626391027,Biceps Curl
175.29173790775258,172.52790910100816,163.9127523289773,178.59437735550094,176.3727460660086,161.02666669506488,14.97839380418968,8.269849888602204,Biceps Curl
176.45976771990792,179.2006020101417,171.68152293310493,87.05343417647913,170.47261081685815,101.46454552009648,26.647533792488773,8.738150529823393,Biceps Curl
176.6972124965652,170.1632734576692,171.90902692572772,152.7144464270372,172.34762260078682,51.99845880671896,16.707591434060138,3.966303477080423,Biceps Curl
170.48819624787768,173.46066681101397,171.42072339027075,20.736138126552635,172.6619004129694,76.01377660703382,22.38039237341495,1.5163096825885145,Biceps Curl
171.97515332402665,179.87139244179156,166.16868015347566,129.98091501673966,177.06087908091612,115.89345936930532,15.292017844348315,0.08783102855166693,Biceps Curl
168.24351767565992,167.17579947373798,161.83422580602004,167.62340621567134,173.71924166380344,148.94582632643073,18.86533241985441,8.921187848115762,Biceps Curl
172.69216938375172,178.48363372939957,166.48012151021447,167.80525783455158,177.44732414172404,172.67454248000558,19.373244834338365,10.23708578312948,Biceps Curl
172.3860217594918,173.4361706435965,166.9319824040168,152.61023325994907,175.40343123416733,137.55290054031343,5.87528638033998,4.496547111551058,Biceps Curl
173.5084821427577,172.5989748603365,173.7524678612043,62.80940638941143,171.7623656278922,73.87181306809208,21.012956173811578,3.710836135828802,Biceps Curl
176.39870776760594,172.1567796809359,170.49901223499572,156.855647645414,173.03745102912808,67.81259230310508,13.865289128816483,5.0810811684896695,Biceps Curl
168.42949509904085,170.41580141470843,169.14246613563074,96.4283374277025,170.35662339855867,95.71414209723214,11.351199942064014,1.8486063825584744,Biceps Curl
168.8600366280838,169.0897909873027,162.1505713207058,173.80885922038289,174.54715492810547,147.03650536601702,17.519573782761103,8.446131644732061,Biceps Curl
171.9900612493258,178.05834557760974,164.5679976158614,171.58275471856328,176.14407004448503,173.84504982698417,23.608926420367215,11.388451158469977,Biceps Curl
166.0251315348093,172.91725466340418,168.00598037979725,128.06983273702875,171.72414779070044,139.26039808722194,3.1330824437266207,1.6781653824786016,Biceps Curl
175.7325365250484,172.72517913802903,175.5862453805092,69.91751063048292,172.79023626993737,85.08710430315153,24.756484429210385,6.315738969952026,Biceps Curl
177.98813340087685,169.14604389210928,173.67011037636567,138.01843620618297,171.38474168788187,58.00165958746399,0.9116333275702256,6.187213848909899,Biceps Curl
176.56089606045148,179.2315370860363,174.30729740319953,44.10319159414536,171.1621446504689,97.71093360329694,28.53595947445858,10.317320511245548,Biceps Curl
176.252435866516,177.4883484685582,173.64284825020843,145.53059570940238,169.3697840617502,132.6916348817841,20.0526281154316,3.435829918350711,Biceps Curl
172.63973264874764,179.4343329990603,173.59023383329932,148.49404065305228,170.7777662285761,169.97740889297276,10.474128077596422,11.902085000702392,Biceps Curl
157.92075616003993,176.52665536710288,162.79405397190848,159.404704149473,177.57511267853667,143.40920692567508,3.343377334489703,10.08510387973828,Biceps Curl
173.12081456625256,178.31022384135477,175.14596355047365,101.73055825067232,170.57134847163857,103.2005843616509,29.118415958384823,16.38273596104775,Biceps Curl
171.22119683726012,173.56021925194983,172.53222706153144,47.356437593528135,169.481712913678,58.471102598333104,25.97006765351609,20.50107768413439,Biceps Curl
177.71309844382432,178.94458091848853,176.1571134881511,69.16260896945649,171.07712393017846,95.09255836324807,34.138205996009425,13.121096001497538,Biceps Curl
168.4782240748711,177.6878843768386,168.24044491742467,142.50349559523085,175.45031269290556,127.65886868593712,22.23320756935883,2.963285730119844,Biceps Curl
171.25198637295674,177.50540154412374,172.52334645187224,163.2006449529291,168.9838483659768,165.03087883912983,3.5664661417242853,8.866967702800679,Biceps Curl
167.96602226010677,177.8611709159768,166.79136352999396,151.17909616663985,170.4980055106776,156.7972771370616,0.9095840992622524,5.645020537526879,Biceps Curl
169.68564239059157,175.4791822277794,171.22590330062118,102.61413299387247,170.42134514065813,100.79715610706982,21.83649933864608,7.334644988883971,Biceps Curl
177.54466106640993,175.6247583662761,171.36061743926206,124.01577760044022,174.17237553466393,65.55063145629657,4.7884055160194485,18.017484268239393,Biceps Curl
176.5057755471641,175.5524892918611,172.72151695494475,37.83925923797839,171.76929853691092,80.58778193764876,28.89663337142045,13.12914096634973,Biceps Curl
171.0074452025762,179.84771247050506,171.4559810213978,121.34467756534062,173.10446345742437,122.5592249193284,16.40488164610047,9.50448721539182,Biceps Curl
164.51050750698488,171.50265505836617,161.46187374558875,150.50294844970873,175.9706052815745,154.70456425454404,1.2486488255575805,8.905170851330666,Biceps Curl
172.90493576571714,177.23946216935346,166.4807652217549,177.6309073497307,174.9809674236346,170.65891460538725,7.287454381401127,11.172784083363414,Biceps Curl
172.30210093633065,172.52372833934714,169.6434568544885,124.89126857424957,173.24565977468998,118.7236195232524,16.654183891592584,4.275948051222016,Biceps Curl
175.3600342102988,178.95281577779062,169.25132543543128,113.28508213902788,172.21880679009894,73.9369046408707,1.4449743080108548,10.979955730561189,Biceps Curl
178.03559611600542,178.57197230272902,171.8483083438339,115.2494553725532,170.31168362110205,75.94974981028578,11.596315187772912,14.95299519108655,Biceps Curl
171.65612161516188,177.92982572330325,169.47034732196437,124.787673938171,173.2713840109987,105.80881011428652,19.62096625665088,4.587732161328161,Biceps Curl
170.2323535089115,175.48273863180978,171.8604149495241,117.19384741179992,172.77290068992284,136.2029566326838,4.08310743499175,0.013692623647912502,Biceps Curl
169.6560964657432,175.99525429774528,165.80477116678122,171.880712607026,176.866021276265,174.19599527716747,0.42898013288454007,9.9578429165655,Biceps Curl
169.85136306077774,174.96800109577973,168.01693037018686,119.345538019947,174.57317710618636,136.72246371356542,3.961141625498701,0.8443981312018597,Biceps Curl
172.2804375841001,178.91417405994025,171.06835404858683,33.033131170276356,170.27933236022736,89.4938174862253,16.568722286539007,11.025261791305685,Biceps Curl
179.59281025003207,179.26048205604,170.49087519549977,127.52336875790913,173.14188093831976,61.43287282461027,0.8962105279381429,13.989740350716096,Biceps Curl
171.29310760968625,175.94955763477293,168.84507559310157,103.67982778493015,172.70244224945048,102.69757944867972,10.704511936557155,11.803348983888318,Biceps Curl
170.58601510717847,179.97078800692603,169.89355038509217,128.79496021993452,169.76968536463028,123.88104686803042,5.576181410828683,0.005419680687735792,Biceps Curl
172.49210861964391,178.65213997355997,161.86891440361305,178.56767993570418,174.5005679857628,157.1063672580735,18.579258331298327,10.524129382013786,Biceps Curl
176.46977550027387,178.11983500758166,165.15257240984724,178.54850001683576,172.9017080138384,164.90943885612077,13.909041944648786,8.382973145150594,Biceps Curl
174.2882982331935,178.7090918802339,166.7295666113211,129.95372457832156,173.84886021022604,121.9317067981436,19.84141960495561,1.768312885843748,Biceps Curl
175.5150357796549,172.19613564317865,173.50609185804504,115.68077401565554,171.59486819740792,71.02479911579081,6.394111360133334,8.599566454446444,Biceps Curl
175.6311904022283,179.19730418545575,174.00623911516325,106.17613655344444,172.1326493010588,72.73069879376416,1.6355170094227964,14.780760862293322,Biceps Curl
175.65650448246566,172.7971423788864,173.20460810206217,117.57041122550189,170.62249313502826,105.71874354383704,13.943299494699684,5.734347351507971,Biceps Curl
165.94742047615367,173.25347707539618,167.54587067778425,153.1619543341759,172.10656323528312,145.64796001284415,6.261464631072458,5.095873416989133,Biceps Curl
174.14146574012568,179.93157758070674,168.71155937815524,178.8266840817875,174.55660698252834,169.34774645810504,11.273047158400884,10.42940976702425,Biceps Curl
168.43708790953087,174.95160801258822,168.81878102416428,118.04969124158217,171.21225691384743,143.44902567019963,3.712255869818078,3.974843736593676,Biceps Curl
172.9628902074048,179.1569410953831,173.60181062120824,68.5753163118107,169.18469168704274,86.38403716114746,24.633027686291605,7.985547961346341,Biceps Curl
179.5403918549712,178.8684317651446,175.59055180755075,131.56850368698693,167.4504001792462,63.74972566372669,0.09049767151408517,8.938298722677624,Biceps Curl
173.43249750184108,177.5159320834363,170.82108459012497,110.85449011657344,171.4688353260149,101.67374777866642,19.3461892662431,3.4295585094806738,Biceps Curl
174.6105866794915,178.4725733668973,174.98419772087314,170.82549247894045,172.8698752809104,137.70822129152646,20.537654146688208,2.520375019025878,Biceps Curl
169.24840300508765,173.93208772007443,171.88484331427685,144.96019230390925,172.77809613098034,170.75556083083436,9.786630358460622,13.762041662815994,Biceps Curl
176.18387537930406,178.056726191266,178.76068314173926,126.23668544619493,166.90883398311408,135.89563904649472,4.890539584573096,0.24723314096747348,Biceps Curl
172.46701609580472,174.38084682539895,177.77931842543333,109.58675019419942,169.4147082748596,102.37035898643562,38.33569423042052,28.348264421052512,Biceps Curl
173.05811860955984,175.74314418776098,174.4969861236351,98.41716565727307,170.49246302186174,69.59912610252368,0.4628640147705452,15.496060738216878,Biceps Curl
172.98555544586276,178.72555606491616,175.6560542517232,115.76662562598992,171.76548837749758,107.75765407681524,28.13849212323032,10.4092151860903,Biceps Curl
171.89598902614117,178.65816058804208,170.08711384432902,134.7367608450775,175.1461233344165,141.08943486540264,10.915454120776117,1.7359714406946072,Biceps Curl
172.75830156827897,177.47186964450495,172.75372229159927,155.28595395627883,171.01777348565523,166.56927323504178,7.026783126464322,9.848102968551125,Biceps Curl
164.50307612669724,177.4983794983147,167.3072241850316,148.3237007471699,172.98395805792765,146.15261596552142,5.397766572217006,7.046080522240923,Biceps Curl
172.82967423063252,177.1603997003387,176.03646548099323,106.86571918247137,169.70392079298895,101.1886295556955,30.54151258786814,14.958156170059636,Biceps Curl
173.44593876032036,176.31464611170975,170.49379192572292,116.81624524863958,172.08124251153237,57.90784932911776,5.505760101334676,5.022075856982195,Biceps Curl
168.58636450362891,177.90562611425966,176.45421779306577,108.68063289279245,170.9259073349674,96.80651796429764,20.38656620614768,7.515553939110234,Biceps Curl
170.69572109699797,177.46487743638784,174.09211414192666,118.29059534466715,169.27025046805198,139.59289821524277,2.003789804216582,4.0273577910720375,Biceps Curl
168.13699493625631,179.05500458344068,165.91446929182067,154.3982614724536,177.990001152133,173.25405006641847,10.583958476585488,8.931350819852304,Biceps Curl
162.36519096481723,179.7943640490529,167.27172479773282,136.69176873118167,174.4188805198745,147.1498843670411,6.442124208029937,5.229205455550585,Biceps Curl
171.6439044024735,178.33372688261244,172.5913476946136,100.64704386356146,174.42761371401488,101.46367709107572,23.27485307400351,10.721143578402147,Biceps Curl
172.8368169642941,178.92645405955048,172.1205019864086,95.4477215145906,171.01632966827643,57.07717250282909,5.5223542819607605,7.228420732626111,Biceps Curl
179.52661698938957,178.00438001813683,176.97939302104655,99.11638394517873,171.788419638214,106.45829259470078,32.14815014192244,23.44762371299788,Biceps Curl
173.14191675838055,173.2343278007758,173.47028285037774,112.74296907933478,173.8326149093269,137.71577564828593,2.029732161024522,2.8263060669223576,Biceps Curl
173.6381721554629,178.62514337759657,167.37796870873123,147.52015558725276,176.43688995154238,173.21841923874393,12.972906964874694,12.361258225450332,Biceps Curl
162.67246466989533,171.17042971028923,163.3367646205313,177.14984363528606,177.27516693142127,145.99715909120434,16.04711342346904,8.680200418474532,Biceps Curl
173.99108235496757,176.61227702948264,177.4498580419179,102.79770181129489,170.15695131279284,102.77816858817648,23.873729504203364,17.26728740137005,Biceps Curl
175.17566400194607,174.0701719914181,172.3885150441588,85.59103447929122,173.92968346265891,56.56663482570014,2.225016326398853,13.182313059982189,Biceps Curl
174.13804450740602,178.71188498142482,177.49562992202098,62.111234880580646,166.00629755959594,85.069157678141,28.36598059980747,8.653309486666343,Biceps Curl
163.01053383715137,172.79632600201833,169.8244947180056,125.85958781761184,175.69218133809235,125.94584674418778,7.327070698252277,0.27245457273698953,Biceps Curl
176.1903144601421,170.8200048280408,169.4986355766934,147.9712506067511,175.07878775153807,164.09991357346024,8.656475755095157,10.248455682909576,Biceps Curl
173.74465723365287,173.49976926094902,165.72327080818226,141.82390117166358,177.4366141564929,161.58873230334368,12.76417432367235,11.757949523867875,Biceps Curl
171.37689053764709,178.02328045721467,173.68563534512282,128.55790532767634,176.31295576693924,113.90741415650578,20.740920710328627,9.151911032176184,Biceps Curl
176.74073762019324,172.6245049681916,175.95530654316985,87.026458496039,171.23520001829158,70.1147513047549,3.0177445866536683,16.418730639701618,Biceps Curl
169.89909977910767,178.5158376681272,175.79391762638093,45.025054575548914,169.21963430810248,74.44354155857144,27.344941024639247,9.557823709553553,Biceps Curl
172.24491691533976,176.62999584840105,177.5683452995559,126.30510740861736,168.98018626915407,110.50404062693454,22.214390109673804,11.611496266542254,Biceps Curl
169.06677079121658,174.90737781029276,169.26018881203962,178.23511219232125,171.60894312164294,146.14601401182148,18.078251794996053,9.203468086790645,Biceps Curl
177.54616863127995,179.12885267929548,175.71412907028815,169.75466929012134,169.74671880603583,177.09007146368012,12.358772951225625,12.183749649554612,Biceps Curl
170.9448828302368,174.76602264794695,169.49895020702303,156.51596408584365,173.2362351916709,136.3248045336919,14.046985791057043,5.776040475729775,Biceps Curl
176.57618198499188,176.24453929683733,175.6369152370302,24.5081108836797,167.98984599683362,89.55379080129121,22.17054108427357,7.538981286790112,Biceps Curl
178.5824010308264,178.9637872669006,174.70670543941904,139.72388494476766,169.5947813125878,64.15570174948556,0.4995035242364023,17.316733088306904,Biceps Curl
175.6600825323757,178.86435988600545,174.84336333595252,101.81133537156326,166.29140472421932,103.79735184629158,20.879468903674393,11.915033046481822,Biceps Curl
176.15826053838472,176.5128756402031,171.0346194959714,131.2504357519726,174.45197095469135,134.15941297143831,14.372427262146864,0.48630435951481144,Biceps Curl
173.7208090203458,177.02660337972424,171.78721490089794,153.91905690151444,169.72182633111416,164.22867639460858,2.571320820065895,10.364996669952498,Biceps Curl
177.042314928729,179.5691987393433,169.60064638625386,169.59351609089828,173.56020593331058,169.65176339828764,16.87197784950959,9.024031973624693,Biceps Curl
177.07378825632574,176.5993112825958,169.7768299685916,125.81616373081064,171.85400863542404,117.21365054390756,18.801312779399364,2.3664816102928565,Biceps Curl
177.51738272837443,176.23203968601655,173.2359409507418,124.53511670052455,168.26535976840577,71.81385050011436,2.583226547739263,14.691495453707915,Biceps Curl
169.2943102568176,179.81587921230582,172.20418722214637,25.060812340310953,168.97962339103756,72.40962989859578,28.35449894770393,6.365464472070357,Biceps Curl
173.69822258224522,172.4059446562937,171.93917796508728,117.3832798045016,173.7880780262604,117.14808322522325,19.8940711638648,0.7152111124046329,Biceps Curl
172.7164164416982,170.31661837605205,163.6178350373813,167.50267548998744,176.57233991550936,158.4931765734475,18.97395656214674,10.882204996156709,Biceps Curl
173.49590166417667,176.8571496658259,165.5291011503726,173.49812933538018,176.56143689472162,175.16251941051053,12.665320890711762,9.208312381031613,Biceps Curl
176.1820661407542,179.3451382645395,168.51937551775617,122.29141765455722,175.6032840768888,122.23033476789584,15.645455489591445,0.7705343216577923,Biceps Curl
174.3735962650243,175.47813656723125,172.4443909564925,14.838962108246768,171.8577979618339,81.72805700064892,15.802388038384397,7.84914776804161,Biceps Curl
169.09667344893978,177.2880917931819,170.7449321937314,121.04833938151651,171.61052004863498,66.9333584345919,6.333794786226568,6.527529928016751,Biceps Curl
176.76422395189914,176.01511284483652,166.9400831288807,116.51898735670488,173.87867066494275,108.08319637029253,20.031919926283074,1.7448166053354983,Biceps Curl
168.82256050118406,173.3116213753112,169.9086343942958,126.60212592392294,172.93231541175956,141.38489266108684,1.5382453040309017,0.8223838894047084,Biceps Curl
173.66547942163407,179.12399138464102,166.96976184831482,178.07810946070822,174.36768656044086,170.06519480900732,20.658265692072412,10.101416649082305,Biceps Curl
178.72182024894616,171.6553338986733,162.44814539794044,179.12579141016286,174.70836898930162,156.31406784775535,17.569245623882395,9.841179186746984,Biceps Curl
174.00834052712835,174.89618524664118,171.75221344682012,113.75133499141972,172.320416153496,102.501873482406,17.48008742336976,4.456269463308343,Biceps Curl
179.9576346229759,177.83775770375436,173.5526679071224,131.60491774230323,171.48017353169584,56.5819660415108,1.681160986582011,8.269093229303637,Biceps Curl
175.5317049102231,179.01568975030543,170.23440432072192,65.60071891268115,173.75571767842231,90.5459016877332,28.03513099673975,5.171420959438505,Biceps Curl
174.35225981328776,177.99587247651658,169.693417465361,132.850541057831,171.2151964333555,121.34631723765504,13.684292724486872,0.7339069526180646,Biceps Curl
176.92357462313555,176.21992752423213,161.56010713350122,173.84734315304942,179.4333279573378,158.75922682785176,16.30627146045491,7.302671206627552,Biceps Curl
173.5089829299537,178.5613783933068,168.84119335133852,171.79289944041346,173.65845020723583,174.51948579018372,16.381737941645753,10.95493623120987,Biceps Curl
168.5776808466197,175.41178349364822,164.03740589055732,172.26620042882894,174.9506140310504,149.506063154164,18.738668405376597,8.98936775971835,Biceps Curl
176.1651808373867,176.32654232012263,170.5050320619204,116.81668317510368,170.8277688910177,105.4553388851579,19.06619721479924,3.4336394738702976,Biceps Curl
166.43927775353208,173.552852824076,172.06648978609044,177.68558342712075,172.53629802553556,68.01809675109254,11.154860088962518,4.241793290935534,Biceps Curl
177.53154256894285,178.79480894204863,170.83934231063455,137.73326207110694,170.48018488300812,69.42389806391266,21.878742209384807,4.056622138636145,Biceps Curl
172.0068345540877,177.91913096821426,170.32161172282625,109.768198423563,170.4474062442482,99.47625727390944,16.150595038838492,1.9965347153813893,Biceps Curl
170.7646205279809,177.53047988226896,169.53692577072033,135.13349708857993,171.28326577474388,135.85543164160077,11.210722237279132,1.3317313965928856,Biceps Curl
175.79477671739338,176.0348256847282,166.13026902698033,176.99609720618696,173.38103942867116,167.67930683419513,15.38359323693792,10.07602529549637,Biceps Curl
175.72307947650685,176.33673101820062,164.39270609202305,173.39916885269645,175.51837345202492,166.11218948904838,19.321095166612476,8.262728843235966,Biceps Curl
167.2549859932689,174.13101093496937,168.72960714256385,135.8919746172257,170.54387949899316,124.74699216351814,16.060680549807945,1.1748104088516431,Biceps Curl
177.00859766142324,174.53937896202677,171.45953015463854,44.80546741789314,173.13404498292434,89.77893557448947,26.213274365239982,3.803094174072763,Biceps Curl
179.4694567636972,176.38221125410217,171.2106143205514,125.0539971022519,173.91532746794957,61.43448012517299,3.907647682337685,3.924465069607311,Biceps Curl
178.40268617511833,178.25503758096627,172.54980277536666,146.88685124456777,169.23541069319722,67.8625444685525,14.554587341448606,3.0448790536166648,Biceps Curl
172.74985143255986,171.25128049214436,168.57117931971484,79.55320463853829,172.6950712126472,93.6146770527602,13.462736706432867,1.6616716667529754,Biceps Curl
173.55580297225535,175.6235896683133,167.96494587458972,133.2928904552033,176.1394828137739,131.62283739842096,12.095207734025855,0.1063885067430307,Biceps Curl
175.26047831134645,176.52189230436232,166.07398214745064,166.2264805199489,172.2367434540563,160.3072235251398,21.41250148525039,7.059993791255408,Biceps Curl
175.64315544555123,179.28017494495202,167.08791750388806,173.1536229448898,176.02270858215147,170.90767200253617,14.137892580176196,9.549705011320643,Biceps Curl
170.29784480504262,172.8592820021222,167.66224783585244,179.1717905143943,169.7303460823559,144.7625728329702,20.18690348211654,6.201713395739983,Biceps Curl
175.44902623418244,179.38286679012631,169.18365849977454,109.69507701812786,174.40345185302763,103.79046137566232,19.02146309267468,4.57024039934148,Biceps Curl
179.14620611734273,173.80770683924553,175.39423390586282,73.0275767881228,169.29931919246764,72.22603174129704,22.624247630774455,3.9694855227615977,Biceps Curl
178.33090823716475,172.6689759536997,171.05868252721655,161.1969679422011,173.71102127219768,57.85597197683794,11.10283372084949,0.28325285300928693,Biceps Curl
168.976629622472,167.19978097792992,168.6013394081497,103.24928984174558,172.78232235542592,97.08711994316047,15.164505020442228,0.9318278941537176,Biceps Curl
171.83666692085768,166.99656844818404,168.90784407700048,143.14653074512074,172.30558168499613,131.04447111820193,16.182996719936973,1.5703649527597654,Biceps Curl
176.56144953823826,174.36342450710174,164.41167119790418,177.601350175644,176.0265813870433,152.82507648621737,17.584037156207202,8.493436929634893,Biceps Curl
174.10804264901716,179.9260477233923,166.27709356059935,174.8581525843358,176.97504366562598,168.05004771546322,14.731660254884028,10.803273713454258,Biceps Curl
169.47727863549812,170.53892175395438,161.48742513514244,172.01372993343324,174.08325389295752,150.60958427565856,19.868127776575932,7.849827219508129,Biceps Curl
174.70301859376525,178.7078385422146,167.60388104806398,110.84978354150954,174.38726413228764,103.80197925721806,21.42914445056398,2.9993623033945114,Biceps Curl
179.30884164362362,174.72674903349517,172.48335535945907,152.26090547782502,173.24522504176406,64.7194996716785,9.534157155350128,4.627460585813465,Biceps Curl
174.67638524198463,175.38232422000516,172.57201541920088,33.872134392286604,168.9004351700999,70.31493790925377,19.881988654047134,0.4893184681375696,Biceps Curl
171.12053970252805,172.05702474595472,169.3535190766224,132.11333131448353,170.92022223028647,105.5089362891966,18.32005815108222,0.007860794592185546,Biceps Curl
172.93356831596196,176.20282152449576,168.36631371408822,142.57433322171772,175.619090521434,131.07816173723174,9.805579419121816,1.2318005289067329,Biceps Curl
173.6665906080938,175.18435031363907,165.4058155648666,174.3715480136064,175.70235423773337,161.7657356685877,18.499846637523937,8.613616893148693,Biceps Curl
176.8472530879801,176.55937792814166,167.20899261102247,179.45973272679433,172.846720440489,169.03087937000885,18.23228447365648,9.514698153851947,Biceps Curl
170.26934733229962,179.40356900446147,166.32161406193856,134.40793408320764,176.89193372437748,137.15237447487317,8.607757131498238,3.0518280551521695,Biceps Curl
172.24283057606755,169.2496744822007,171.69739033503402,107.30628921845737,170.6640637658117,98.09209908808404,23.55311271093011,2.762708219320989,Biceps Curl
178.16243785871018,173.56096382719605,171.9169340709786,130.6765740968093,171.29886169649544,59.90448713792213,0.5866534815027469,1.7990599866736674,Biceps Curl
171.5130923193157,168.12484488722498,171.25819340039658,19.79145040158855,173.98212741264769,75.54408607468258,14.126007256763772,0.8555882393482861,Biceps Curl
171.98529702945964,179.8874096582285,168.4366731982594,131.450645264037,171.5202428235632,108.3193373614046,15.986075888899387,0.3642491204690785,Biceps Curl
162.1500275397997,165.71561223346572,163.17150888072663,179.83108113363758,174.4993787563188,142.835293616267,19.710915492349127,5.925727927496245,Biceps Curl
172.00788889080553,171.50848947480378,168.56216942363844,171.01115640973785,173.8265569079122,164.00910066519498,14.56372332587813,10.49555097847352,Biceps Curl
164.98759090432938,177.27857073359067,162.42698575881195,161.92024197915322,178.2867177555636,153.33208243273157,5.44432664522101,8.201277050391804,Biceps Curl
171.66888854231314,174.37289628286752,166.5643452863961,139.58572850307152,179.15342658678756,108.19056102846407,26.34509286337856,1.678197527573381,Biceps Curl
167.56838908095364,178.22339277595825,172.56390250354298,81.15639046332596,172.2444123279024,71.90090386447521,16.68855116647582,14.714129024354529,Biceps Curl
167.39495919540835,175.74659840579758,168.46682339781304,58.254616197205074,174.95312711832602,76.20440156198778,17.83059189900282,4.101022449065576,Biceps Curl
169.30358222012404,178.35723217222738,169.39777060923714,140.08307587468408,174.80842946430147,106.46868301401707,23.88594628374235,1.4457454503501372,Biceps Curl
174.36131977191,179.40612021253858,174.21494734236282,153.6882406135909,167.18253891073374,137.55125156158132,18.00484509262355,4.4731356681878545,Biceps Curl
171.56634840418116,175.31355352505497,169.04361908423255,172.79766038722968,171.37859942408215,162.86599308685277,15.746631337361766,9.301313760518047,Biceps Curl
160.72726537053194,167.11138009669787,163.74774151569795,175.04160346453168,170.7161926954056,160.54395543855796,14.25355393227174,8.951375336340968,Biceps Curl
176.7876841230115,174.69979581675364,167.72181375296302,123.14036399553284,173.07813584826667,109.67234425640956,21.25939071498384,1.386564439995407,Biceps Curl
169.85049516786947,178.40482751818038,171.167447830912,143.0797221533218,170.33521975724375,68.42176111825734,8.060852241264353,6.755375040875287,Biceps Curl
169.03926029207048,175.6336343395281,170.87941497687893,6.106059765072739,170.60399880543426,73.42080907355145,15.763078035760522,1.2571296338130689,Biceps Curl
172.76297079711,177.49021285023758,170.10093509561418,124.74766268649502,171.64739341611056,103.83660263949643,15.33088863075272,2.023237224190737,Biceps Curl
175.85030936598048,178.15728797534757,164.52591177008242,176.33796863299972,175.8785627827508,135.59147047342236,20.268684415469888,7.102061762933504,Biceps Curl
173.67881497852875,177.26151685939232,165.24221701274303,163.6895759380233,173.7378946043925,161.3529763351057,19.811450044633865,8.562872700846608,Biceps Curl
171.12206206690283,174.27597624109418,164.81287090719945,179.74909319121602,173.08953872266466,163.21197207905894,16.500077361805694,10.85910675481369,Biceps Curl
168.56371705948555,174.3928528087794,166.64593956558377,134.78421836250592,172.32096526595532,123.66278541594173,13.100166711468995,2.111373462208453,Biceps Curl
177.6202535046858,172.08786240331636,171.71116864921748,0.957425946480645,171.3558664025668,77.93316375118259,25.88977351663809,0.9770984427695244,Biceps Curl
176.7763826493672,174.2961148768125,169.87044607064144,157.15236391504683,171.31816982206357,54.65061248852151,9.051978337272551,2.3712840618681175,Biceps Curl
177.85886039969282,175.31033741505885,177.43217190129383,57.7118545255662,168.07144922815627,85.09733258730436,28.17638231615744,0.903326054396738,Biceps Curl
170.79780265605373,169.20732947363538,165.05410104500055,127.7874761553448,177.49636604487247,124.06640616543378,7.341604079803267,2.1119226782735656,Biceps Curl
167.24511567352562,167.93733265941904,165.55118385850514,168.42844696641757,172.60108526288784,150.46944794465895,17.77591849185588,9.020629014552886,Biceps Curl
171.82050699954115,171.75691050963414,166.7512012441629,164.0046954800073,179.18006456140083,175.5264036262885,12.7555957689541,9.480750619751152,Biceps Curl
170.48158061623272,173.44669715290283,163.04034662767108,176.22227138204337,175.46862452027193,144.8847820338508,20.67092079199472,7.5460147903749535,Biceps Curl
172.16881271506526,171.474546598058,170.95406175514347,109.92689188969376,173.57713396142057,98.70701957274775,14.324534001217962,1.2527672846457114,Biceps Curl
177.49337412199705,174.37612177504027,171.4959021832116,155.31434440007,174.98244493766293,64.95300407992158,11.572202441388455,3.698816893917016,Biceps Curl
179.34721549836976,176.88246317650578,172.91853733171854,169.45330378778877,170.75780948203797,66.24332511327125,12.51993274293121,2.522546192553566,Biceps Curl
170.44269452845376,172.84548138000943,167.40526492519726,105.71691285970633,173.3255080342398,97.07971096025904,16.002047476963487,1.2131548745243017,Biceps Curl
170.23641980584077,177.6877962526406,167.61595921606343,108.54365450207229,173.8660536573675,128.872721600032,6.330669084186395,3.026305014148517,Biceps Curl
174.79871766781503,176.9525977806785,158.09817317616051,173.5115112144439,179.69760970275635,152.72266852493294,18.320334147990003,9.647047994323517,Biceps Curl
176.28001723103066,170.5356819069218,166.11091852334852,173.54452597989084,172.66023945772676,171.4218344488172,16.849296473608025,10.3479722534039,Biceps Curl
174.03933681105397,175.83406529390672,167.29885464633918,145.61939680219595,175.01618865013268,134.69968080408896,14.673488111587476,3.183588032823103,Biceps Curl
176.93464597804504,179.61082533234858,169.95737217807903,61.228257587164386,173.38009066103993,94.58422803084336,21.968578492563452,3.3693168558580666,Biceps Curl
179.6801383285178,174.99724479407834,171.87982555169268,162.49453234698723,170.66766335381345,54.84451674877971,12.249382866414496,3.828750903073589,Biceps Curl
171.73954327030134,168.43628243992347,170.67829067452976,14.850528650456685,173.15300126220163,73.91967195017253,13.963630560232696,1.1991804343382428,Biceps Curl
172.47764270864167,171.19818953610584,169.94940182183956,115.553927207575,170.70938101884536,104.10624368153444,16.213111562763423,0.3951388633214673,Biceps Curl
170.99545464271802,173.4827466638638,167.60503325381674,146.11269296256287,176.74006788404452,123.59366081027574,13.264390046473787,3.085327631818492,Biceps Curl
169.7644234045691,175.85645705551704,163.49793119383008,175.8066797411825,175.92639087064512,145.54936170379096,17.70846009818741,7.451010166304264,Biceps Curl
178.25383455283924,173.78414189172724,170.72046831436592,179.78345612807766,170.7220894161771,171.2251063141396,21.840576256711035,7.262390544291939,Biceps Curl
177.96427116056623,174.67146190214407,159.3577347159342,169.35606017439497,179.40878460479334,159.28417881256786,21.868272898301058,6.470044102360034,Biceps Curl
175.31365183657348,175.93108462351708,167.6677039101414,141.3553255042155,174.08568337051392,106.52445212567436,27.36838668044439,2.602155997873791,Biceps Curl
171.56216777507075,173.51230824704896,168.90005898783485,43.542692384081064,173.43243575993537,75.91083499134261,16.676860135787873,1.2144160933058532,Biceps Curl
177.52446344604925,170.15868251464897,170.61326469100752,157.07142075022975,170.7868626106809,54.41749565318969,11.239596207947065,3.837216444179168,Biceps Curl
175.0049657403595,179.85795957427516,171.30686188581578,69.61748013193403,173.7351777089524,80.94646618830271,26.488838165768428,1.0153266588016667,Biceps Curl
173.37576079473797,173.3072100085775,163.69597953116687,127.11004420169728,177.53826153459292,115.62522230601664,13.957143870863476,0.7005851232616892,Biceps Curl
175.29808308598768,176.194607794076,162.978979422178,174.92481576497704,176.02402399105674,144.71284515302662,20.71086830332261,7.375633179673691,Biceps Curl
172.06810042751533,178.23398087879892,166.42231851146283,166.55546858657996,172.43753948584424,171.93501935562114,19.982389539153708,9.45215589953485,Biceps Curl
171.7599632893612,174.29882458215468,160.54329257134802,172.50148001997917,173.5555861636132,158.19258071836438,21.90086117538839,7.865888610901981,Biceps Curl
174.92704046795154,178.07418445156682,166.78529500877997,122.90700163755876,175.3717246395231,103.26018883114985,22.555908229981544,1.315881121856698,Biceps Curl
174.95074334966455,175.78836286836523,169.07060572862125,126.7634637696524,174.7492997655265,66.24651232915512,2.6508585649609064,9.785344849370931,Biceps Curl
176.41161619702086,178.16476755126232,172.93332808966832,63.99393456220683,172.1120988394271,69.3791320825094,22.276076682669743,10.873683230189677,Biceps Curl
177.22236526787376,176.01679531478942,174.7941956664787,125.439556229859,175.49918947486947,98.47486649117516,29.50040793607708,5.325924661504334,Biceps Curl
174.20524964460915,175.91402581431876,172.20282344631238,163.11482779626863,171.85882602812612,139.96939108277493,31.98144238054451,6.604014116863532,Biceps Curl
174.03088486221927,177.83500958556968,165.45420452375217,146.5827220510907,179.44012096092823,170.96745793338417,11.224766829415143,13.46000110603232,Biceps Curl
167.1566673854583,175.55042986250143,166.84140081389864,152.71760243441443,176.7245896495866,162.32009839244412,9.457391487964973,10.064868095476776,Biceps Curl
170.07015361611596,175.1350257608413,166.67957736782867,135.8085381849175,174.93495389361493,111.6572194421431,26.387546011524577,1.3801512423771742,Biceps Curl
170.0414910428655,174.3778256730826,169.13354541006515,65.28935648349982,172.6489457744647,73.81223488159402,6.141239048145762,10.40470400102381,Biceps Curl
170.50771092477663,178.805885479395,170.89053489902923,115.33396352618192,175.26166090150352,60.7212232943044,6.01655678196657,8.024399614587562,Biceps Curl
175.29111403897187,177.85811598976625,172.98706026177803,125.29467785108436,173.1960372491471,98.32611754300176,30.20009121399754,9.89420217446048,Biceps Curl
167.58081065927345,176.3151214405312,169.37554602898834,133.07282489545346,175.31838316939232,134.72489158686764,5.405723493205476,0.9119881857578332,Biceps Curl
167.23664714850756,177.78380422166518,170.17501698364708,145.3042791056276,173.26997006539477,166.66230736399362,5.371765881294926,10.320287529533203,Biceps Curl
168.1555735973877,179.82621867965864,168.7470656367436,163.77476151148795,172.25294149645683,157.84965624069426,6.935808815388667,11.08038693317282,Biceps Curl
166.4146811776925,179.631953064445,168.5735197796807,133.91356874025274,177.07807817192682,106.12421309802288,26.34284275650733,2.8235704263793178,Biceps Curl
170.5388413053143,168.16497545256715,170.36134384567006,63.39374922238396,173.33521220283697,70.66072727428923,10.06468978249822,8.645148499534226,Biceps Curl
174.02612673935596,178.6406182355097,172.99672882702615,80.19724829922134,172.9004612673654,69.51912281610244,4.581054023856962,10.338339480114248,Biceps Curl
175.4679960852289,179.8687202655717,170.89803385144933,103.54872490256396,171.17423718266224,101.047980424119,23.85326472860315,7.289484701820089,Biceps Curl
174.1567773428837,175.61241590083034,170.07551555637082,168.70709472313598,172.72037185147423,123.34213675046765,22.518453009251203,1.989661463768318,Biceps Curl
172.9101602610123,179.949852920274,168.17568195109132,172.4355356198003,172.2733276182201,164.23328587677025,14.084283736109995,6.942790957381349,Biceps Curl
172.39185674203446,173.312576585358,171.48787191684823,177.02854725847746,173.6021497298968,167.8290008563295,20.206614637153304,7.653647775777847,Biceps Curl
172.37110845267952,179.07243794069228,166.67391849060172,140.34928960065207,173.73510105731506,122.38709190452268,20.044309304192236,1.8135589800648084,Biceps Curl
176.19766991716835,177.8714075694436,169.1648557428323,74.34119477578838,174.78704720883027,86.59497841997351,31.384700204409523,8.86586809800208,Biceps Curl
175.72571724683456,179.92909286409306,170.64898299611352,167.4579999387552,172.51491547865606,54.63184938925012,14.918984751014762,5.2187277095318505,Biceps Curl
173.92787314033282,178.8681116763298,171.79827999380134,71.37379218159532,172.38968053478206,82.74751759327033,33.016457730552105,2.0800181445882373,Biceps Curl
168.73720703688602,173.83759052365718,167.7044706425799,140.66045263211907,176.22118380164522,122.06317946222288,19.162832465001504,1.9285839328683692,Biceps Curl
168.7078037589657,169.0444781595794,164.8894358336689,175.01263949835132,172.35960682352257,149.6010381291453,15.256890476060576,7.329594298614009,Biceps Curl
173.85362646461067,179.84654722687938,167.10457799924652,176.71953803493997,174.0324606644306,174.1225387744328,10.462802550513668,9.851990829300288,Biceps Curl
168.34333954778631,170.12450950748854,163.04223816811648,177.01313757189052,174.37357191337898,143.4623783595068,21.305883834374708,7.577023722041352,Biceps Curl
176.19110531527008,179.33436191332186,171.5057614831146,110.6285145459427,170.53743092537448,102.70547066818742,22.72418517905185,8.904128816613857,Biceps Curl
178.28904020467198,177.53001809918928,172.24630669888097,132.76596096322982,171.15285251005952,59.78963799006761,2.778542188222876,5.74983704754371,Biceps Curl
177.10258123143544,178.02230383104785,172.73044134530682,123.41919506521396,170.1643217841758,68.60451254231297,1.5257016878069525,8.04980115406454,Biceps Curl
179.0299230209912,176.01942780221734,171.12969903035955,126.9976260725245,172.0365490354676,106.06158141616052,23.99796595988991,5.150033334674859,Biceps Curl
166.5327371100972,172.3865905832914,166.74064674755675,149.1943949703237,174.53433444677768,138.0310344972136,13.156643423451484,0.8629619880444905,Biceps Curl
170.2762305396579,174.64769781759983,165.92072981401233,169.0906816411202,172.44910062803763,167.63916790009503,18.78183918581009,8.59572828184787,Biceps Curl
175.4159564969741,178.00422722967096,169.50569568529386,169.56603706290932,168.53218734715074,164.03584631998368,17.244908498772297,8.696726064879753,Biceps Curl
173.69560099544722,179.3386196223344,174.50457306860852,178.33759538481982,156.45618080928134,161.05708238159377,22.272669422743927,8.566158982689936,Biceps Curl
155.79864147974163,119.0032457026076,165.12837093485956,171.3451507836286,161.78550441520076,159.22522823720345,12.063300901485553,17.71295660468454,Biceps Curl
160.43779996214258,177.70828383431757,168.0176209654216,171.5501636209654,160.60265268586426,160.6686935026066,16.42927409200688,22.319185230535822,Biceps Curl
155.4017287020233,165.9744535030412,173.5301956252133,158.82926998166852,173.6049858494888,157.39024201493342,18.27273617237567,24.630030653271973,Biceps Curl
169.35645693897595,165.52724632557295,166.14743436490852,156.30267231615247,168.1515194932377,136.40765352608037,29.07038281645996,45.534596733659065,Biceps Curl
150.54901076825496,143.48067008682148,174.61966270698164,155.0893522568475,155.22251559977676,155.3478905076166,15.638272023377262,54.614944003576255,Biceps Curl
155.54406542407548,146.24486393660354,166.60046290683763,159.13615652122886,166.01248837817317,174.04027934278602,18.38799132977904,26.526517664037552,Biceps Curl
172.91596509080915,162.9001281694837,154.2657008896327,167.586765993319,170.17972113902206,174.69661426571167,14.563817445310445,49.50940266023628,Biceps Curl
171.34812987994064,151.22723002198327,162.81017378088754,165.14290347062794,168.60434836802497,165.91783722315222,14.280991982367963,45.04899373243465,Biceps Curl
158.47648464411378,119.9136422096447,166.9821164045257,164.55625559052928,173.99083624850311,175.11557883092618,16.624192055410894,20.352101785338206,Biceps Curl
170.1536306442008,153.3156781644294,173.13729079528267,170.97001096409332,139.37799185479054,163.14500002665957,18.41441047579418,18.21707079069156,Biceps Curl
179.10355294460328,170.29180567757578,173.4123102399671,171.97921799338252,148.44393822120006,157.22339072050082,17.764503564492205,20.87134090597382,Biceps Curl
158.57035000444225,147.84579584291674,172.35374834569498,174.23280915453245,163.73970568669955,161.4565646459926,17.420056628951624,23.323539932142182,Biceps Curl
173.3110022996399,168.37935350571468,172.94097720071198,157.70839778758688,160.71253213137516,157.47383652285114,16.160514488271577,21.857936674548736,Biceps Curl
175.21451201869485,177.80338695614384,170.184831414275,95.60699099448146,163.36742535652832,78.62123619627715,8.783209848129058,27.548535535017848,Biceps Curl
176.7489110716038,177.5578044084295,165.94150248101354,42.9753185949112,166.4925269407425,14.443396872163644,21.87535831598497,30.596657433106483,Biceps Curl
177.0364338038982,176.43010162400566,166.43541171412247,95.2447310440089,166.03715635904263,72.23756488018273,10.529530682786218,31.718048438716497,Biceps Curl
175.11831975038515,176.98768797602335,168.3592512174548,136.1443222107391,165.11461348202388,140.0088046731844,14.737442587826692,23.424776503638935,Biceps Curl
172.78617647931333,176.76669236089504,174.67437683089057,175.95044573779873,155.6651963619302,172.68995054647144,20.966292421103965,20.16401438255125,Biceps Curl
173.87223352157048,177.3588057914796,169.90032419709578,131.25186784722987,164.47179938313863,155.27090802560951,13.5389171122181,22.12137318488764,Biceps Curl
178.88560347243254,176.3124114861677,163.47679102043978,81.4010584447387,167.132897185524,62.01389574284066,18.975041564524705,28.606442031345836,Biceps Curl
179.8962421010139,177.5060177732339,163.75212421013825,52.546532366501545,166.29281634083543,20.468959154868628,21.94525750420087,31.919912966970877,Biceps Curl
175.08763250931628,175.1900995873813,165.85015661779963,96.34319078680056,168.07250200824663,73.793597776752,12.960043370566972,30.277451468810337,Biceps Curl
171.7113443789683,179.60291567852485,169.79595650538155,138.17092209067374,169.89474022329134,146.71159016312143,13.30137694535026,22.4161750224498,Biceps Curl
170.34248084775757,174.82359198025944,174.27838571533871,175.32925576995464,162.4710263032825,178.70633264892243,18.203863718936635,21.22649252591123,Biceps Curl
173.80880913362802,176.5069005382426,171.3541360056274,143.6436330385566,160.46939580919886,159.81881798749686,13.01179621066322,22.56439388511287,Biceps Curl
177.468479582732,173.79947765096804,163.68110463921263,85.50288495582761,165.8837381381411,67.12342147096679,15.953958287573824,24.996242425535467,Biceps Curl
178.25084231139311,175.60738539433865,165.8617627984705,50.68773424723085,166.86111928286485,17.224723814930094,21.73321750071156,29.908261014405003,Biceps Curl
177.88567596930608,175.85361412315356,165.08791951112187,102.92968444844652,167.82597851596617,80.57469231809999,11.890408008094724,29.44892850738829,Biceps Curl
173.43435936345938,177.37711491936773,168.1011105340779,141.20638377008484,163.66917237367812,143.73427023912308,12.502157841689652,24.84396626374894,Biceps Curl
168.47640309255888,172.53141145826942,174.09091299313906,169.95890312459687,166.54547373937325,176.7914942182334,15.510606374450273,21.73310462982786,Biceps Curl
174.31520436558543,179.07134143212562,171.38657965399997,147.13876877255154,161.04729511972113,161.7665199472245,13.790291824596128,21.35880193248348,Biceps Curl
179.94236829435673,179.91912350295962,164.89038261602883,84.04557193956025,166.46173145020524,70.14742355381298,12.645168993351174,27.14096808150286,Biceps Curl
173.73354357341765,170.53247965775117,166.02970981996842,48.75413897420508,166.01709834881947,16.567085537515403,23.320353826872793,28.98448210600807,Biceps Curl
175.83723629909426,175.92823462643614,165.60209448056312,88.95588531725896,164.99204966827116,62.99032845747647,13.611973410575292,29.73381954161427,Biceps Curl
172.3434003637656,172.86316008618314,167.4211938477643,129.75180138795469,167.3726224170377,130.69204386751102,15.730336576405175,26.705978984920197,Biceps Curl
177.79836306482662,178.88393163802357,169.5900097513722,163.92556398974727,159.5501490603108,175.70657317720327,13.690365262838526,21.822249192348185,Biceps Curl
179.15318560074684,176.63528397400592,168.76280097232936,154.67749010345045,163.5612437080865,173.91870704409254,12.298592249800132,21.041032494567705,Biceps Curl
178.3051371137037,177.29113811061976,163.49448862126818,99.71289994674814,169.0352951563653,93.78676277719045,12.090381862625616,25.818104084242087,Biceps Curl
174.33962011520336,172.82892907897772,166.1588988495185,36.952588111129494,168.9230111742146,18.11851978433483,22.938958719582462,26.493323844267135,Biceps Curl
177.9455654982457,176.29619553564066,165.13578575266317,96.17440320066024,168.8705038893582,66.20092331663848,13.635865440346208,28.722788366830866,Biceps Curl
171.3137789980703,170.4199919602371,170.26808108895304,150.1305546257046,162.25029182283168,141.96511959326156,15.321420285702324,24.612566288830436,Biceps Curl
167.78964567509414,171.1995853153039,173.7524080082018,171.01310232292764,163.68123113234483,173.53177708338006,12.839605476088671,20.119599383835737,Biceps Curl
175.46928987502935,175.91793076700617,170.78520951460976,147.6984720588452,159.7405460555725,161.52424992021415,13.748126611641393,21.41773810093667,Biceps Curl
178.56945564682132,179.02435759651908,164.10759207555347,87.95293735770797,167.04677661625493,74.88474331223124,12.738469399405847,26.5987554976833,Biceps Curl
176.06229349833455,171.20008598134024,165.26355135920218,40.032481165605155,165.45586169537216,16.706376303799203,21.968334239771742,26.01247520999751,Biceps Curl
178.64301273078704,175.696515223874,162.5842239523862,87.63400653934771,168.94833872729745,53.18114011917973,14.355516866478144,25.43696731657236,Biceps Curl
170.89670331736025,168.85061793638926,166.5578250941573,129.61996202415912,164.1309244990712,130.88785945654186,18.314927807544624,24.304387219157515,Biceps Curl
172.54720394485744,171.89446808411736,170.52220439738312,174.02170887873052,163.49021776943547,179.993146734006,16.455741781872955,21.853319339953316,Biceps Curl
172.72065446425603,171.68660392169252,167.1656248290514,157.23578426773182,165.89966158462636,169.25984533260035,15.38516570109131,22.31429709369369,Biceps Curl
179.07872332984812,175.94105186400978,163.2111738246388,94.49126893658776,166.43138576340476,89.65106178173583,14.436314903095584,18.581280220384382,Biceps Curl
176.6393600508137,167.1734445772572,165.11584745469585,50.4425476557052,165.88297386235504,23.478367899898288,23.58953808024154,22.9115217513767,Biceps Curl
178.89426016079938,174.65929365857835,164.61294225258257,103.37799914801072,167.30255733236842,84.50917759445389,16.482709549505316,23.83215719249597,Biceps Curl
173.5075125496161,169.89973350606718,168.9895448971476,144.25987439790418,159.3682259256981,153.29247704479215,17.791086926733186,20.59865526921723,Biceps Curl
178.99583856013504,177.2894933086684,170.07146981535558,175.7821696491088,157.30188786949785,173.56226331479948,18.141783965923217,22.61458304918575,Biceps Curl
173.1586895980076,167.10261480379629,168.28540933019127,144.23658616230094,164.0422528173482,149.57154329550576,18.28561207618861,22.077030736191233,Biceps Curl
177.4024881566294,169.41308203110077,162.09748793445837,72.0445599064585,164.89073709431443,45.994109755503096,23.524364882362622,22.76224700466043,Biceps Curl
177.98465929819127,172.9876737676518,164.45526213102033,40.01506311088018,166.77685847041482,20.335370876793757,22.13058797005895,24.423447195084687,Biceps Curl
179.0787136912663,173.96028580219922,163.49625550290716,95.5933960916186,167.32635679143317,75.90140012066328,16.57614487729967,27.526457033146944,Biceps Curl
176.77842757218687,175.44313616233617,165.86627933677096,133.75329718759872,164.56405080809895,146.3838045688914,15.735855228694447,22.539381881242473,Biceps Curl
179.04589124820072,176.13279816561808,169.31526215969427,169.04702517311438,160.7785567300479,172.07644006295627,14.929458934141053,21.031689506404906,Biceps Curl
173.5844760016968,169.40124684740647,169.34200001549672,138.83362339338592,161.57401033142952,162.30931739072489,15.351724443405883,21.082907853849807,Biceps Curl
179.52694092926066,177.6805959475783,163.3198842058002,86.91488670972186,167.76643807818564,69.85651473370054,14.636700487405918,23.047488703465056,Biceps Curl
175.84212224803267,170.96022147948997,165.52448565856895,40.821390939526474,167.22683062523063,15.46714443234371,21.967464041220417,26.86104901707206,Biceps Curl
177.95780880057416,177.7475935487611,162.62190683440355,86.8694758261993,168.39069855451245,67.58953981189242,14.774555462060952,25.6254217381368,Biceps Curl
169.8783106220227,168.1419905816629,165.50052650369565,126.46033719743056,162.83972683194946,124.30250504975037,19.29659338866608,24.953417267517345,Biceps Curl
175.1051661664853,169.9560737471337,169.6696595531876,144.88783531375358,162.1427127266043,168.52231467045544,13.127099020020564,19.886107275082928,Biceps Curl
174.3233429417307,171.1160088773127,168.8776192046262,168.72803600958736,162.3796804592541,178.1798693682103,16.25814135429706,20.48714341591504,Biceps Curl
176.4899302281746,172.5524646383086,163.40508108807333,115.25335180798764,164.953819161632,118.16967183124102,15.73595441963906,23.154272582130236,Biceps Curl
174.87489132546213,169.16058506207528,163.1610988706694,46.846836488230515,167.0597169240903,26.277003260120125,22.180951822249416,23.205538520368435,Biceps Curl
177.48326097911544,172.44319776830054,165.97008631143478,83.84508823410492,163.05271284584958,50.251237450315955,16.45295261264436,26.54730351553784,Biceps Curl
170.52145007512007,169.19286191085192,166.07378385190106,127.97431645195408,168.0925235439235,127.31547250770775,17.26916850917184,24.573039464077397,Biceps Curl
179.5659287264486,179.7567852989473,166.66386414813297,165.2329551007814,169.42123862722582,169.45426044480192,15.157369028752573,20.78864863845381,Biceps Curl
173.2689637640815,168.00316126309275,167.8779439175476,154.5368735112887,164.46069318574732,163.4386481136548,15.536957179133273,21.33314647877539,Biceps Curl
178.0887632201981,178.24924450437163,163.01787793304,89.22104475888048,170.89515050061226,70.08272036170874,15.5150003450002,22.576581368470748,Biceps Curl
176.55157093602364,172.28158305458484,164.16074126867224,45.08931157890308,163.8787653523069,21.5706322348316,24.60052079449648,23.831563889673728,Biceps Curl
177.9542478801429,172.93861372562816,165.4999112199886,103.63827436944185,165.9281699090603,77.9315928130347,15.0226867003627,24.94033991746059,Biceps Curl
171.27501680938065,170.18303347199804,167.31232495139426,143.93331806809258,165.94370529823914,145.34922061549992,16.68899959706304,22.882710554039733,Biceps Curl
172.46236662713093,172.25283784200016,169.8394029904971,160.3128513170823,161.99591309523797,179.62210926772454,11.093226343661916,19.75500077143657,Biceps Curl
179.87479113873704,175.18468799356734,162.25250266809508,117.23409344426192,166.46047709906443,121.89167946524864,13.617795137552235,24.768426375697864,Biceps Curl
176.23372920181413,169.4661507636734,161.4452589309929,55.73464786347745,171.1706802769283,34.62821907665734,26.05256799329889,21.03946962984844,Biceps Curl
178.00185239426378,172.22158115668674,162.69758999888666,85.98838838832597,166.3935465743784,52.1912704282322,16.397209249188094,24.913736741333103,Biceps Curl
173.63034356215698,171.08701048236398,162.5919078878276,123.78261407953757,169.12083362259244,117.15189214356296,15.647404209414017,25.88329318185856,Biceps Curl
173.89305868321455,168.806604684332,170.38654877356925,153.70507904677774,163.95657536977072,163.32991296606437,13.871843848952588,21.58691062201874,Biceps Curl
177.13720462205612,173.4081272953534,168.67459441695397,160.7670484317747,162.41156364690286,174.9515069644697,10.64076132132286,21.38135357813263,Biceps Curl
171.65284138202625,168.52075099754796,165.4778840344067,122.53924652403502,167.14300714140464,127.20946180426576,17.311635712192874,22.470977319523612,Biceps Curl
179.72357664303632,175.9208514877775,163.01154803048982,59.9380097365808,164.17354718096897,31.979399564477085,24.171713855608907,22.4217109549836,Biceps Curl
177.20015745829932,176.2965624746009,164.5485008073581,79.32581117201939,165.06856603516783,41.54372943031678,18.722047640153622,25.090753993748475,Biceps Curl
170.2624295587283,170.39384708581025,166.87104780763335,122.73046422338344,168.748519884411,110.1605485783394,19.697492825338745,26.57928634689296,Biceps Curl
173.09881326026675,171.73173349726707,167.6268524192053,153.9821087634666,165.2750984736171,161.22419201969964,15.908770118779469,21.78480405442491,Biceps Curl
174.0382259900372,176.060471839568,168.50587171813663,164.13921007355847,163.45158012803205,178.08217398519122,14.152750858258146,22.018417587113465,Biceps Curl
171.11692403045186,168.16450759569238,165.6477851850944,127.1797812646142,167.156676463257,144.2663934923566,16.097511350188178,21.50558615480374,Biceps Curl
175.38375367040152,172.0311661337037,163.78040361323335,68.38178695754856,163.51273744709357,40.036628771114344,23.985946176401484,24.07290437399542,Biceps Curl
176.0209028465968,174.16900864822222,165.5789121984757,64.60565692817354,163.76087722234325,29.952429263098065,24.86435603682092,23.573130165374753,Biceps Curl
175.93183865027893,173.2316555071293,164.84525959503102,109.77513012915168,165.47997360693503,91.33695383589809,14.831523646443284,25.692766096773493,Biceps Curl
173.15187880038386,170.54988982979103,168.47338521036144,146.94941687209828,162.34616931384707,151.31481675551322,15.844850096609626,22.89889993981948,Biceps Curl
175.62145118812697,177.55132517705246,171.48988473590674,165.18258841579214,156.66783561952235,176.92223976014978,12.134076548134152,19.491216888234188,Biceps Curl
172.79742081332074,170.4496938108625,165.99387806361426,131.2602989026927,167.46983871764766,146.7122582214721,13.377953114625797,23.384539327778608,Biceps Curl
178.2939234208161,172.60498355120356,161.73582583088756,70.88516970753673,168.4777126602874,39.58988227591324,21.59436272315935,24.102701757613943,Biceps Curl
177.4282448942143,171.698867538004,162.16622418691662,68.84347947704354,166.74834168150278,29.864956012705136,24.308294868638846,24.265307360094635,Biceps Curl
175.5701280357231,171.74822246651553,163.73861598072455,117.45064878383783,173.14185993988346,111.64735478302984,17.574020239713516,24.527263836218783,Biceps Curl
174.4193139837882,174.06588976467543,169.02629425899795,150.26622259232354,162.7403818800681,158.2787988262815,16.12810689931726,21.88547647833453,Biceps Curl
177.0309014529454,177.7434176816409,170.04781234913162,160.10106080838366,158.94443574055387,176.04495577481384,14.607855848980815,20.345578322734244,Biceps Curl
174.35641132454705,172.36533911055298,165.2790033921602,143.12992640541046,168.44348972436163,157.43090380278656,16.648980830357406,20.63938580407412,Biceps Curl
179.1068033208142,173.5137404349085,160.14826277548883,85.30172144471058,168.13222535218043,64.93407698770812,15.02709578251614,24.79646934753868,Biceps Curl
176.37933827075747,166.9275549058961,161.29408900259676,62.05541264743601,167.40656612457613,30.321437954367106,24.373541525692353,24.40074880413693,Biceps Curl
179.96955321084553,176.8781970785982,162.81408926324264,118.41544163021874,165.1033869993611,105.31312163120248,16.409751351947754,25.305148344988577,Biceps Curl
173.71618410088695,166.30388347835014,167.54997569175922,157.79951635613668,161.61542351711554,154.12321952634773,19.39283141164592,22.263423116486734,Biceps Curl
172.79309204888463,164.09471861188663,167.25915328416164,177.94446701112105,166.70339356885958,178.46032335149476,17.236675619776236,20.836906572640228,Biceps Curl
174.33956049283466,166.83352850609674,166.0364067069513,148.4187457942122,165.97605911187765,153.45486270781663,17.278809831680245,21.38689990835588,Biceps Curl
179.69346587314303,176.4841850299753,162.20174901905514,83.65483084791924,170.67852319620627,69.68397878972728,16.169555288318243,25.702366164939896,Biceps Curl
176.41383338647088,172.2459454367899,162.57764705091105,53.79585237134232,170.88193197261674,30.12859842215952,23.15898778809426,24.30593008794893,Biceps Curl
179.15317948622274,175.64883547346918,162.4138006693365,113.161822869108,169.67845108027996,102.6869307322907,13.981572262540643,24.635730117732063,Biceps Curl
175.3607763683804,172.07826067173815,169.40904830656643,162.13330286088691,164.79425331179863,162.3538321584017,16.051507542833868,20.562706712992306,Biceps Curl
172.85217436415866,171.72968913880166,168.82560392803973,174.15968561723264,168.70599180097864,178.77055601117462,15.39533193971022,20.265577363345983,Biceps Curl
170.06029861699145,169.39843345437492,167.1693435069828,128.1223140103273,166.19935129003275,139.82233418313666,18.25316973110292,21.277529794567418,Biceps Curl
178.39023478379062,171.4336410925104,163.12059406250404,56.0388410100837,167.89032533751455,32.85150764081033,22.035195755415245,22.11106029431056,Biceps Curl
177.08106982007627,171.31905400078733,163.47698082730008,65.06250049514644,166.70846609848607,36.15216401459981,23.36564556386711,23.562935243073596,Biceps Curl
176.52585686299827,174.1008685776972,164.75059892682117,119.6064922893269,169.50951434730206,116.97306941992042,15.129258247144625,25.67209724651079,Biceps Curl
176.08291644983763,176.4760143258055,168.13883648140194,167.87954417178565,166.65741924192344,168.03168741951131,17.353087980979378,21.376906703936147,Biceps Curl
176.52831638057123,170.81255144728954,168.70610210026774,168.14259739960934,163.2514965787995,172.71840867859217,15.176209014128377,21.344065234753444,Biceps Curl
172.9076154534011,173.05490438720656,163.06865943992355,121.24099405498852,171.561637853681,131.07921704318824,17.006854650721362,23.004868600044865,Biceps Curl
174.86500058371757,170.57221112712412,164.06695419612512,58.24595686040515,166.91791347476126,29.611098168662913,24.29001627112687,22.912978842048933,Biceps Curl
177.49065753667273,172.50701686691133,163.15201225362128,69.40716334952636,166.25901676747011,35.522922936881464,20.92399016234396,23.51464455388617,Biceps Curl
179.30177344888406,176.78874561279537,162.21583611515902,120.07381711478055,169.5247878685098,108.88625938438544,15.15041951962385,25.41203940003583,Biceps Curl
173.68809101951757,168.98399809756498,167.0002859445975,160.00196961132795,163.81341201604738,162.09237297873273,17.2006360610326,21.445367125711975,Biceps Curl
175.34936947632914,175.26650062441362,169.30191678426576,170.6105682396625,167.08716087261598,175.97737595533712,13.857747902631534,19.537886899087407,Biceps Curl
169.76692565152086,169.5928765079891,164.66750649156023,123.46728636317464,165.7897389873735,131.59247442394258,16.1415835770372,21.944709912312423,Biceps Curl
176.2148245776002,172.4034262579235,163.82810088555394,67.51478895690101,164.47876824270224,38.53917986632008,22.48489130210188,23.382531548132953,Biceps Curl
178.40027104321112,176.4279235887406,163.54713318519677,65.99322557367745,165.05686173617107,29.208657138623888,22.70735284022984,24.42089405811112,Biceps Curl
179.25828959792568,176.54091201728647,162.85915505685085,112.01150686655824,169.81730053471412,98.71637409403009,13.858419119940711,23.089345055324813,Biceps Curl
176.66192568687555,173.76699104410702,166.04423466058734,153.63818726574934,165.43926442962186,150.92670530645708,16.98701303038876,23.413038158434876,Biceps Curl
173.0851140028896,172.7710040047316,168.90070638704108,178.95992311228332,165.8666918259887,177.7181303289234,17.610078830265127,20.988420260740796,Biceps Curl
175.28692248806172,171.50494187318694,165.9974596486479,154.82530072734733,165.42697320263176,158.00816368937993,16.314396865933347,21.79480793980617,Biceps Curl
176.2624752047348,175.02119456646915,164.15236735915212,94.52179417969016,168.28620751483652,80.25187338617388,15.250791938176398,21.331399732472867,Biceps Curl
175.57194353230756,172.82210212237206,167.37242311623206,47.45604715300123,163.7038005556296,12.888138142679102,21.17461977309511,28.309273557164804,Biceps Curl
178.561579898462,174.85271195476673,163.9401143639504,97.12572571334442,168.46847608640508,61.833568463780765,14.619058340271804,27.004848203269574,Biceps Curl
171.97831830157278,168.57667154820956,164.80616737653796,135.95428640478028,168.36319298864893,124.87903363218602,18.679472701986136,23.26296114454713,Biceps Curl
175.02149244650795,171.7537179774547,170.3549526225485,169.2898472753917,165.5510211698019,168.62609979546545,16.398561876382665,18.154830060745734,Biceps Curl
176.52345551396257,175.92726637077894,167.7681717814888,173.3480758684677,164.9120875782606,178.11718746740553,15.588665642127731,18.30637625108979,Biceps Curl
169.50775750746234,166.13467878165503,165.02410176238348,125.28148467920217,168.48493384015,138.5477432618792,17.72274272848541,20.150944805961498,Biceps Curl
177.6234246864021,174.84050626441297,163.31094980409043,75.62386658196979,165.73697020564293,41.827820789260784,17.589125996722913,22.751818031871775,Biceps Curl
177.68150635060877,172.7829082287017,163.14293888344704,77.05054652214291,163.49590270533685,36.959261540149626,19.079609743093386,24.37239878872904,Biceps Curl
176.54966079947638,173.1009278799154,161.76454631497322,117.02660007217467,170.45269822842715,118.61967233157873,13.916141735041816,24.268270077108447,Biceps Curl
171.4055200556273,167.76883419146876,167.1281284144708,158.9623923264463,168.3225349434476,155.77642150415784,18.409172931547896,21.266913765768507,Biceps Curl
174.20341222336484,170.69948465596912,169.47067345292916,170.31602927537634,167.3038648299656,175.31646602373738,15.296438016997,20.31856139432342,Biceps Curl
175.07821746898625,172.72149909143985,168.07236732358004,157.1931903487884,161.64445981492037,158.29591379285517,17.45172943143236,21.798795910453993,Biceps Curl
177.1718410835371,175.22699164815498,163.61131882958463,102.0670152810585,169.10298633210854,91.95034264018214,13.362811360472888,19.06464056536101,Biceps Curl
175.34622706462537,170.18816243729597,164.29941172216743,43.92610013083219,164.29769527382186,19.388227899902752,20.589800713337947,25.58762075892891,Biceps Curl
179.90065177091705,175.88884444409092,163.49493394246218,99.29061167128968,166.88321928523877,76.54883248020941,15.168300390479835,26.69724226531575,Biceps Curl
173.78844152043848,172.01054240045795,166.36609792822406,141.1536598323975,162.55279351288215,142.48470333543946,19.704977238562268,23.160776800279976,Biceps Curl
175.4179432485301,171.5609341763963,167.53504997193198,165.95545665022624,168.5349731475449,169.1441484537214,15.309074822737506,21.979955335719577,Biceps Curl
175.3386064341842,172.65347970293007,167.96273173846487,170.79181628559627,165.56127295582323,173.2284675537976,17.21048894650662,20.295037680579306,Biceps Curl
167.97080690247947,166.2206867297066,165.12007854396,123.0808549581094,166.55749962061986,133.80071926876929,18.31348861428394,19.932796612958462,Biceps Curl
178.53652793177685,173.06126529601534,163.48445842607148,51.887857846604454,166.89462826086498,33.381058441422326,19.70892465348552,22.845418380127125,Biceps Curl
177.74400654079483,173.65465812279356,163.15529388752702,78.7025548560383,166.22645055556865,44.06532875409853,18.26339835876748,24.7975211884261,Biceps Curl
175.13721669196514,170.51448853833972,164.1455920073953,126.92445443876984,170.3299439423858,121.15809216024785,18.11218699911204,24.143435722482327,Biceps Curl
175.08193802490553,172.38128838488214,165.79186061765375,167.93885716859918,164.93241924343428,164.06763011275132,18.33747749653032,20.672832863772104,Biceps Curl
175.6100084176892,175.82010933490218,168.42112635869378,171.57448043398654,166.36939815715277,177.83186988131345,12.643148491840693,20.775332940546676,Biceps Curl
174.69300708345108,171.45792145962548,165.0762846965107,141.59955205235556,163.7834795733946,149.67559320989577,18.68736921916013,22.14376287154744,Biceps Curl
179.38941710059888,177.46403503344584,161.7151167800922,86.11794503971353,168.52156781889278,65.88990998766502,15.46441120004809,20.241113813268417,Biceps Curl
174.98155231064428,172.34052990588282,163.99031846523235,36.36513655803383,166.01171887592457,20.572110329152544,23.22505446908785,24.283169692740003,Biceps Curl
178.81699956652852,178.67314212747277,161.4304383649839,95.09532186975348,166.62714502527956,64.28708178964237,18.043089416587396,24.12312035956692,Biceps Curl
174.3777891356905,174.9267715837197,167.15671366776013,141.36069298174436,163.9697466028175,141.79197652780675,21.45423663659598,21.270016786999054,Biceps Curl
173.96082857022307,173.41398536351127,170.73440661531865,174.81443271777582,161.94066878463994,176.77362349430072,19.918377942035008,18.526784541313027,Biceps Curl
176.5983582070976,174.81339707771193,165.56453856826485,170.2386848312084,169.5181237080381,174.2209402131646,17.428742421949494,20.145224804033756,Biceps Curl
177.76384925186332,176.5447623057739,163.6915022968949,109.08500239134332,164.6331154721346,108.44612972100452,16.018270344231244,16.391443990450036,Biceps Curl
178.74300560741548,178.69801647424094,162.9587401617076,35.30694204773954,166.14874660179927,27.403234403606195,25.58192272624003,16.73006776696,Biceps Curl
178.24965203769588,173.70700014967423,161.75987961651202,77.35573901171148,164.34299320547555,46.326635382685666,25.90790920485022,16.473580169949503,Biceps Curl
177.68091483622769,179.9954046669325,164.14010177824036,130.92183023229234,171.18923180930145,117.69491007666804,23.233681903932485,19.743553945090778,Biceps Curl
173.9038637662671,174.19250388510852,168.2907815601762,157.77935899096173,163.8994854682941,165.53751107267863,18.892117277915055,20.116073546875985,Biceps Curl
176.1249867772702,178.65170907383623,165.92331916985958,165.05977506523058,167.22483916984618,177.9455413036847,17.869956159630537,20.426198411782817,Biceps Curl
175.31233070414757,174.7882834903973,162.22995870120744,121.4997983967622,167.8279559042964,125.81503169591348,17.491869370846764,20.283739372132708,Biceps Curl
178.38359107877378,171.33968216489438,160.4968880421809,64.34751383816509,166.54856902368755,42.032111713735034,26.387328949584276,17.159107741704442,Biceps Curl
179.86727645638834,175.120878800788,162.113912075971,45.585719995829955,163.90849995204334,26.38408937363397,25.25661202317032,19.44307682499973,Biceps Curl
177.89435508546313,176.5951216129691,164.06057441428405,106.18616504966576,167.0546694816434,80.21241191847065,20.21232727134184,19.4355798196344,Biceps Curl
173.74523276202706,172.2759619377959,164.89912475273533,143.4746902610949,166.1514447935642,149.1339325411637,19.19374891854671,21.079163958416867,Biceps Curl
176.16400380035788,174.99045129186325,164.90854415395177,171.71496261543615,164.885180195409,177.93103052573156,17.626029396454214,18.187699175151607,Biceps Curl
172.98598003088975,171.312790971555,167.3704652864013,157.63460873469833,167.4408444734657,165.4427225751996,17.013630817280877,20.509237343521615,Biceps Curl
178.5103962146692,177.60694071738357,162.51066632893745,107.65096416837042,165.05685644791205,111.65415000666307,19.47354354892388,18.25945292577562,Biceps Curl
179.61549585144675,177.88571820101848,162.7443868068118,45.44774117590837,166.70116510070582,26.427187314021495,23.75056183242353,19.42021263814709,Biceps Curl
177.0895472618744,171.77082845902,163.46572253883892,77.26496107513829,165.57072786221758,37.74928984971183,22.301021540476455,20.688276653142896,Biceps Curl
178.97364612576163,177.60744595306664,164.30471440626573,126.49146372778269,167.06865395331897,112.36322919828164,21.477782206807717,21.79607664825997,Biceps Curl
174.44162371244343,174.05400870304462,165.1894139006815,164.92143583005097,168.2071000673946,157.47939799937112,19.600874326355672,20.81589971249704,Biceps Curl
175.27705307288855,174.1102459729139,167.56445951811298,170.1627615050599,167.73859434344882,171.70456935846005,17.116682663153693,20.08518194402484,Biceps Curl
170.16837186034547,170.93417302773202,165.77205072577138,126.06960554631304,163.03376680755454,141.06648582624717,19.126588927808804,19.222359606582273,Biceps Curl
179.39337350504442,174.5203118081472,158.80507013487184,69.00350252166568,169.68135670747242,40.57314160951433,25.772560239613178,19.28443273219229,Biceps Curl
177.17466067278545,178.0432677132057,160.89119458936102,53.92412239154232,168.94427628414482,27.902119424016323,25.47319550959512,20.113909375266708,Biceps Curl
179.7179999608269,179.7842301551338,162.7820492913748,113.75587873447144,173.47745794651297,98.55537189000812,19.180569815889196,17.032283687393516,Biceps Curl
173.2840650647403,173.79995955227693,165.50456436766393,144.26976657469663,169.4611103697501,146.7702569195727,20.296356263143565,22.048226615451465,Biceps Curl
177.8348396046158,178.14006870099624,163.50760447304407,168.647939747086,170.74049172012934,171.4576846495207,16.96139379725014,20.86606717468331,Biceps Curl
175.207345686613,172.43118404546308,164.76609546953097,153.2848507895596,166.49544365967174,158.2404511577331,18.103501808390497,20.88488346635185,Biceps Curl
178.32193038120374,177.31940276275083,161.6514660629111,108.33603026310897,172.05881503140424,98.22091387173658,17.129323715425468,16.319924990682487,Biceps Curl
179.37773376041844,176.21676898843938,161.96941978013294,41.71351622146264,169.54294891959273,22.752243880750168,21.94390544751878,19.705947437012664,Biceps Curl
179.1067631081753,178.23303514228164,160.42639401532162,77.49883540264413,168.38829440100872,44.53320634363514,19.571400731324076,20.127628533622655,Biceps Curl
174.79578371389675,174.43487245363744,166.786283182537,120.6617831454992,164.70271714919912,116.0815174909433,21.01544654176384,20.958464664585748,Biceps Curl
174.29044922476163,174.1935525675299,164.21154065081706,154.26864974746906,171.31284379574078,156.4274418749707,20.697250855902624,20.73960605510966,Biceps Curl
173.4677905130567,173.35362335068749,167.3534103969142,173.976473391402,166.27609844539916,171.23111206108183,20.74142388114056,19.31821831310998,Biceps Curl
173.2972036265723,171.7810250089059,163.69314872576462,133.7694145310035,167.6325613481009,145.92364928552195,18.302138868778904,21.130221503977012,Biceps Curl
177.77441351471276,175.9434703543637,161.39436965532371,85.7256053598348,168.9834213227902,59.3182650506043,19.570114125056698,19.45017983406887,Biceps Curl
177.66372321911226,177.10684114193933,162.9983286339243,33.03345379575114,166.90837874974108,20.187210139703677,23.389344206160818,23.883027788926984,Biceps Curl
179.74481716557514,179.94279941356788,161.84132895579478,87.85513519556477,170.58316946865472,58.28195105465414,17.606751731578456,22.157230544950092,Biceps Curl
168.6103603589846,166.45698194809344,165.40305792261412,131.01953018903276,166.09189229292772,127.9929655966552,22.988479212398012,23.244799593324203,Biceps Curl
174.64933793960802,173.54153789408832,167.4230747220351,162.61305286581586,167.553283599054,166.61421309927388,19.583949896625622,20.259821317251085,Biceps Curl
175.5653571271314,175.4174885264312,166.47988857669293,164.90279472600736,166.4923475377523,167.3528391797047,19.96739349237967,21.61782563360418,Biceps Curl
175.00425209857713,173.6789449842568,165.26246309799757,111.14748003395432,165.84247823394398,111.97084931122149,18.348504968864248,18.178219681391152,Biceps Curl
179.82370043223167,175.46703698770898,159.83123029126284,51.992155377158504,169.94124784016827,31.138995447550823,24.273925720539857,19.20236749743193,Biceps Curl
178.69200135568568,175.70691935580987,160.25846809188351,75.72444306207026,171.4929669336881,41.28671166440774,21.474905823230905,21.385743866629024,Biceps Curl
173.93778161670394,173.5518324853364,166.36218800251484,124.63422394004786,168.89819533601582,114.13273384729072,22.147494013408934,20.75046319133532,Biceps Curl
175.11815343100898,177.36519879754528,167.98916322319184,150.1096259527126,164.78568316672377,154.6350228199182,21.470105621627297,21.183939781056495,Biceps Curl
174.92230312296647,177.5188109793292,166.09878419487015,171.16628567983688,169.63506490636314,173.51650719837923,18.924451781564187,20.20344143773887,Biceps Curl
173.19715379448564,173.71842977468032,164.58373354025048,142.05794955482537,163.30450124175263,150.1670207790563,18.9898920426851,20.954525364922148,Biceps Curl
179.2059883315499,179.10350519203456,161.62320454764645,78.62709761643592,169.0058030052337,54.07961033967131,18.15558669087611,19.76549823990349,Biceps Curl
178.8768934585666,177.2077110585815,160.80176715283247,43.144069347204,166.75187847851032,26.802066357841664,22.591271925102937,21.73309705787979,Biceps Curl
178.10936462818552,178.2325439924843,164.85788621549707,113.5139822971818,165.96908903653926,88.42537881722153,19.713380302522175,19.80691497136805,Biceps Curl
173.93229116332307,174.7013749425555,166.0112605952709,151.38093016171794,168.42779297904323,149.18607583062732,21.7043634856907,21.971097904846054,Biceps Curl
174.47156680112224,174.5332630754795,167.61579606213218,174.2714979625091,167.72805591431955,174.64772494684215,19.217245402181497,20.323098732145464,Biceps Curl
174.9633505970583,175.61827263229898,164.91160853921605,139.81937382181673,161.94492142862143,151.6100551349297,18.844569196685804,21.39737511341954,Biceps Curl
179.5919190855873,175.21314254256885,160.0407091706308,81.36185976874602,168.9380559705968,51.59177178227528,21.597501579899244,20.75949883976938,Biceps Curl
177.69098080910354,174.93974213805086,161.46694947915117,47.86464755242697,171.51458971641148,25.292709882650936,23.858430862668417,21.502905666900215,Biceps Curl
176.46052828642632,175.75456507386696,163.55485193926324,109.4901141691026,169.65334839046463,80.17356729599561,18.540006113205003,23.451187315535655,Biceps Curl
172.44637054893312,171.7819159124712,165.67315393134965,142.4112143256447,166.3208704230761,147.3021900808615,20.819276224311952,21.993615921957065,Biceps Curl
173.03295643081125,173.5604872263538,167.67678520933543,171.60431074261953,170.08619625719257,175.84820426490214,20.574978479412874,19.1651182763193,Biceps Curl
169.66568557007668,170.53108494029078,166.13104398054418,144.76208577334228,167.2863997653492,152.84553851893418,21.292647794513076,19.846125171577956,Biceps Curl
177.77795648070438,179.69538824450325,164.20874604182495,88.06328034124722,168.8660757451691,73.53920915691346,15.650555462999844,18.901351992818228,Biceps Curl
176.90140866522012,176.27884541061078,162.92679489540495,37.90509795630391,167.1671788592606,23.280080659168867,22.151121641022826,21.597703992496804,Biceps Curl
179.74391126874625,178.8986808700046,162.17522346387432,98.40426241753548,167.5518879063951,60.28388391842617,18.253853178988912,20.44980542487434,Biceps Curl
169.15835416011052,169.86452071304495,164.0065452521523,134.54254526675618,170.2218142914953,135.88620815875956,21.57729541319739,22.318943690635876,Biceps Curl
175.04540021294218,173.10566991543783,166.4028733564318,166.15831675051842,169.63827022682747,172.66276127485054,17.398742066550422,20.555050150084742,Biceps Curl
174.7827601462078,175.27508088090556,166.4311454118686,153.17194303921772,167.4237420299494,163.82865432139005,18.517142530756605,21.21731071613708,Biceps Curl
177.10647250478567,178.70859898696364,162.89915400846476,102.7011026333602,170.11880827238843,95.7285921411462,16.69985488233252,19.42203191851609,Biceps Curl
176.00006599592473,175.82189663006247,164.4766183617388,36.067348638271405,166.14955228947133,19.953459370253743,22.382943906608475,24.217839426566428,Biceps Curl
179.9539721863955,179.3579156655536,161.03042173353177,100.53346630095704,165.35877782923575,72.17737624606818,17.451321442768787,23.052752020421583,Biceps Curl
173.7196675036203,169.77764021424662,163.05712850484028,140.25780487456296,164.05970695884093,143.42348193334448,20.658295610088757,21.66471590205387,Biceps Curl
173.5873242307332,171.2405525943501,167.62095404486044,169.35397758206526,167.0261987552434,171.89438933341742,18.909320765833932,20.344496342801264,Biceps Curl
176.87155831769496,175.4452688872409,166.12225111711004,164.91827613771656,167.50393219082406,172.40828413074854,19.155062097753643,22.171986284369197,Biceps Curl
176.98517569228707,177.84040342488802,162.63339049479316,119.80480298748492,170.07718957934551,125.56780366299334,18.02087100339259,20.19966525029865,Biceps Curl
179.29382003779185,178.5210534685862,161.16058438851465,53.62224002196631,169.2360487986929,33.29956963104074,24.10333842353974,20.693665264452054,Biceps Curl
177.07415138492206,174.51710332171905,162.11620713513335,54.41116939220637,167.7805746307558,29.74725447995469,25.559398892228767,20.501351179063025,Biceps Curl
178.2466566911576,175.01924053839247,162.8090930697862,112.30819868901877,170.38236307603754,91.228369922821,18.956067493402525,19.184641915457,Biceps Curl
172.56346439619034,171.16346098850426,165.6266814949633,141.67964964873286,168.0502997140214,148.42943834492647,20.655832141124435,20.93960766893559,Biceps Curl
174.36686227885514,173.17321574940607,166.00800641134975,168.39098817687758,170.08770606679636,173.1182296215845,18.25547987732225,20.295711238125733,Biceps Curl
176.77143877244114,176.15383386466212,165.25428342796806,159.77003333723314,164.1710404681822,169.0883479510475,17.809261415013943,20.020170881158503,Biceps Curl
178.45126551151583,177.99288883526737,160.63666126481624,119.07654565606816,172.1319607123131,122.03717869427696,17.51363368538005,20.928208443749945,Biceps Curl
177.21569134998106,176.8315400715711,159.62738845221756,71.55158328459137,172.35562371473705,46.24119916010323,22.133460493729856,18.516757233448956,Biceps Curl
178.61122814559545,176.07876143559773,164.42964343039802,38.30658170042449,169.5471391530209,22.627360727895987,21.61645622160872,22.598816023638957,Biceps Curl
178.84193160664523,179.4224609101682,161.04550924561102,88.23794187191284,171.91181677001634,54.489268013502894,18.34145973692453,18.97272996786525,Biceps Curl
177.4837843007412,178.01410473192814,163.44709053003933,117.55492239178794,163.76840872466855,109.3489065051386,19.422762449434497,17.48549848571032,Biceps Curl
175.04696029978814,173.71255305611876,165.2431630322556,138.3149250824016,165.51853859226986,150.202541298475,20.279339477315418,20.06540583200566,Biceps Curl
173.2376369160679,172.20833869281566,167.1179500634977,161.98673854434733,164.2147874923752,173.26799348000512,18.095397097020516,20.25123253584508,Biceps Curl
175.70747151425834,174.58543044531265,164.77075246543774,172.357485535816,168.6919893897885,174.83029117171554,18.95209194646051,21.378119170736984,Biceps Curl
175.76803340926023,174.1741366860317,163.24497645276017,138.71581568062322,168.40854263156393,151.28146587257694,19.48903437574879,20.199880250612836,Biceps Curl
176.4129284600601,176.5511061281208,163.1302697259312,101.3381458789882,172.16763505722687,83.97297147070232,17.770182280039144,17.704210248666232,Biceps Curl
179.00291557234894,175.9047560483945,160.67967679109887,52.76042616353553,168.52705371352056,32.6210036943878,22.95730619419003,18.020367493916837,Biceps Curl
175.57264214903734,176.25427726310957,162.78081710410723,29.564230474854003,166.86403563416334,25.609229363509616,23.97535873622107,19.680372382906068,Biceps Curl
177.55095173628783,175.2979770959926,162.66100163074634,65.91245644787224,167.57032162321764,41.24262879146474,23.379193153415045,18.29412036830729,Biceps Curl
175.9306811322442,174.14547455425503,162.97208161168535,108.91281381223313,167.21419706057176,88.98932913230296,18.64176974043623,18.776414726527623,Biceps Curl
174.63943258030662,173.38713262595232,166.41889363058826,142.50559603041458,164.8682746187767,136.7936014220133,20.94922708270229,23.07277620770652,Biceps Curl
171.83227260585537,169.6706437897022,169.78933912521077,164.51522806890566,164.77519848846725,163.97998512579971,21.29156754117564,18.6578093223663,Biceps Curl
165.99073335962197,165.24970714648612,166.90325521570853,179.09932301143832,175.84723927416763,177.6572727494244,22.27009428747893,19.508756399569688,Biceps Curl
172.77543468204976,175.82868534063977,169.48729497567294,163.89216453293173,169.96963144527766,169.78566980553558,20.325887153185924,17.52008140045571,Biceps Curl
169.8809958738394,174.0370345375574,166.0217344772274,126.46533814982,167.8720910557932,128.1605406073725,23.45305419686928,16.16599134926825,Biceps Curl
179.44036949772092,178.70540825824204,162.92833934390208,83.01113957499452,168.19730282029727,58.83416876450524,19.069299305626597,11.893217967525734,Biceps Curl
177.61522007240995,179.67625142718128,162.0256717479654,31.98479304225646,169.0395446355849,27.364619941510497,23.956975187955564,17.666923415833143,Biceps Curl
179.1974333675421,179.42919365385757,162.33858774710748,68.4066629184723,170.5695837564945,47.73150383203168,23.20905452015016,14.2916002482825,Biceps Curl
178.2428566968402,178.97777726042978,164.64698922547723,115.13954831284208,170.7600311067853,97.68547718654412,20.321998481211597,15.07481863111614,Biceps Curl
177.96920289547634,177.34291382405027,163.7204957580961,136.74118189377293,167.40677779573136,149.69543265661085,18.79710687805896,17.578250383530012,Biceps Curl
174.36899963518522,177.33404158780766,167.10495564244962,161.4280139925801,169.31817425995328,168.03652010136338,20.318893739895596,18.43959289891284,Biceps Curl
169.0006209995949,174.07960849072813,167.0319861591842,170.7300657174248,174.02378752726293,175.0611910010479,19.731889034458977,20.51872885210073,Biceps Curl
174.92301165383424,176.81835567958717,165.94770573344175,146.85877934396996,165.46986967571345,152.04787333433285,19.621312692127805,19.248990666806456,Biceps Curl
173.73889552121383,174.44977108501664,165.8030581411325,98.516003551979,165.654165773348,83.87640827232389,20.565156967556348,16.542646161125315,Biceps Curl
179.48709933012387,178.04554613679986,164.11605907040484,45.78622664576732,164.36931664234228,30.78761164468292,24.286462937836745,17.88324283120891,Biceps Curl
177.4102128307343,177.33274603991305,164.07555765674394,78.83339839720928,165.00321067424397,49.84997794958036,25.041026572419977,18.07094729659708,Biceps Curl
176.89970628426713,178.8085061020051,163.4475854123821,122.14931220950218,174.09818791300432,109.72069779467138,23.910843901294555,16.144356955334036,Biceps Curl
171.9764088451611,172.55985983916912,167.28366924702885,152.94666383044648,169.614076724877,154.8608016488162,23.01336418014415,18.48440601144332,Biceps Curl
173.4271647288331,176.0252101662208,168.16405980524777,170.83067595258143,169.18605091601935,179.38406538113088,20.37911826260423,19.05796900724334,Biceps Curl
173.78830088288598,174.74003983819475,167.82899318913854,155.7145015802785,165.90546422918624,167.6191383692954,18.4693908609953,20.99002517341112,Biceps Curl
176.69989051929892,176.89406613238776,166.5018897469605,116.8608044366117,164.86074172237815,106.4152615703932,22.665705128495013,12.665225498705809,Biceps Curl
179.58941706091167,178.84359224446663,162.20324512452166,61.976914960287544,166.73473755648752,39.08223362757141,25.78405518138163,17.75988085994443,Biceps Curl
178.45404887366135,177.11965903568472,165.41767939568086,41.14063517975831,168.85635437965095,24.9113000535034,23.58209465102736,20.670707926974707,Biceps Curl
179.69860278627513,178.63043328424226,162.8286860794977,93.56201866324808,164.3250752973843,67.25522074614094,18.26989631149759,17.8649275675595,Biceps Curl
171.64881284175752,174.50944013588222,165.24644099480474,131.46754670620692,171.74613742626127,129.56982633491012,25.18058598608777,19.60283284218923,Biceps Curl
174.71317288481615,175.81173775986778,167.72168527361475,154.62114833342352,164.3214851508283,163.48600811515803,19.925490563408506,18.91767469777223,Biceps Curl
170.16948019773463,171.48294584300112,168.1802688765592,175.45726874242507,173.73947493176166,176.00110432998954,22.283152343680925,20.866052340336843,Biceps Curl
175.99856105557464,175.92269119773675,167.58444974956947,156.43208258129846,162.96966556944378,164.62976430327865,19.865651924500582,19.593364915923413,Biceps Curl
175.2984749022432,176.3025443319067,166.60566409995104,111.55649572877148,168.85767733154225,107.0686496639224,20.82506009096633,13.66149772861062,Biceps Curl
177.67505251812256,176.85929149393178,161.52210387684198,67.21500168059353,169.31560762237092,46.4554001151128,24.05158652646637,16.498948322130232,Biceps Curl
178.70661466528043,178.29575572050305,162.1333671547946,36.02615398727112,166.8198495444704,28.734014006452036,26.05458836457806,17.273741718923002,Biceps Curl
179.95079657641577,178.74892055913418,162.50037915729098,84.42939138856393,167.3896325500276,59.06377381087747,20.979178860511013,17.049369963857497,Biceps Curl
174.12377109189336,177.15135984858364,167.27584771844397,123.45903233767724,170.16627989099263,111.74222809818914,23.265976056267352,19.312084017139085,Biceps Curl
170.99765277415506,172.65398631489217,166.06719165644645,148.72226599175085,167.53088074817742,157.46411059804657,21.046268419929568,19.470504719454695,Biceps Curl
173.95972669436523,178.3140625164326,168.4657554835414,173.63274537463005,172.95346093031603,174.43331446170964,18.334805594404727,21.022573567515572,Biceps Curl
174.72416808781338,174.686556947535,166.7451793723806,162.0012998264928,166.49430635395044,167.9510493837022,18.03382299796029,21.187532073639616,Biceps Curl
175.52648836265075,173.9595842927336,163.96975646267003,125.31289807918547,167.5710036855654,121.19123203063812,21.323115204025022,18.625375754835197,Biceps Curl
176.96240052642483,178.1646464879932,161.24074584717204,81.28418581184764,171.44382287741038,43.281974539800544,22.435352592511684,20.23925016146283,Biceps Curl
178.25342294627643,175.7102521509976,162.29825044077376,42.08902615251774,167.80639842165613,22.37216945875579,23.780131640416062,19.552990237208704,Biceps Curl
179.25090720360637,178.3861752891317,161.97362297513436,93.0389340779738,163.95798140343558,56.21377423579124,20.900121454787993,19.57396025578835,Biceps Curl
175.61127247539517,175.9559548632171,164.50252650107697,129.28024651325433,166.05522989477362,122.34558036371271,23.714031310521943,23.03461707109661,Biceps Curl
172.22564000289853,175.60223516496131,167.11578011471497,149.6491879470026,166.07964204701125,157.1711103530943,20.743620004305185,20.896046992706346,Biceps Curl
174.8269074885322,178.82131066160602,169.3963552405391,174.24316712042753,167.90557008143017,176.5826308868773,18.268553490993675,21.12315867013453,Biceps Curl
174.9958721252091,176.5679742118955,168.51600446403546,153.42933889656803,164.08020297780163,165.24781617743255,16.83725262255252,20.925126981215264,Biceps Curl
176.17911330344967,176.18183154478206,164.98433621541196,121.23518250614208,164.62663562689724,123.48800959644171,23.212258508526716,18.871242301628893,Biceps Curl
176.11866735733818,174.1843351545791,161.27574859694784,73.73107085892904,169.1877771869551,40.958293618308296,23.80293727460678,20.848418428518148,Biceps Curl
178.50716084698823,174.8920205424682,162.39248113093868,39.20912005632077,167.98708469062515,18.043846092095063,25.22174776270678,23.104079875834977,Biceps Curl
179.26888656490522,177.96532215442693,162.72948361267868,89.73398137408283,169.57725047992037,55.203629156335026,19.651821996074347,20.440398422367178,Biceps Curl
172.3467077039625,169.72081067837726,164.4020580357333,133.36803999851952,172.1030761553108,129.0284222356302,25.31084527304998,21.995101357020378,Biceps Curl
173.7009967213349,173.8218096544935,166.13282110638204,152.83929075311588,167.12628755232598,156.14396827626155,20.15514789134614,21.24903651081172,Biceps Curl
173.74887498802823,176.22547057217182,168.24671525230795,172.5593902826557,167.33349981881665,176.04571786410344,17.79603744421996,21.31996586355492,Biceps Curl
174.0072959883509,172.36581600464442,169.20689837888818,153.41629906850622,164.25380401518504,165.3331850059171,16.92729319536706,21.48491489170202,Biceps Curl
175.1356536370558,174.32655369520353,163.56624076482146,119.96832788747636,165.5887673978458,124.16625163059388,21.851349416887064,17.946501263817176,Biceps Curl
176.63282707894098,174.39109710264717,160.39592559839778,72.76335599547635,172.00725889634415,37.362782516452775,23.81613602022434,18.531224870076212,Biceps Curl
176.85647781486557,176.41102345074114,165.07915639643457,35.26791471586452,165.18511717557664,20.8690627825263,25.213844443955743,22.47620095460887,Biceps Curl
178.12779995187577,177.04055547123244,163.01175946221457,85.18311201140479,170.7513524438518,49.977731495973806,22.89022711012023,21.77917894494636,Biceps Curl
174.41544814907465,175.4294986582786,165.8690178880858,123.73327559811705,164.04836606879263,112.69144534127486,22.57822255364113,20.862948594325296,Biceps Curl
173.940811026916,172.9026695926628,166.06672964089697,151.8650053769918,167.46531107474556,153.94159025606265,19.07822539465231,22.3088996532278,Biceps Curl
176.81622853192164,179.9287385391238,167.8019715899573,173.51802534815948,167.01862110363396,178.11539176930486,19.079409834200728,20.816070632748833,Biceps Curl
177.35429769600916,176.12569505924782,166.48528961183823,165.50752879262433,169.64541994861895,173.0999052044092,17.968486757586405,21.72703320328946,Biceps Curl
168.29980032897478,170.24515339929525,164.76591674395831,130.1960885178531,170.41959242129636,138.74188058647712,23.515057603799857,19.295248820681486,Biceps Curl
177.5761414690253,179.0759525038831,162.19765102756338,82.51442906789725,170.6134730219809,54.50571284371616,20.27717841191783,20.330607775374173,Biceps Curl
177.75944766299676,178.47073653521332,163.94313181850595,35.06251259215502,169.27656363822263,21.69666976221766,24.79141669042514,20.887418820638697,Biceps Curl
179.5941222202163,177.93518780902818,162.53648040459544,85.20482101535542,165.66960179612792,55.82692002130363,20.324053414590256,20.68879510119594,Biceps Curl
171.77953948804338,171.33854012852734,166.32401171865567,134.21033299336528,167.99558567978863,126.53687517194564,24.61177051903288,20.893160705986222,Biceps Curl
173.6833354413089,174.39340112748337,168.0608114528635,161.71000506078482,168.67164957013094,164.07543740631078,21.259893569169357,20.782126977788515,Biceps Curl
169.54811553742945,172.36505951806035,167.86659315517872,176.8591568954834,164.5962995680504,176.0690529036418,21.556369620724674,22.591268536145332,Biceps Curl
170.61124727226309,169.1517452770471,166.736063740687,142.92483294112748,165.24191813200576,154.7420782762326,20.55991240377348,19.276696285099742,Biceps Curl
175.84237774440416,174.20173402796078,163.38257501286492,94.9786966437601,169.6241548096756,75.6065550004431,21.84897133613516,17.398928527531694,Biceps Curl
177.1670772832193,177.35135983232163,163.36394271779298,36.4221214417654,168.35716330663408,23.489229170016024,27.061521725896256,20.7272323021084,Biceps Curl
178.3824643172822,179.95563942955584,163.9060447175154,85.58916140669707,167.69172558952897,53.200955179952345,23.233511695603752,19.70218978952147,Biceps Curl
174.51929795295294,175.44309518977747,166.74538106045532,125.68365867904342,166.26908373003758,111.37993090561562,26.967523392014755,23.078969149046017,Biceps Curl
173.3589133579809,172.69240631380376,163.8924571165283,149.00489550662138,167.15053500421098,156.78674566532152,21.78174539871048,20.129659641252093,Biceps Curl
174.02083387900927,175.60775418152218,166.27376435608474,165.03571796225748,165.51451041758514,177.28852564212056,19.661253347747657,19.93325590989409,Biceps Curl
174.20119861318943,175.30313068383109,166.44754232900192,168.54202044492976,167.64432820248996,176.37398525914912,18.80731322415828,21.11838220052448,Biceps Curl
170.13296222115753,172.21955980640382,166.05459819615592,128.6420323760302,170.24935964813517,141.99478859935712,23.092477035270228,18.191598989636265,Biceps Curl
178.49228273437197,179.9955887419762,161.3644459013974,82.57039173305623,171.82736826839073,44.95912854696108,22.853101894226004,19.212898711346675,Biceps Curl
177.54007464640824,179.3687174424181,163.16670495301798,35.46413698667979,170.14402157764562,23.158504235316148,26.067458556980295,20.94305634614771,Biceps Curl
177.90334813940646,179.9193685073066,163.33515109969733,91.31715783737178,170.33034810032404,54.10879942633739,20.168857729714052,19.165441725104387,Biceps Curl
171.4139090376258,173.0529349989406,164.56324622020668,137.59599416380053,167.96792008800588,131.00521801076732,25.701631972209594,21.064043245317308,Biceps Curl
172.07861543563493,173.49758101036255,166.61143957058937,153.74784694695902,165.7493764738484,162.10322014622668,20.980825792354324,19.49634425291004,Biceps Curl
175.0992941951215,177.74471077288135,168.51872327372988,171.477896744361,167.44982083301957,178.06862974382,21.16812974072503,21.19417699473436,Biceps Curl
173.54887006445497,173.89474608553118,166.42002070933032,145.97649439225737,169.2784342123521,157.6122695845895,20.321584089789617,19.41269401880459,Biceps Curl
178.59878917112206,176.62591795581247,162.07563671144666,90.4495121219543,170.32684569450632,67.68290614883723,18.880461121673328,17.38388202690018,Biceps Curl
178.21160222141492,175.164220262621,162.69408718389363,39.13225519203392,169.67687198612597,22.10870650824676,25.239406169458007,20.902333217811176,Biceps Curl
176.78550105468585,177.23434085371045,162.65844961679863,81.00008012954929,170.03889539808165,44.37610942925069,21.85815011879975,21.493553357787405,Biceps Curl
175.53485254976266,173.5233787123197,164.7569343709784,130.62619998219057,170.8886362162504,129.8066152744267,25.1637192192989,21.65586853077445,Biceps Curl
170.01352770978104,169.70892065733443,170.03338259821606,150.3848984646926,161.90274257692377,162.8685670562597,21.220281123394145,19.38189814944513,Biceps Curl
169.39094282808372,173.59777519446797,174.91178101702647,169.29419085730424,165.918874402373,174.20321817939026,22.768533071135124,19.304715665497557,Biceps Curl
162.3124625595838,153.77161283260392,170.5321346317568,165.4933345931398,161.0227651794457,175.5378898973648,20.149826332712003,22.144305245518908,Biceps Curl
157.97045826602923,159.11333291354504,164.15234572842562,162.52168958817063,173.92670182713417,169.2615841020817,17.021774863150384,23.824227501127464,Biceps Curl
161.06320862574938,168.3399442969863,174.21324460577873,175.06207582173943,176.73523314006337,163.3647248693189,17.055536801862797,23.067910617582307,Biceps Curl
160.9960088610451,148.8539621817275,179.40560583095484,160.4558126969903,147.60359801328778,141.36053712377193,21.532217200150967,31.360905175479317,Biceps Curl
158.41987469960893,159.27116694702934,172.7491199132513,149.43773458283815,166.36976736442142,160.91869993187993,21.777161740638903,45.475233076619205,Biceps Curl
147.04475734811825,129.46553565560916,179.51589240080756,163.1823725977099,148.48511665519268,147.66447137809163,16.14579375038882,28.925832747874892,Biceps Curl
170.3978659557335,167.8201052128551,172.6698790524062,155.03457200437688,178.0247597016334,173.5910558663587,15.557167235600753,30.90731119420924,Biceps Curl
155.84170681857603,176.6713428111691,169.27609343776274,171.68264571063236,176.68966545182667,158.30432032805382,50.56021128500147,9.04045426821877,Biceps Curl
170.49379918168486,97.20759111840394,161.49314854166462,170.23498397067692,134.53574910223892,156.37341114966134,18.99037720497464,10.18866270186934,Biceps Curl
166.2798504414392,137.21348968779557,152.52053641777,150.33770872109085,139.14888413782418,173.66926386194314,8.3988755065442,18.709296560330426,Biceps Curl
166.3704603854078,153.2908953818612,163.2770035834665,145.08187369926753,145.881030778817,176.02045310806096,0.5979936816651216,25.61739780615037,Biceps Curl
166.0509690812214,159.7971427462327,152.37364799081848,146.67515850679064,134.3276578104166,174.7629550682332,8.795467244857193,8.492504682423052,Biceps Curl
168.05997631724972,140.67928049741585,169.45844971003535,150.9212759488346,158.13805206881767,165.18720314134202,7.7946191063420045,4.335541257140263,Biceps Curl
172.7951717505953,162.7025001364947,171.02617584391498,160.01317828987638,175.0930140297695,162.8264276246572,1.3348803212119165,28.6966110979431,Biceps Curl
178.47435476159413,169.73662440370276,173.8397159509583,105.1332973976982,168.9488603075048,116.8820521588163,4.148707700183883,15.5737489644608,Biceps Curl
178.01396820123452,165.9696305001225,173.2407940867614,58.118215195943485,173.70869960294544,63.35661106717767,4.025150843503596,8.654270855588367,Biceps Curl
179.3623115862982,168.3966177608052,162.6671455706791,104.85694421626334,149.64925129790362,122.68740794000732,7.1412352283234455,18.163803703853382,Biceps Curl
171.1727024049894,154.8862468686563,170.10672535851035,135.91307348633538,173.47538944433023,153.60079957240558,0.6857713891674455,16.835928851391436,Biceps Curl
172.51936878727292,177.9891170374229,179.61102640223783,156.82057432765384,174.43155846810416,175.16967832781015,10.103729106320545,10.172597831132416,Biceps Curl
176.59210415261177,173.81332008416246,178.61870725690554,154.01531551896832,179.58702139279282,170.37873109912098,4.043799368174305,15.539326128336674,Biceps Curl
179.48636451916437,176.2524677580684,178.7971772657842,102.24530537149522,173.43318644351882,107.3870689728704,16.437567249284438,16.758133660732497,Biceps Curl
175.24970667467946,173.31476505693274,179.7560671845245,60.50443480197751,177.33890652241203,111.51172659571594,11.153527693743106,0.950628959159844,Biceps Curl
178.4886235660179,171.75674750988523,179.31153332646602,104.71225399235033,173.91707712879514,109.45764182349468,16.707546020765555,14.030528888467526,Biceps Curl
169.41790408811394,146.01023287710805,176.02243127322075,142.9757847248266,164.7572744538809,163.71466415702957,10.939642070426542,42.130086582945424,Biceps Curl
168.61151518455932,179.50866204636222,174.06276543714657,166.0942576562575,179.6262284132919,165.13200586470265,13.260978922329295,0.22798517171894395,Biceps Curl
178.07928315732514,173.3268478853667,179.7076134133764,150.92274494392692,179.78202086091076,158.4839908491104,0.4202678934639399,12.92212075635315,Biceps Curl
178.4396450887824,173.86629560323945,178.89627743736497,103.96579650875964,170.06966931315776,104.07182809021376,16.56361080933874,16.943929073181817,Biceps Curl
172.4673546157399,174.43326083816876,177.9048877593301,56.42202900200306,176.5757347079877,121.57182130827454,9.734647098543542,1.816393688303661,Biceps Curl
178.1762431020738,173.18553078280212,176.80485221845632,94.94154925466844,174.17679910514508,89.89835082979488,14.280760004440008,11.74301040015762,Biceps Curl
178.83846220751064,170.05456018161763,172.99864475796656,126.05680683110268,174.77108806634735,142.6547359146015,6.739818709405018,21.16251327056239,Biceps Curl
176.8135349143902,176.38955951004462,178.83557861590106,155.93299794949732,175.0075371368133,174.90010749739577,3.6660720419417103,17.685617504360177,Biceps Curl
173.08351405872324,179.58721093615463,179.94757191884636,157.15109599627402,179.52272733284013,173.81007537733237,7.299378706012416,10.013954707045142,Biceps Curl
177.00076892811234,174.87480205256156,179.89445174870733,116.94142714610462,176.15971923561514,134.2815345255716,11.268324447223836,16.579458267485762,Biceps Curl
176.84833809133406,173.40774877219008,177.36175027563058,74.40409502124574,179.64137344306914,74.05084652881493,15.92975958407012,11.764659059948425,Biceps Curl
179.0113292696196,175.02483320352036,179.70300025048863,70.5116026666276,178.32037187560817,174.8939428279523,14.13914575850816,4.0121489848672045,Biceps Curl
179.54164176321754,172.89916673253165,178.33645474985258,112.42986306109268,177.16504220638035,131.5260780181275,12.79556977884613,18.4303628087859,Biceps Curl
176.76678724692772,166.14692873215586,171.2093860568045,140.64263988747828,172.78134711502403,170.66813941067645,4.716527685902959,37.03951415848549,Biceps Curl
167.96988638200588,178.965000603686,173.9502916680234,163.50852692614785,177.15539165826914,174.12267227561537,10.772608089064729,7.463144771529383,Biceps Curl
175.0173778372719,175.8704620081748,179.06684537926944,151.67967312515074,170.74389367008422,170.06646832615328,4.563572445765169,13.75009466095542,Biceps Curl
178.0751274810091,173.09685687200306,179.60646275392492,111.75895953458276,176.97220955599022,129.15675300446105,13.06537117303854,18.821046184059387,Biceps Curl
175.42346368761244,173.7240088775222,178.2792256273814,63.94178163413581,178.4852892739243,81.85562117279851,14.21676398551631,10.098707534984255,Biceps Curl
179.22811526728992,173.4392090056647,179.8429642589402,74.03989443448143,177.01628652094277,51.99328804334281,16.07216886918687,11.130877133718291,Biceps Curl
178.5944566694416,172.6384343836163,178.92416592452096,110.87529826357348,172.06771861002892,129.33945368465774,12.370749834501868,16.068315390787944,Biceps Curl
176.4216176530632,170.28449634116342,176.52467045070875,139.8118196618502,172.5002981698275,155.0746887285845,5.51794273931321,21.483861705682475,Biceps Curl
165.50870985571797,176.266716210274,171.2025109606733,161.97678440509202,175.91201766367223,178.61634511709994,10.297748353232018,6.477124649356591,Biceps Curl
175.55941259847944,175.0586540086022,179.36255134344825,156.06787673901027,178.88869698064934,178.3654404312298,4.156884436316153,14.186899677138197,Biceps Curl
175.89828894277508,174.76049685805015,178.6227278023306,112.29277872266724,179.67539162716116,129.0130345931302,8.15408108265658,13.251402579790488,Biceps Curl
176.3386362809822,174.10050455058385,177.21394117725694,64.14382311463496,177.98687290544683,102.53736950256604,12.366965431676425,4.771316780944029,Biceps Curl
179.15373940622672,170.33232932272676,179.61076220450008,71.90037113203007,177.6063912553942,111.6526379293196,11.18308166095093,6.6408673210605205,Biceps Curl
173.77629966362915,175.5841652732354,177.23701228614962,115.8162175664128,179.39964351828166,134.37187866921215,9.369320607643123,17.57764434683805,Biceps Curl
177.2187576415768,173.61744415869003,176.1733631881284,140.22430576496268,170.63074747067068,163.79182335640803,2.2877192281972016,33.14438707048196,Biceps Curl
165.85983888296997,176.55806285328092,172.0598852088904,162.65689508178954,176.1038753014283,178.20985129795358,10.551904562726676,7.032944950109883,Biceps Curl
176.42582642815137,173.66861921147475,173.6650883359191,139.89556820649844,166.42947307330908,161.9297146126226,2.7097968506672285,14.637484422515833,Biceps Curl
179.30094154122483,173.25997616394332,178.2389959878158,99.24794021592976,178.7378438376661,102.49507972100912,8.337670853023736,14.123990446639086,Biceps Curl
171.7467683448777,173.58390334223188,178.62577422349625,58.42943049443461,177.56149661156584,59.3924871483798,5.9857010018068175,7.091107340029061,Biceps Curl
176.8177893056356,175.5899007385019,175.83088819070034,77.05884066557581,179.58623949457277,88.45977372557499,12.497049213802772,20.276276523891,Biceps Curl
175.7796301215305,173.6629242851504,177.6404972961842,99.1137206124623,175.0150407630781,113.77795140343002,3.3488336680975705,11.11661560312293,Biceps Curl
176.07236335982685,174.14794251404973,177.14426798297367,133.64279263966623,174.08322813754287,164.61418023589087,2.112552334804356,22.02911927954146,Biceps Curl
171.37066931229862,177.50546795212335,178.87340462851873,162.08361418727202,179.38919332253218,175.1326942760966,7.670895091172351,8.959086390417427,Biceps Curl
174.08128595710613,176.0021305667802,176.7277949257087,155.0735867505379,168.72856423347676,176.99382998092813,6.07850406212667,14.651953068267316,Biceps Curl
175.36704723699188,174.26049181302642,178.22054200332758,114.51183963814653,174.96459661973972,145.37306522520305,9.313787656309628,23.053546074297344,Biceps Curl
178.05592095171806,174.22096385052313,179.73684461100618,73.65589683832907,176.94534579728648,131.79166638019964,15.36396200643797,4.563321413244672,Biceps Curl
177.01720788454503,173.70605594817624,178.14720494114275,72.57205551096335,179.3074365741338,168.65228797274986,14.514170906279452,7.5620929353357935,Biceps Curl
177.53374449503005,178.15305735492234,178.37047502597207,110.82684418151555,170.93912739914776,125.29891440209914,13.637151561683051,19.757748088715804,Biceps Curl
179.8602760742919,170.1967258824422,178.34251928121984,134.4788237431911,175.29591059972475,162.34283989941173,5.982146400110467,40.1839518869703,Biceps Curl
174.98151777363884,175.9104832192549,176.7907318234576,160.64772535351156,176.44193689984243,171.4529344079949,4.467746076493277,15.463867747580972,Biceps Curl
170.16238964987193,177.08515657378166,177.89735236467732,161.70078231546017,179.84107331005978,175.74598792722006,8.133427103079478,9.821574126702297,Biceps Curl
174.26725804245876,173.6521226505176,179.0282203909556,128.44172184131313,178.57567058623724,175.40323400265868,4.24014302570057,28.459714613902815,Biceps Curl
177.01786118628047,174.42323307590453,179.88709751976856,86.58509444520634,172.82480753544476,84.21407407395907,11.495661091689795,10.051219037230489,Biceps Curl
176.11572725354483,171.93683962673816,175.97587998960412,63.79666047906633,178.28699587928497,174.5374010122542,14.546420300240127,3.4990848802866763,Biceps Curl
176.91479647114906,174.66701382083556,176.74724559190713,98.21332885951767,172.95215094883147,101.10634239934645,14.397330971970424,21.82691793969113,Biceps Curl
175.03257839141222,172.18947687130822,172.8933442502466,122.2752660014267,174.1784956784809,137.51854550338388,4.946067724250359,12.95307128938152,Biceps Curl
175.85213774116613,175.18417922436777,177.90829379466965,151.72980961824476,173.73624994646073,167.59116314288315,1.880130006827483,26.103119534036683,Biceps Curl
167.53365339115948,178.05048738657456,173.6112553788098,162.99083793353137,178.78762827722883,174.85420419705144,11.748963781047468,7.272013278852435,Biceps Curl
177.57233257197112,173.47919431704028,173.65609481573352,144.69188487251498,166.77399889529667,175.27903166724744,1.6335333860757784,17.71968119857549,Biceps Curl
177.37199415367178,173.1960414657209,178.68572820895258,109.95282697134252,169.89952687564653,129.75666747789597,11.086039436624391,18.874629071915017,Biceps Curl
176.3535656956271,173.2603692339742,177.67028882450276,72.18171330773167,176.07340176946602,136.9783096381529,14.957547549213633,3.362700615014772,Biceps Curl
175.62464792338187,173.36220719220233,179.74494624246188,72.88919445411312,178.8254561970457,161.48585540767755,14.287649912255045,8.424324350243365,Biceps Curl
176.87789121152045,174.38098447129124,178.19554572324355,107.9295093286224,169.18356843030813,115.88578845261004,14.377790501987782,20.074432903872744,Biceps Curl
176.2257851734458,173.11895364135842,178.19982318894466,130.42913326801735,174.42943361655355,177.40795999336996,3.0315697653391735,31.745804623089768,Biceps Curl
171.75250883524848,178.7735721383965,175.1353141405997,161.81378302932518,166.3556231046976,177.8605917482744,2.310509230186855,14.16200679182203,Biceps Curl
167.2360327977675,178.43196612687706,172.89497264015864,164.0530952776955,176.2043879804118,178.9993153588007,9.940331017291014,6.847852578197081,Biceps Curl
175.6768263358345,160.8032909136719,171.73710440879344,142.99597968889748,167.3496701274705,160.35567814032984,4.951237829423514,38.66402481440102,Biceps Curl
178.82110272107204,172.521778439617,177.9534707845893,100.69613687842951,179.7058861390314,117.19891508922186,13.120434963109751,25.46231707172657,Biceps Curl
172.0760347206056,173.49835955664796,176.8525011706246,60.39160863561282,176.05151907345564,172.1575469034274,7.537458911335632,0.6355239765825396,Biceps Curl
174.98484650706368,170.99341638127433,178.30240065133887,71.02120345902199,179.91948147377954,161.19393645167753,17.46712602435636,0.1290613492843235,Biceps Curl
178.20944129950652,172.88651659233412,179.42561140649727,101.49183972881032,178.10379311660807,103.02272390889482,11.69213418539264,13.537161185213424,Biceps Curl
173.28841629228532,174.26654769480763,174.6523761385915,124.4655504131902,174.06364142109496,141.15183028267,3.668764681254164,15.672599941657172,Biceps Curl
174.82412968578325,175.71943230298535,176.89289213870717,154.44829824204314,172.04709689514434,160.13598056891837,1.5718969008469823,28.577549895604257,Biceps Curl
171.4852819468987,174.37747891266966,173.48406621608734,166.72835107242037,170.3337020502047,176.21445176827865,6.155594740295749,6.78404876825755,Biceps Curl
175.96582629355913,170.5778213659043,179.11450198976817,142.9056308898383,174.8396793543165,167.28607083238143,2.2267828994601127,35.04824977688601,Biceps Curl
176.5545211364133,175.1093259913435,177.55681068587992,99.536868566828,167.89527237311358,98.45588166027514,14.48506514471831,16.604358908286027,Biceps Curl
172.94490836291908,173.4481081550627,178.37207871497813,59.71821470821218,176.20585213523103,169.0663756177382,11.368183264924795,0.148776807515708,Biceps Curl
172.44238805302237,172.2782036570998,179.9889184152936,56.84917536222912,176.36583815962604,177.21425762437102,8.40749752959313,2.386066705365004,Biceps Curl
178.14569806304195,172.0265435125538,175.67467390651066,92.42626827620916,179.33123307152206,96.92276844660148,12.410754763056296,27.829972103276088,Biceps Curl
175.78799697507546,175.44149022391795,178.44696427700794,127.80213342716226,178.88675321993935,167.4293538416664,8.73387013524337,26.374916000654864,Biceps Curl
174.33138971541536,176.72063455229502,178.6666962127618,151.35109748383812,173.61247856877006,159.23079618270336,2.194610028211508,29.389536184040864,Biceps Curl
163.35611979304184,174.19036730369285,167.8114981567864,166.4493269327572,173.3088398663879,177.73622491554005,9.13121687659988,6.676431093329066,Biceps Curl
179.47591070749468,172.49511552139302,178.15692076084574,145.20827561323074,174.3304404093141,158.64304455733367,4.131765050229843,38.29692679381722,Biceps Curl
179.1765600610549,172.31428670226143,179.7270798625252,107.35144180110068,178.72017742612718,147.4897584846693,13.312364660378538,33.26905841353379,Biceps Curl
179.49318302346404,171.83044962396542,177.4465402726365,74.67395655184822,173.36883904532195,156.64575245637386,20.247321015722555,1.1694513154755375,Biceps Curl
178.67649691294167,170.66776285216753,176.99811814242716,57.2093486358601,177.41344856405232,171.05761271389588,12.920668322357924,5.143489080023523,Biceps Curl
178.54837122212976,173.10631776672398,176.86072806188025,81.64873781372249,177.4981482405521,79.47731113134398,18.04700688259655,31.924339664747333,Biceps Curl
177.0198627843191,170.69133240737634,177.5037334580014,127.69363822867032,175.41924491339276,177.99612286050666,12.398886794744104,37.85334444700587,Biceps Curl
179.2629767329784,171.653557822518,177.82999993647437,146.5275836596,172.5519334378487,161.56456467852263,1.539262338082023,28.7235891138685,Biceps Curl
169.90166349791554,176.33837983594458,172.715306766249,165.4917602601946,170.1157689823573,177.67884819019332,7.337145535877101,10.051059167553795,Biceps Curl
174.5787842708047,173.63671252513376,177.55978018517996,159.5595979427502,175.2265494976286,175.03156838028124,3.1937585080907267,14.528000602537032,Biceps Curl
175.22460568352736,173.1910226038204,178.2862671326077,130.37851348959305,179.66248638281888,171.70968965623968,8.910229420528916,37.19995981575423,Biceps Curl
178.91537038875526,172.99587320347115,176.7046763225272,95.22116854375506,176.80258285158644,90.58629143748368,17.693689844501147,18.305064712780883,Biceps Curl
175.24235832244858,173.6556466509735,175.75602373368443,65.12880502779434,178.18611640858816,178.88307773677442,20.24051095854845,5.475946937073051,Biceps Curl
176.13809703145623,173.3063624859268,178.64649489595826,62.96306798672273,179.94723440084803,163.2670007144721,21.447084351605472,8.051673685866408,Biceps Curl
178.0525832685046,174.1954789599308,179.58293165872496,89.06733961968642,173.61918840720529,88.58731262203389,15.167248206639384,13.34276830586164,Biceps Curl
173.4122088564587,175.43895485355162,178.15483845324766,120.8998894104549,178.16037134494627,131.16784451551246,7.542486396785516,15.979331827207478,Biceps Curl
176.06923408655302,172.43170072846743,177.50186117392948,150.54817218898478,171.88565979763146,176.9904164527582,1.3537068138779795,20.397692513916567,Biceps Curl
171.78415513448232,179.60559455829636,179.34236914058582,161.99819834875044,175.99347510233528,178.56592439276034,6.568173029747843,8.285659706232133,Biceps Curl
176.09978301427395,175.17473538955028,179.08233464926587,149.4581151482416,170.65797873349226,171.38028764257336,0.5638874676516403,17.049392756020936,Biceps Curl
176.19596050348838,177.64875522210613,178.07241185042926,112.52920330844977,179.00866351079006,142.75582908193334,11.077717338536909,26.693211661299852,Biceps Curl
178.61137849242286,174.39685778788558,176.4809359794553,82.3857406506545,179.3390579436949,152.581516772922,19.85915893709642,0.8246296518680996,Biceps Curl
171.27613964964178,174.44662504618532,179.40519255804458,59.207074279495686,178.907029740367,162.23363969675054,12.858089731702472,0.3166557916252112,Biceps Curl
176.43739209935003,173.2317853491698,179.85427648939344,72.84937985173008,178.51594211927443,165.8328757495133,16.98434624959376,0.682264324618992,Biceps Curl
175.0074647532882,178.17667425858835,179.3256413581,110.01437987256963,177.88735566243162,130.9206483340096,10.30599399313908,19.669791439496716,Biceps Curl
172.71768522144043,176.05031442621274,177.8915628035588,144.76448181466225,174.44184736668157,173.4398020602475,2.3611614000140024,28.38747605038184,Biceps Curl
169.22602833355998,176.5279123252568,171.82193212478165,166.79756160543369,170.0769127005637,179.0697928613409,6.928463005202464,7.496839823496368,Biceps Curl
175.28026724194405,174.54650950936164,177.3986236232863,159.57782524429112,175.53660597025188,179.44122423014468,0.5930098631679145,15.587062137686155,Biceps Curl
175.91235430488462,175.12287618740248,177.7805874143198,122.50971477202684,177.84980499778064,134.27933939621474,6.129816162556646,15.374713960554214,Biceps Curl
178.22356997678307,175.1324725333933,177.43439145583883,86.6938372247221,179.25223112469706,98.18020725972278,17.54381232404467,14.77423807038705,Biceps Curl
171.37805622984624,173.8611100711257,179.1252538673488,52.417551374650834,174.02947029722063,158.52080534455573,8.803434950352655,1.1469113218190354,Biceps Curl
174.045649242135,173.6950680504811,179.7870161985533,71.4228455459201,179.08716288393444,163.20512713510104,15.269800223615489,4.00250997028411,Biceps Curl
176.37806269068463,174.22408860589576,179.87403758408246,103.45809994661116,166.2719941098468,125.64909155601232,11.441268805082258,20.15830793863112,Biceps Curl
178.527147908458,170.67879918515453,177.86345898322406,130.46002237482065,176.7701861348751,159.4729200706673,3.663403316302979,19.672173500364483,Biceps Curl
174.99571069259795,175.127517095682,177.058203065641,164.386284086546,169.22885037995064,175.32528153491324,1.8675113896755835,15.101974612213173,Biceps Curl
170.47251154021504,179.76027889624734,177.57101021093223,163.4595229842478,174.72412850489383,176.06749387974634,1.9452984617031095,12.234459139788738,Biceps Curl
172.8641474793736,176.5561234525021,173.8342307213833,121.36621414504536,177.71841554684298,127.1331492639319,5.189965671625668,8.450794447538527,Biceps Curl
175.79017800555766,172.60411744026032,177.82368855811882,87.4592195836477,173.00871518696712,83.4439850699461,17.167583320745834,4.283083527450838,Biceps Curl
173.02983403612447,172.41467837883798,179.6352558573315,54.074172238947625,179.43998877302687,162.29958390244553,8.743117566527193,4.209899524633488,Biceps Curl
177.93934232936363,173.6977204456421,174.74276872891394,69.75260851173512,176.63318243204117,171.20158595344597,18.484885654443143,3.6887660293284097,Biceps Curl
179.44286032240774,173.49740612859148,178.48894841179995,106.6090938725262,172.11594460095807,135.51150358721074,9.834985198982018,24.922562778895532,Biceps Curl
175.37253230700452,169.7812433635707,175.27194303238198,144.60403298319608,177.93738675969377,150.65950323916744,3.640828822597157,36.736522231341795,Biceps Curl
178.64162233727822,173.73641826455125,179.5538068429382,169.17890415161165,178.2555691971137,157.52329086722867,5.032543747498322,5.304570192636203,Biceps Curl
175.1376574474035,168.43518644097762,177.6310328161607,143.8068452438637,172.81879710241097,150.9451175013985,5.3667865203509955,14.105355573164164,Biceps Curl
178.6579402390056,172.13286802486303,177.23987695582954,105.343682370366,177.5072764474188,111.62432705154696,19.090179220731947,22.125907702354343,Biceps Curl
179.6382005382964,175.80651836562856,175.54178841634462,54.35211399373611,176.38573307783804,106.43274831808183,15.959873276167071,1.5198312388677866,Biceps Curl
178.75835182888764,174.06320835293985,171.74010267407226,74.48732610583122,175.83579053910552,61.90783911425251,19.108321870487853,6.5865393135323655,Biceps Curl
179.80906890327614,173.86475474111825,179.08694688999694,113.28029989953008,178.72782225953048,125.31153804708477,17.529798708992846,24.84530252051228,Biceps Curl
177.58797714674154,171.92065640083368,173.0468629994056,140.92490760118665,165.90400981222402,146.07436067376952,3.974225498116016,44.620823709374655,Biceps Curl
177.25926470524993,174.59009986371552,178.95491970066664,171.57933958218055,176.38920268100946,172.43657596043084,1.8756223241543617,1.0237273124712074,Biceps Curl
178.5184772785346,175.7918656167865,175.62634851391968,163.70304472279588,176.04054879061948,178.40729698307297,3.795553140142533,13.053835366750029,Biceps Curl
176.5929820598393,178.71705774458283,178.87885082410983,111.16373516830568,169.42693073714196,127.22546255289936,11.242862474442292,18.5301054381353,Biceps Curl
179.95657540922912,175.1667055553468,175.18864642858978,77.41920489998338,178.63599751436817,164.9269112207344,25.01804125399102,5.102760376414497,Biceps Curl
176.73781325752543,174.3087975153584,179.34807873377454,61.352705306249995,179.7853051313284,170.57709239140308,20.34807818306488,3.715063951848536,Biceps Curl
179.7069873245818,172.92654422404922,178.5533026732762,94.66353974863092,169.75162622715453,89.55461690023189,17.39440368948313,21.228695942902437,Biceps Curl
175.8064348468015,171.5771143971902,177.41148434959626,128.49764852423144,179.11477224679095,145.89548288606713,6.278338047391521,21.432729332340337,Biceps Curl
174.4157444630167,178.0387286843221,176.87055383296698,164.19575630339455,178.68484776386626,175.31634717712927,0.16331164335444934,16.933772081656603,Biceps Curl
171.48295642818064,178.56895511870923,176.7663068309184,165.08777697289634,175.3380622050433,177.77694070778224,7.444303286670543,6.992745373424866,Biceps Curl
178.49041618502136,166.07589365363395,172.64231284032823,140.60759863843228,167.12250515838275,178.93582998354327,7.376928949748311,28.450420942262102,Biceps Curl
179.76789588011655,174.62909025495736,176.802635559454,102.8406370403591,164.2381782955109,98.07550207852152,20.799268233870585,19.34220378159102,Biceps Curl
173.6909404025295,175.24301510052493,178.54066067281602,56.31467784341852,179.76091031157205,178.6749720939744,13.604127709930264,1.6881201565891704,Biceps Curl
179.55469877213204,174.36261028717732,177.5282350933173,69.8071292609776,174.1278001845468,177.03605478873686,20.29390335531161,1.1274558732376294,Biceps Curl
176.23070036424284,178.36485438158522,179.04916477997574,111.07568149337068,177.96038475816877,117.7662481536629,17.852959988749507,20.7377763280996,Biceps Curl
177.40597060880307,174.47413613893156,179.48336872266262,143.01762034475342,177.195198888316,165.1770515294208,2.970032924977251,32.78596961977311,Biceps Curl
174.30973217149628,179.11194688002095,176.11256909636825,167.3790985763184,175.59181468752914,173.28074760555307,7.189353818646465,3.163229103923392,Biceps Curl
177.21487760555684,172.8037975689351,176.36678839111462,147.4045952232964,175.91736335022642,158.05286309223328,0.37365005774394466,27.58443657642429,Biceps Curl
178.8527951812459,175.5761527981575,179.8833178696521,111.96344909877205,168.25156792492675,114.97845585581103,20.59924469151969,20.50747325331401,Biceps Curl
179.27102261068842,172.65110634656153,176.88648019365078,62.59429682141287,175.12253796944557,151.558544242818,21.829681844906577,3.704588893487513,Biceps Curl
179.8723130135632,173.79717717668507,179.845115280521,74.42160295148388,175.26064833402705,159.74087268820568,22.05831123306956,2.345143898251337,Biceps Curl
177.25811558476053,172.61689970424578,177.74608203427687,118.090651314748,175.61488913584466,131.62892341135048,18.63576387347263,24.07519890158816,Biceps Curl
178.5652106025043,171.28136873916736,179.14713983279853,146.38716756234945,178.02388736904678,156.15510767093238,4.371701256978415,37.29078633137106,Biceps Curl
170.3688544704826,177.18190164159898,177.29864966355612,164.52845743401195,178.4534291364612,174.47061202111578,8.230908202412675,3.803518581633388,Biceps Curl
178.69514604184496,172.28417445695345,179.99834252781412,151.4086512703681,174.33703866336663,155.71068425279734,0.5589964070508642,27.236577666320045,Biceps Curl
178.49287245755835,173.56343445049427,179.9292842142646,115.72202674788768,168.12538192163493,132.74507572869254,19.031457580851377,23.19332001856951,Biceps Curl
178.7100807179701,171.1543397559912,179.2983873756816,74.29040278742548,176.06036380835067,153.42696837800688,23.041110011810357,2.097222460709686,Biceps Curl
176.78686286467,173.92839281505587,176.02952251129378,61.748053595588914,179.18857130144727,178.93625652611084,19.664665320019495,3.831966522797293,Biceps Curl
177.88311043062026,174.4832385033816,179.60404195194576,102.98141479122997,168.13099696729847,106.63777912981668,19.975236235618045,10.00069704548726,Biceps Curl
177.24827974878554,173.63908780782936,177.98231803396865,129.13852049977757,174.00070700296442,161.9841096193644,2.9330678706244524,19.61426932354452,Biceps Curl
176.04050264961236,173.96034862125518,178.2372286476932,165.7765818209234,178.30664537873284,179.63108139890053,1.276772443520685,11.969307266613294,Biceps Curl
177.24324115623216,171.89279370734658,177.6991196178024,168.11429758112286,179.91843920425362,173.10092709268216,1.2590817792244242,17.378187504995783,Biceps Curl
176.13250106612554,174.25053553251698,175.8154186693444,129.45544920400152,174.2500497875253,164.08262860858045,3.7567421536472665,22.109524052415704,Biceps Curl
178.43506974573128,173.1415755011095,178.6749035237508,100.98975486496,168.04755173799393,98.01180694344386,20.31661792330064,20.99245907132267,Biceps Curl
175.65614834456414,172.3867537863011,176.60567722794158,55.88054955558711,178.58511743892052,179.52611140827165,19.45592537620119,5.051905512441714,Biceps Curl
179.916693903861,174.0567805541281,174.15313201024605,77.56920188825751,175.03251952253822,165.3671766314022,21.903193557131875,1.3954258477898305,Biceps Curl
175.68835620063206,173.16457276652093,173.7407205563306,114.73077997735018,177.0942236668836,137.84155881608783,4.878137866345897,13.165941994719546,Biceps Curl
178.50383139755996,174.9572245751136,175.90996333401355,155.60009376192258,176.1469321343913,179.56588132695322,2.996126278192321,15.387259841487328,Biceps Curl
171.32274676928537,176.95669715893163,175.58369440811708,170.17096060408502,174.23057035802674,173.2689390661456,3.5744307127678554,7.4302618425258276,Biceps Curl
177.23518629128344,166.2411924290773,168.58565081715085,138.39210415271165,159.60085122391595,174.3365424521027,3.721569460435739,27.44466889511859,Biceps Curl
178.6570384339657,172.99407341126786,175.75326782343691,95.19301740383828,167.2862346085377,94.14826288128005,23.156462287746805,16.581918193385537,Biceps Curl
179.50460433248807,173.62482373545765,175.73915879700667,55.05714700003211,171.03372166704952,111.27266187729444,18.802101822558015,4.589884608882291,Biceps Curl
176.83505864918175,172.17512994512185,175.1173545358086,88.48309897509661,171.29305319020148,79.034690132022,23.88857714902176,21.93094294014455,Biceps Curl
179.74444619912975,171.8097752188349,174.52328446964978,134.5093467200198,179.52291186120468,158.41115200963267,14.036485956649082,25.39587069334647,Biceps Curl
177.06384900210432,175.10977681264094,179.83429399824394,170.13195001432217,175.5335397520013,173.9608726805104,3.3649759044056435,1.435353948403617,Biceps Curl
176.8647159685208,172.57576782499444,179.41998319974306,165.0594686835231,178.71540092386263,179.13232965694425,5.650681404789703,0.20612203337825108,Biceps Curl
178.68176445525836,173.72926764347952,177.01158440413772,126.3412111615704,168.79522422677562,127.0739602275244,22.415278122093873,17.893886390219713,Biceps Curl
177.43973625509503,175.2886355731621,173.8707733558248,71.1682323704102,172.7069935225519,57.89507508825036,25.907534611440784,14.939993322542248,Biceps Curl
176.1048998268926,174.19047676197036,176.74143482600672,74.94023871206427,171.17875233710936,67.70990076653744,21.711201310931727,15.987880325605111,Biceps Curl
177.64953516368533,173.44623346780733,179.06037672384755,118.72041013925488,172.96232858784128,132.68443349079882,21.94310298451055,28.036917779758777,Biceps Curl
174.5766875554109,169.55673082029352,176.2434694044636,146.2604825220659,176.08680467083047,149.6302722132347,8.104484369461693,41.87311762967759,Biceps Curl
179.31742543338154,173.83789438759277,176.71189635372522,167.7898681959997,177.44615291810413,176.61114976940215,7.179627433164028,5.545817135856691,Biceps Curl
178.50162610470423,173.93050685150465,177.16058152715928,163.92708086290918,178.93099449927817,159.0657157589113,0.6701470317072856,29.135616062645173,Biceps Curl
178.50324933755536,175.54656336770387,176.06103865434474,113.04491742405465,176.34604337328014,117.23783043743086,20.782102422683337,17.817165864870727,Biceps Curl
176.88584845784024,170.68959564480454,179.96767630646775,76.5411919674005,177.83001045748048,90.969728095648,28.817819516311964,17.365043267066973,Biceps Curl
177.79299188272637,173.22875725301813,179.41919925158214,70.83824498725993,179.52022313683264,168.74319037601,23.800794226197212,2.9515819657578466,Biceps Curl
179.85829449339357,173.17882407002372,179.4533096157628,108.30412381478342,166.03194298976214,103.58990049595631,24.613265583059466,18.394796422210273,Biceps Curl
177.15048616148258,171.48415336599038,174.0510387906867,146.0638748874964,171.21056297622405,164.5792971967256,11.449798634595648,23.05569371070373,Biceps Curl
177.43631952394483,173.3520744964799,177.2076454007391,171.29395558283426,177.9364641194,179.83154762719752,0.7406607783899649,10.890409720376471,Biceps Curl
171.3278417759141,178.29592413239328,177.6743222248045,169.4783085324156,176.54893143591707,179.79363077771634,4.849751042158544,6.991058342821094,Biceps Curl
175.23701894225331,176.70107258385627,179.607604133195,124.18508970685022,173.11693946427505,154.3214983614373,8.379130772313873,22.982370852395068,Biceps Curl
179.53154678555404,175.09881155411355,179.24913021806896,82.32504743291275,177.51390186849352,79.21710320978585,17.219436903919743,20.571523387292903,Biceps Curl
177.12520611051045,171.66736067718216,179.07469177568032,58.06519632501874,175.25733180001208,168.18010624294456,19.079358263760653,1.1152886879781252,Biceps Curl
178.01109231664833,175.3863538858312,176.42375526458787,81.99803642562946,169.29452954389097,77.44370455087169,14.819079559868108,16.327051765055593,Biceps Curl
179.504676648026,172.9823723675414,179.68092117820953,123.68936187660536,176.7405602720351,161.87616095942107,11.49143950733973,25.107060676872983,Biceps Curl
179.55378012547374,174.52591140116067,176.03724743334698,164.8556539398442,176.03324988835482,173.33762417730162,6.672424593467545,16.789218814840094,Biceps Curl
170.27977345076428,179.9574389182646,174.9744940137006,166.8664646539439,177.02005250494204,177.15398565164207,8.531981424890237,5.237550792542116,Biceps Curl
177.8394120305259,170.93474237490534,179.076852788088,143.5328845468244,177.37404893671564,162.17743327212085,0.4579774022737446,12.46818184883508,Biceps Curl
177.94698130225103,173.49646458485188,179.10537996606578,111.54913100494063,170.50443216474875,115.26911162224928,20.243500961504704,15.5438274549888,Biceps Curl
177.41443198008523,170.5880204417849,177.6340393183744,71.17391704212817,171.86603498771407,84.9068165345465,20.53553285501413,9.981044201780186,Biceps Curl
178.39983533738743,175.46863177224142,179.05356470826038,66.22706455388365,178.4322918364137,148.56163465013503,23.081683924955865,4.895014387664635,Biceps Curl
178.68862723831256,173.50962956654985,179.7635233019506,100.08565082340075,166.148838471067,106.1483947941033,18.07676030988529,13.133576401318882,Biceps Curl
176.9429757844167,171.87621180463967,178.65450041283265,136.2098443265327,176.70426588881017,170.51449277572536,8.161193645902857,33.981046879826216,Biceps Curl
179.32212290233744,174.5132619700714,176.48974560801804,165.4170701526944,176.57270420738237,178.7372169629883,5.741683259249099,16.64906600650807,Biceps Curl
168.15994272617462,178.3444779577069,175.44136651279024,166.19397349092714,177.94699414693173,177.79251176753542,9.55037059547326,9.732266255747456,Biceps Curl
175.7979159245362,171.85331457048102,174.39946690528433,135.22133762102865,175.75053366498148,165.7588823761619,5.6969976165911325,16.397083523426545,Biceps Curl
178.70643694045208,174.8826582590302,177.9629716643818,91.8449279496028,169.038215607214,90.6429460565747,16.292803641016974,17.031661866450523,Biceps Curl
179.5295877416495,172.40523091409514,175.31775680571124,57.91084667997568,176.90997129021892,83.79200728106211,16.77053700480147,0.5650553730150247,Biceps Curl
176.990331256614,172.78926837998463,176.06460089827476,83.30370380940323,173.48509333114842,77.4236104310828,18.586414554323984,16.762398771724015,Biceps Curl
179.36109911520944,172.8012871836687,176.3620027169682,130.2295711845412,176.24171490936027,134.93995074439962,19.501679086091805,21.716489628153337,Biceps Curl
176.9900736971927,170.56119391776772,177.62664627787572,148.78206481784352,174.1198589528351,170.28401639605204,2.4472761264319645,18.15124573876305,Biceps Curl
178.58186182170752,174.3996958683823,178.1303820989589,179.35504949911294,179.04731822914815,172.24273638161662,0.04559221864493866,0.43529000227645026,Biceps Curl
178.5137662789167,171.6772065263059,178.12606100335165,153.01087448032308,178.90532745265827,171.5552386034062,2.6381240817287805,9.079122220917863,Biceps Curl
179.5891730010268,173.265630977307,179.58794974461352,115.78230957448602,174.42619266889852,133.14869591510575,17.40482516271342,22.751295477836628,Biceps Curl
179.41830649653727,175.43992247373808,174.39469771052356,75.31704688756416,178.70739387270228,58.90890098065262,19.55180582957524,11.211529770840484,Biceps Curl
177.6865954640684,170.95700409758,173.79434833171803,63.92211580425016,179.32661154510592,138.68953390888646,12.304754987810416,0.04845179300700326,Biceps Curl
178.83392497101212,174.25055413619043,176.68275146393623,103.87997209464336,161.96239759622406,112.8869761588712,17.109677237399488,20.015535712953753,Biceps Curl
176.77522413815626,171.60712653759174,172.17692053392676,149.2367143344065,170.16663547569462,171.2528381445489,11.44334992552435,28.668960995518752,Biceps Curl
171.26725447893358,176.98056011502797,177.33137435307404,171.05743232053285,175.35749192987484,172.47530011411214,4.387653767860568,12.418625456644332,Biceps Curl
174.44147806521576,176.86836751787848,179.57937204814826,170.13831247188872,179.02901074312894,175.70522511630003,2.742859388460585,7.484628307887258,Biceps Curl
175.03935902035997,175.01854637381714,176.91459547319562,122.0689932732333,176.9851517778458,133.365448076128,8.371000347986064,12.05287461935971,Biceps Curl
173.84688384241508,170.19243865209606,176.36267111210674,85.35932657760114,172.02313205073284,80.23001862631477,14.909580537819362,13.97878262634521,Biceps Curl
175.36933044538912,173.13339907362638,177.9281069806359,60.75476180808595,177.8095703313392,158.84293057291367,16.400755516802448,2.317864726274901,Biceps Curl
177.49247761520377,172.63101437625838,179.21268680409133,92.01629455564486,167.90120795566128,85.19672092175284,16.308725755262465,12.46733272945874,Biceps Curl
175.54953806771718,174.20839932034602,175.5056912907303,134.4212158275248,178.77081914159885,151.67869588350064,11.370510630500933,19.736780325400307,Biceps Curl
178.33612721146056,174.76860161894996,177.51482811260743,173.40132977592123,177.03380937474552,174.54429261510865,6.135471891968958,13.141190854092054,Biceps Curl
170.70847339219483,179.48588992218774,177.59526543782735,169.60868761984878,175.06187221767465,173.5623374693328,5.697806972043199,6.902243931071919,Biceps Curl
175.51686112817268,172.99038551045442,176.50403122401377,129.28994919440456,176.64922218301876,158.71858961117024,2.497930694723781,20.369049991625257,Biceps Curl
179.7825330733519,172.71042696116515,179.33368175538456,98.40164512406952,172.24408646867974,97.07235470420298,20.467626241866743,23.14189432570878,Biceps Curl
175.70158883206747,172.71736362949088,177.5993980201857,60.62235374452172,178.9246347179206,148.40458511141742,14.981057127113989,9.9092453519162,Biceps Curl
178.60513634372944,172.85191661211684,178.09631021130878,77.16582658427205,174.322019459783,67.8930114080537,12.119819880813838,19.21170290633981,Biceps Curl
177.26029821592635,173.39832446157985,177.39829152278355,122.26917002121166,174.8209003304792,139.47319234218145,17.57560816458887,23.405740503465285,Biceps Curl
175.54241875586948,170.22990377204582,167.07223450309985,145.7335996120478,162.66541605254673,165.64186631220502,2.0078706813214673,15.776169580068762,Biceps Curl
171.430965519795,178.41865036598443,173.0901271818217,168.42207151399688,174.77958488959263,173.22351373846007,10.67590649041225,9.669081587274208,Biceps Curl
178.83200085722615,173.35526685973073,177.4384941651348,154.01164743317662,179.296414222524,179.8932784220511,1.7360752803663102,15.979565816195922,Biceps Curl
178.63220925718798,175.45576955572545,179.58349773123078,114.33148512129728,172.02391709844312,118.56323444475676,18.71066608701123,13.77862927349234,Biceps Curl
176.9155300520734,173.8994201697328,173.07288286787318,68.40552424716277,179.91163496280612,79.87890355308522,16.49472963767484,4.722166636206914,Biceps Curl
177.88508836148185,171.81898398835648,170.8782162965344,75.80189421933024,177.53874426035912,67.33691037868375,19.978494455379952,12.296917519919722,Biceps Curl
179.79431873444938,174.33839164761335,177.78599311976862,121.6743320140272,176.6043598255608,139.96178483482444,17.64777318294752,24.354940757983854,Biceps Curl
178.05004797790997,173.59001999246792,176.01108346563004,149.2034975387451,179.38450202921857,170.00575543885714,2.920645838001749,17.926231925080295,Biceps Curl
170.27853826132275,179.92033107928842,169.82042581374378,179.09911560089313,173.80498529583232,174.12686718192674,3.510727158426861,0.7829903604694557,Biceps Curl
179.58762812773764,172.45499227854003,176.3399922282921,153.6272128347902,170.84016146025493,171.37084001917816,5.431236073303486,15.281259485766048,Biceps Curl
178.79290973449852,174.56036110687063,177.28114487804908,116.17304582076784,173.71452530953482,122.42732172580068,23.203624332379007,21.50732716997238,Biceps Curl
179.4309573743352,171.93315236532644,177.66743904772466,64.59294115941631,174.65389274275563,121.94808563156278,15.658529190722918,1.7867343783376686,Biceps Curl
179.83048855921703,174.2237295793782,177.4803490240659,74.78431762846462,172.64383380281924,69.11980905471792,12.296035606373534,12.40846543292325,Biceps Curl
177.4809905680575,173.2191942842578,173.17205977628828,129.48276885682273,172.30880281210858,144.00342378759328,20.732805678982423,26.8465111462054,Biceps Curl
176.20184028546052,170.7579374261078,167.8709902013853,149.62045532281962,156.4128055035048,164.45479068047092,5.407944827727608,17.936244988243452,Biceps Curl
178.83047590721102,176.14134156847072,177.96506737381182,173.9080188481225,177.816514497018,172.5427911204672,4.5750205310028385,3.074363285131969,Biceps Curl
176.75512349196572,172.1901747227132,162.9539167646233,142.506581995251,155.27395803854068,164.89323604490662,2.796410218412641,31.02947647795957,Biceps Curl
176.71077466140522,171.80593798638037,178.48995598843328,111.44574242527472,163.228792282896,106.93348100685888,27.831807622267945,13.555457556976174,Biceps Curl
178.99316135610314,173.59110187043427,173.21732491043252,59.419943672721374,175.12578583588254,105.12661803206026,17.42378917098352,3.891730556883175,Biceps Curl
176.24806754277182,172.91058145322,179.3583301015673,96.70247559839436,175.77291682584527,93.20332890490288,22.019024071749232,18.832092666504117,Biceps Curl
178.91445854497303,170.40929029194402,176.31414477740327,136.69678658062188,177.88252657714483,160.7313033814739,14.675427359421596,28.85386882946907,Biceps Curl
174.71713615626524,171.145832232754,166.60372079176096,160.53778658694142,158.07342008321112,161.96921869181807,5.158768109275855,10.741395472175263,Biceps Curl
176.73354897314832,174.0915219145078,178.53714045438275,173.1902201360347,175.3757795482362,176.1237388958755,4.934048379325432,6.099822305706683,Biceps Curl
179.91956954970905,172.76072430928988,178.5957882056829,128.80985243071362,175.57315384157482,178.5517867239954,6.24278628027846,29.085412048960553,Biceps Curl
178.17803521951566,174.1406962911194,177.13917584329212,95.01197260132646,167.90597035734524,96.18372302572816,27.9853480812968,26.78260384228206,Biceps Curl
177.86538350561318,171.23705490949376,178.85392935600473,60.123261600629334,174.0946033416351,153.36562391150812,17.988195391115585,0.15258938368473715,Biceps Curl
175.99097418676683,173.64469982333975,179.28021281474236,103.79321801304177,164.9254888117846,105.78264438817412,24.648301842859706,19.73954692403232,Biceps Curl
179.21714717046586,172.57109147017877,178.7458844782285,141.89748070192138,177.65100004724383,168.31703242487137,11.18909173738072,32.416922304955754,Biceps Curl
179.23103676137617,175.49109255854228,178.2646451150822,163.7227133448905,176.95802215696148,175.97136255427085,5.465014711655428,5.510615582955499,Biceps Curl
176.44179891298995,173.83905715541115,174.48068527010906,157.62513578830848,179.57434338043117,169.7128724319414,4.677894812165498,6.1886135578243895,Biceps Curl
179.32488388616153,173.78772449804146,176.3348280033564,123.19749994770105,179.41131889930327,137.28612950734214,20.73237110215329,22.865679267889384,Biceps Curl
177.74436914547442,175.16202927402938,179.1698517838541,77.66644825603566,174.24874353408,65.19978937187285,28.13614961150568,18.065503703080367,Biceps Curl
175.63338066897649,172.6791506956925,175.93260290451283,70.27978996975945,177.00662796983318,58.50270170646266,22.730564474902717,13.474173235680183,Biceps Curl
178.33198965390224,172.45792052464054,179.21657608251303,124.56341734393196,167.63611676345616,134.0788080445556,27.969458294408692,33.526787414364506,Biceps Curl
178.2376681341879,171.24026442508466,176.90232103747618,149.28113969036727,173.7432864117859,163.48297998136414,10.882455975004987,31.365814633180214,Biceps Curl
176.23339378782777,176.2997858244036,175.30999586426285,171.57893840206128,178.20638877375575,163.5789272336154,7.78943826716806,0.5681340168653908,Biceps Curl
175.26832050548535,171.4949684089712,165.77705740758066,141.90531859892016,159.09431557880265,172.1775948287941,4.184096428223873,33.580062403377426,Biceps Curl
177.2612555384584,172.4811018736937,177.37661761137574,115.95309988238792,165.16488413931063,109.8817538245982,33.15180902749314,16.460310627290113,Biceps Curl
173.94557689283488,169.49086452855823,179.5796459512773,59.54755032326781,175.50385026918752,43.6002012393989,23.385832842654583,12.45220356482632,Biceps Curl
177.56785535229525,174.19346531275403,177.55817531484263,101.2601139264183,168.15116824479708,96.91717930584429,26.03230926406385,22.07462126574405,Biceps Curl
177.9763417503941,168.6010608264768,172.36821074927698,142.66362735440967,179.2576198613757,160.36487982369192,16.38281750820734,42.83660489344948,Biceps Curl
179.67430635375842,172.42881283556548,178.7562229633379,162.96130113676907,178.0902062636495,175.49352147103633,2.892274006700762,3.555545615145051,Biceps Curl
179.30674582842732,173.57035907184903,178.83621959769388,161.9848037027329,179.8010812955955,168.38332715681003,4.563638465015279,3.685222330970352,Biceps Curl
179.21774793186415,174.82680278212496,177.28465801539508,125.3956343993388,178.69970600832644,142.1041956437917,17.82825428015405,20.259442603699945,Biceps Curl
176.6340790650777,173.9101265169237,177.56960545677083,84.92644933268097,170.4969884608478,88.03234593725747,27.950163523417434,30.657821999557473,Biceps Curl
174.82978811790676,172.580160006293,176.29097269887433,66.5853686207876,170.24587338258868,84.46871120797094,20.703911631145623,9.766019798701985,Biceps Curl
177.87778905776497,167.58610949280833,178.39486674449086,118.3694990998553,172.7055245373153,122.82692851883084,26.24795377919579,28.2242055791019,Biceps Curl
179.11079950730917,170.63000952460507,173.8212821372947,142.6368562952354,177.19899870928967,166.3056454645125,10.729227646096993,36.80295555174805,Biceps Curl
175.36051140621086,174.0784597092744,174.08664614637874,168.91867413858066,178.06339538918257,179.5466702640496,2.38384487665228,7.092411008973154,Biceps Curl
179.05199284904083,174.43700735309778,179.36609464592613,167.23356445675188,179.43284299094702,178.84222851783565,4.721352851407862,15.120506558314382,Biceps Curl
178.38200216726875,173.68251797041614,179.00588916709265,118.2944741233174,175.62518074885503,119.95910619356891,24.390419899637894,17.57589789908399,Biceps Curl
177.08491364939252,173.12006374445045,177.77264914541223,66.37253470353131,169.0777774967449,87.66515281636273,21.525909569545316,8.222493932525218,Biceps Curl
177.00281159391068,170.45118922622902,177.19306451781372,112.82803875914564,169.2564925266,115.39648073659166,29.090535484818236,25.819112878520635,Biceps Curl
178.04912730217526,168.9102495740906,175.28923033524725,140.7528299448787,177.63893490806234,177.00078643008206,13.715932620646248,32.58320562020145,Biceps Curl
177.74391874437046,173.98175834449646,175.85196507654115,170.84439583487242,178.0404175943273,151.85641120235428,6.137005152438008,10.07728532885626,Biceps Curl
175.9741855243095,171.6144527008072,179.19398242785894,143.13339334754386,179.35552631394964,171.6064186697936,3.69083333542412,18.102064723140742,Biceps Curl
178.62096052365808,172.37374011177505,179.09297951063192,123.20732419053958,163.5518874720932,120.88625676828784,31.4110558813887,24.86195193993996,Biceps Curl
175.7505333520973,173.28169184946995,175.37903778415213,67.73030971113744,169.08777402489383,90.04291364793943,22.93769925000177,3.2222339066749504,Biceps Curl
175.96077116641138,172.26070561131587,179.03453687923275,100.56724201114592,168.66342011492762,93.8784475336024,29.48447470895007,22.789571247842705,Biceps Curl
177.78383100601792,173.24408787973448,175.87830255314108,139.2692106518154,179.93225229618542,148.0559307534631,21.34660607789819,25.588795845446658,Biceps Curl
177.1222963162076,175.80251552544206,179.00878440498866,158.8409305091098,179.50191739873972,179.17251438378918,1.009559762468356,13.330442920969151,Biceps Curl
172.2284474475025,175.9181032440658,176.113784582856,169.09861481551314,173.48921337191416,179.96680864898696,5.0048349341749505,6.3082009059950295,Biceps Curl
177.20959998886102,172.0176051086815,178.15620033104602,121.3875708959643,176.57559755739794,138.1880306434618,7.044338304190626,13.998888020285325,Biceps Curl
179.97951497944396,170.10500340371,179.74942093056868,84.86696301159051,176.93480359528337,73.05850439381119,21.616866145255795,24.34374193168511,Biceps Curl
179.7859868408403,171.00877304670138,176.6040296806889,80.26136255619055,176.9764902073148,78.61193186198506,19.67093548173926,21.00401224348,Biceps Curl
177.07900280070024,170.24195903959992,176.18801436735612,130.31468651374564,177.55478359431694,143.6261804247541,21.320464989745425,24.077282780550412,Biceps Curl
179.27912195586987,166.5513694318107,177.44479078360416,154.59965036099,176.51256359956415,168.12643749147037,5.317178387163285,14.46457326082646,Biceps Curl
170.61136558615166,174.90487070858688,178.66347075235808,172.83763115835575,179.45370460910075,178.95888623162162,2.355865827601095,8.811593519680446,Biceps Curl
176.97030685592068,169.6332021265604,179.69672294670193,144.5941837595413,178.9552298251582,173.22363571961318,8.00187213008649,30.228558945711704,Biceps Curl
179.9359697978757,169.81562297085964,179.2341324502794,105.0301064147058,170.18288313390963,113.15531906191724,30.40682948264576,19.5364546284641,Biceps Curl
175.9110136027928,168.70828492164392,179.0766767613723,66.98845320904871,178.24775563682832,161.3562430653669,23.666965830188115,1.3747432389909422,Biceps Curl
179.775797154366,168.17754257438395,179.55455914308635,110.77499010630268,171.4030039295872,107.55934155706524,25.845127849051657,19.574383004353972,Biceps Curl
173.8614409398529,171.396995145815,172.4943023727186,144.51888466146593,174.2811101667674,154.95062850048097,11.629050803352667,13.092821516959493,Biceps Curl
174.7793371015303,172.0054740699515,178.3863420309959,174.17375379765048,179.81360492616352,178.89849166976546,0.38575147013538896,8.405421761380426,Biceps Curl
174.25951095196754,172.10352257766317,179.62419035487218,154.69013068879758,177.68964105327532,178.01388810715233,2.382748284265248,13.975196492415124,Biceps Curl
177.11969982250375,170.6027571040722,179.5161430241937,120.0690281566983,172.2078389504179,137.06195457909033,18.385674974788568,20.854174151161576,Biceps Curl
177.86274460356256,168.49354489793134,177.59336307756044,77.95277927069503,172.8924642161616,64.21905674059747,22.315946291364696,13.137807934316411,Biceps Curl
175.25217014890052,170.59058052386771,175.75963230019528,73.01978565685631,177.73802923750512,158.93283510381406,18.271606595539104,0.8966902298886078,Biceps Curl
176.51251957349658,171.97576354892055,179.18222848518582,121.05698362513806,167.72969008508318,127.34373802621926,27.21249011865377,25.841856236553113,Biceps Curl
173.0549095400131,169.84298271549136,175.14908048740952,144.76033872324314,174.0931195691686,166.1748462104773,9.89145122128444,22.575085410272816,Biceps Curl
177.81639036445367,174.18048629279784,179.81843792474925,178.66371392574618,172.880408644035,179.14260849617335,9.00370379153786,13.32415482954474,Biceps Curl
177.53222578525637,169.92467791146,178.810699160261,166.15599878757104,178.5453505834782,154.40581237055386,3.770103915862712,24.00560433970369,Biceps Curl
173.42373455104484,172.47428945082004,176.10399738897834,128.4923240148603,178.35526476609144,150.26525468934616,13.430730544927084,19.77706370457873,Biceps Curl
177.41292502854515,169.68152001607126,178.56449324230812,89.22455150126738,178.74519639429678,86.31036103119486,20.967689212740613,19.691775089403325,Biceps Curl
179.41544742768843,170.89457718479662,177.28464978065642,71.9599197162425,177.9400867385561,167.4625705780762,25.229945213928136,1.5922278974265476,Biceps Curl
176.0551500853062,172.14925222517033,179.99360808024613,121.63195783143917,172.77161383087687,128.27337362246635,25.120489508025283,23.55878047177745,Biceps Curl
175.7290747126218,169.97440623300426,172.80217002536298,151.03018848103468,176.6059711165433,167.23324896639434,12.14227587445254,27.138785777254487,Biceps Curl
178.5428677902255,168.5012658512292,179.86028012299403,166.98897637922366,177.07053964243696,165.75442855989536,2.559756138866041,18.077961050930856,Biceps Curl
177.6261230121413,171.4669039329545,178.15091951369095,154.52648296108055,179.92074050143577,160.86048229099958,3.4146725446890644,25.680056864862788,Biceps Curl
177.1110333300408,171.7303217324068,178.80986552535884,123.7577066994705,172.68664704043118,134.2956787203462,24.93275771084747,21.13445929327727,Biceps Curl
179.83279674318874,171.71557936578725,179.17765877812036,75.08098644258122,177.79283888656022,140.3769105719436,26.14445575842251,5.450358013711697,Biceps Curl
178.90088996204696,169.7261249982648,178.71889102681686,83.51793654863476,179.8227129927682,94.11551426700622,15.847548817594909,13.352137464313174,Biceps Curl
175.46136227407757,170.01524583430964,176.16842322513895,133.57815497789778,179.45577668201418,156.33715731376984,20.949260384777975,25.08982213456807,Biceps Curl
175.34349733897935,169.86657207702774,178.73375049167413,164.9745977528193,179.32752427612616,154.62539740533845,5.173219226295666,25.116089893474584,Biceps Curl
178.85970795390605,169.38258393097547,178.16593639365502,166.6433970586257,176.184551523801,156.85981299743705,0.9281001891117096,21.79387716338295,Biceps Curl
169.88840220099326,153.61048903967406,171.13321951712066,141.0468842222704,168.53370271198287,177.1404788414652,2.5801137166574977,20.483182322003856,Biceps Curl
178.12544750106292,158.5149339843484,178.57665681990517,162.28881039603675,169.69543652944185,161.42277629923933,12.098879991907152,16.104943199716132,Biceps Curl
170.0751175348105,174.788906322763,154.3671337963724,160.38158846984393,120.32402933200346,174.0031455292944,21.083760664023924,14.614044351638452,Biceps Curl
170.44165670250274,170.4941286174527,167.88428482538887,146.08324096036367,174.99763271273127,167.2867936971696,24.318926013885633,16.54956288529218,Biceps Curl
164.4406501134433,143.80429788382654,149.44986378557354,126.46043037271976,155.95710586099304,174.24784608450878,35.96853296354334,19.782361131929346,Biceps Curl
94.83401402715177,81.35844250582056,177.28490531971383,166.55835163402483,112.7465088897425,152.34778205520337,49.27174217505845,19.626746360787248,Biceps Curl
159.12254334564665,173.01823866399707,156.76904515952586,164.44370187603113,161.83546757064929,157.86958559227867,57.98631768137981,16.76393815814116,Biceps Curl
174.37093221286904,136.20566634589963,133.0151302999853,176.19546367103737,115.7679429733377,152.2221541734377,37.72692217659658,13.771588700431767,Biceps Curl
170.08311524410496,111.68584666113316,159.20094018098297,177.47194206054246,135.35265748457817,158.31282534650828,19.419622504220477,14.719802200629928,Biceps Curl
178.47176973986953,174.27075083560666,154.80431587854292,159.47550534599222,143.3053376767341,156.65312231671348,16.007503869865364,13.431273700781434,Biceps Curl
172.44905552150055,178.07718434258717,172.3375684705161,153.907305768034,161.48988069914017,165.385068573148,8.96207761930586,21.376164135397552,Biceps Curl
177.26692225222385,170.05369139644418,154.7788891857511,141.2188411428163,168.27269536928097,168.11992969333693,7.000857133066191,26.01945513612477,Biceps Curl
172.58021746298755,167.72889153039353,177.14943972529977,163.98897222705625,172.89053221522366,171.49426679401586,12.609090003743088,13.542082464138993,Biceps Curl
179.3503213051768,160.9889905109198,176.9241371669975,161.23016494907904,167.78747339612715,168.52144427053722,13.127043711320326,12.7160500287305,Biceps Curl
172.5491587638084,173.30325959072238,179.6273431913796,147.56005393077453,179.58099333304062,137.82488139077495,9.947435473689222,13.224884105672508,Biceps Curl
175.19963288120528,175.690805372491,171.4803749448116,58.65220738344304,165.8001622725869,85.28319753665019,4.798494941819472,21.36645887293277,Biceps Curl
169.66799693817617,177.55751609919724,173.71676978496495,47.62997791019653,168.3157990167706,66.5661825899942,5.084146273542507,18.45828586674682,Biceps Curl
167.96209969913684,172.9483505859456,178.3500044165049,110.56679009764537,172.28788506186137,112.58775084714202,11.932108244041324,14.464623089738945,Biceps Curl
168.49605730747095,179.37344306198014,179.81250723450975,158.8430055090331,178.41049720999814,161.0333595336668,6.872969128522629,20.238181077492687,Biceps Curl
165.7777780482012,179.66899147110573,178.91220921412702,177.54235949431276,173.6212372477437,175.96938563416475,12.070998972060233,15.474612993568412,Biceps Curl
167.48295025931,174.9524611313884,175.5814557712637,113.17592245086588,163.78379033422917,120.76082395247715,10.177699487458478,16.372182399958568,Biceps Curl
170.60400222344805,173.7017627315986,176.75068989399912,55.68447326518829,174.38573684195143,77.09975548883077,0.0619309724011547,25.72758764400563,Biceps Curl
169.17115413346508,174.46121060176782,176.62214057777953,65.01153558360748,168.45175100322126,78.36563829572843,1.5895959798224042,23.172347494858524,Biceps Curl
166.3355626761579,176.74303649964585,177.63705512339425,118.24249344369584,168.96662952458257,118.7628775662007,7.61614859114229,15.223038037751376,Biceps Curl
173.258445942157,174.3437608864702,176.84094971015307,161.151819230736,175.9819070355573,159.14782839325625,7.0409946947213395,20.233864969163665,Biceps Curl
166.41212162620786,178.6217829563007,179.81805912578983,179.95059010919928,175.71990284136763,179.19326558512657,12.517295522057813,15.000287367451694,Biceps Curl
169.3473732956813,175.43344163111723,176.42804876918183,128.87401971013622,173.49284593792848,124.1582854867575,8.99410391094772,14.3595012956146,Biceps Curl
170.3273949987475,174.60854590672514,177.7643396402752,66.6650112761768,172.80796308919952,87.34186330122759,0.1551303788341461,22.501522584398632,Biceps Curl
169.69887818017648,173.49667837911267,179.4306035411821,57.777901873643046,179.79722230010782,73.72888549560624,2.679836915014742,24.521255832377165,Biceps Curl
168.80902384268356,176.3244967173598,175.73059688297604,106.82158026559392,168.67548009578385,115.57528530706745,3.428231343665198,22.443021395199352,Biceps Curl
169.0061409218978,176.13783291363623,177.94735656501032,160.00439173216265,173.09037424409036,149.99407903258955,5.074685239131839,17.10551492759473,Biceps Curl
166.25491515619663,178.52680358054715,178.79535616334363,178.1754255358322,174.56152703348477,176.65815463440867,13.978451220375396,14.170556840473704,Biceps Curl
169.49837769439245,177.05521260937056,174.59778658729002,141.61185568346846,171.29737811490122,135.80902570255662,10.25493928235341,16.572755783622394,Biceps Curl
169.94604300511745,173.56844395275047,178.3643619159859,77.15655071460466,171.2843686681743,98.02683943652208,2.5977231826231955,22.37090948282087,Biceps Curl
170.25016460196986,172.31669849756045,175.76958005899786,49.08790598410403,173.905978449079,54.31431388231595,3.120471777259896,21.50307456386693,Biceps Curl
169.34624211602713,174.20521385121785,177.42326017179502,96.55509572850896,170.4751466994329,110.208345349983,4.16893290539552,22.02312068697479,Biceps Curl
171.25800797933704,173.01992936946996,173.32015021775973,136.5223367265728,167.9566570544252,135.02077233666125,7.749175806296065,18.37183036766173,Biceps Curl
165.71527661586987,179.8300996246938,174.9262970683691,173.10439513747184,178.7760644880214,177.56655458360342,12.996009322239791,15.882795780274984,Biceps Curl
164.9900375442051,175.1689909369138,173.31230371757866,162.5920746496708,177.0304277528688,165.19704534945274,12.331802846443408,13.146200898502304,Biceps Curl
166.6563801813924,175.87132532994193,179.3077400016894,112.92875702609336,172.19071935591927,120.15149748093908,6.039625645034477,17.27158295865912,Biceps Curl
169.28242636103082,173.27911501037377,178.49910113514744,57.9311142541089,173.75890609581148,77.86515434437713,2.691970690444633,22.91102319880379,Biceps Curl
170.42788033443617,173.030517886431,176.8241354972456,64.76470034042984,172.0995783640897,77.4409552688708,4.983728238148692,24.143027365370667,Biceps Curl
164.5706209644836,175.62224761560162,179.1755056274177,115.27647953370256,168.54239893513736,118.08137730583748,5.501139647615016,17.233316206448066,Biceps Curl
167.68927221505206,178.03921689002792,175.776347281151,161.45386782517983,177.42187584967994,160.66538507121945,6.668525137591609,19.139100155233265,Biceps Curl
165.30195178719595,179.14585727901178,175.93369323300894,175.0906903800273,175.9675422564301,172.13200006725896,14.76523421282564,11.735696944745154,Biceps Curl
169.54760141473537,172.38238656145475,175.42166579209626,136.2029525920296,170.04548704164995,135.19841501973528,8.694959342160965,19.059018668769696,Biceps Curl
169.33212678061565,172.85608353334513,178.17936690102675,77.40536912838726,167.90153490130604,100.30114454485556,2.193187973884963,20.55531667278872,Biceps Curl
169.56053230719115,173.32763176941626,179.0370131560346,45.18722989247637,175.360364920784,50.80388092107474,2.994744311056273,21.708367129205687,Biceps Curl
168.58233834929027,172.79146192333874,178.37136776799971,85.6541291524915,170.48065825818313,111.64977398936354,6.931128005469507,25.50096934333141,Biceps Curl
168.324839599667,174.9690673038262,176.71435264125034,132.6826734860473,172.25275117607922,134.55131142699045,6.795817212762552,21.338033170226304,Biceps Curl
165.6821233464733,178.8672157524182,177.3729073657651,174.8405452368354,169.91584775463227,174.5219145487736,13.0199194697083,16.244013279781996,Biceps Curl
164.57143181908026,176.50478188805917,175.53273324692685,163.7932057110426,171.71914019785842,166.42588255044137,12.76928863573808,16.24719667793429,Biceps Curl
166.7268324876455,174.14124183474084,179.45194653276897,110.64572906611718,166.87759440120846,119.02143571642418,8.181452912012558,16.21075315088186,Biceps Curl
168.32953672506176,175.06791313350072,177.45038855151492,55.5402960800751,170.593655951673,76.95386503856311,4.814261763183393,26.146550651337343,Biceps Curl
168.33791951321103,173.50976287130942,177.0606677650013,56.58602295331977,168.8757391487765,75.88461637431504,3.028538934171769,25.838891170146105,Biceps Curl
169.1566199757178,171.35357383201273,178.95292646303506,110.75803738244296,172.90846083341356,114.3202346820724,4.976306733162466,20.048942517602008,Biceps Curl
169.956526686826,174.35729780482274,179.7786580282949,156.21768795680845,175.43416933759826,147.67520965169257,6.070608789904423,17.746346825785192,Biceps Curl
164.63650142770192,175.97941559903646,175.53530096617385,173.52032884593766,179.61471847346374,172.94578892704286,15.37465055285006,13.152547947256693,Biceps Curl
169.91365560663522,170.9408883317989,173.1006437668637,140.71512578579762,165.5515160094654,142.34664513173752,9.34030103853672,18.04015833262064,Biceps Curl
167.87583966343334,173.37701396864315,179.5546351877301,73.49294202053034,172.01912967807178,97.3766119179895,4.931171747058936,20.949582680077405,Biceps Curl
166.47331736126435,175.0720191050514,179.20963193874852,45.53394813497655,178.8526680326637,50.60831020288675,5.79726583806366,18.72685180618794,Biceps Curl
168.31693136227375,173.20582949350774,179.61616834073365,84.66387023480786,173.33484168393787,106.92389068841008,6.830301057443314,25.35176078806232,Biceps Curl
170.84195201537557,172.54008461891897,173.295012460413,132.38100240535923,168.4142203484962,133.3323167213905,10.137030216151771,18.706981705038036,Biceps Curl
165.4988668216261,178.47994704932833,176.6619252916244,171.65771821503316,179.16469580480268,172.3371562157058,13.61193240353164,16.95702730562796,Biceps Curl
166.26218776649415,176.76445037865528,176.7770868665276,160.40772710746754,178.91216495279653,160.82598692452913,12.917306252181074,14.34124553847943,Biceps Curl
170.16298014113232,172.56741601968614,177.1928309331421,105.05184733790918,173.68043022292213,113.07191484688865,8.060674408937224,19.06736246516953,Biceps Curl
170.12187521232613,178.38065181666138,174.91687168650805,41.60908015350472,175.91146657996364,54.51250449739016,3.807320329891768,20.828265171706708,Biceps Curl
171.49951444338575,174.93522224085925,176.33983768243417,64.54592312478374,174.81866552576014,80.32929897245295,2.3611802489192573,23.688526761790477,Biceps Curl
167.98980247014163,173.50690608034196,176.42522648152593,132.0504607575851,169.46547516957918,124.71251476068406,4.597737745911867,18.57845479241863,Biceps Curl
170.98185538768533,176.49391183259155,177.65695785182984,177.8016515673896,174.51632550685278,176.17991905971243,12.128129618509114,20.892814769093608,Biceps Curl
167.4516283837749,176.6531382834035,177.69962855848894,163.86873340729528,179.42981160640926,164.9773803599166,14.793344922936727,16.01206714690859,Biceps Curl
171.0029325313725,174.24323673585985,173.94982771461054,97.61641988185124,165.6292546886038,114.7102646332875,5.028386675337745,26.642704612629792,Biceps Curl
171.36690814027315,175.3390551510846,171.60024312021687,42.34673177081317,170.58690590293148,52.84100186839388,1.5196428918197125,23.316294579974223,Biceps Curl
170.9413550462505,174.39840497439263,177.3146919640133,84.1685206873398,173.09135088280044,99.23222656440008,1.1128700437391097,26.573139676439396,Biceps Curl
173.9663518976842,172.26296380001222,169.82948314621098,138.00426971091505,165.90297923612297,137.55220489480527,7.415494950732834,21.97258715761522,Biceps Curl
170.99764829577867,176.5238990989447,179.68942341630785,177.16971674396768,178.36411709380303,169.63849698991345,13.575627926709878,19.50045607586552,Biceps Curl
166.6053842164247,179.62279445631265,177.00982249494817,155.94342656066596,177.3587622054791,155.27894256695916,13.49516047442502,13.251246124858188,Biceps Curl
172.5486925799855,173.031738685151,172.02793378356017,96.17613353461506,162.39310297748798,114.71520512409698,1.9744356051034893,27.712309659602784,Biceps Curl
170.1332020454658,177.44245633222422,178.36678296930737,45.83998053747689,174.45075365157726,52.047437130760166,2.1120842722270767,23.17475536649761,Biceps Curl
171.24237360666987,172.61477779898786,178.47529141246875,84.88793818413244,173.33168239088116,107.60306869388415,2.5555779624940613,26.871992092873835,Biceps Curl
170.73292213578654,173.10565610267258,173.24577050806303,135.57002023360178,166.6488575474485,136.48424773374398,5.284095555198693,21.88616115247645,Biceps Curl
168.1005693326394,174.89041333688473,179.353324284512,173.1011533801998,175.91015508618648,176.56318318801567,12.001902162112026,16.612388141948866,Biceps Curl
163.67871886585075,178.3476848383571,177.6582605098412,161.95744339764096,172.41949576041645,172.00775849435934,12.374745772340011,16.78942553215988,Biceps Curl
169.33839568397767,176.88740483503838,172.5889722619209,103.70598001476908,165.1461628878125,116.06925861127672,3.877775698974466,26.115721409479743,Biceps Curl
171.2243292513053,174.34971607286494,174.5979781230227,44.78330538870603,171.1728779009843,62.69519517010332,1.859177205046011,24.622780108812677,Biceps Curl
169.14778172975764,175.2269314117447,177.516386323805,71.54075279450898,171.28323577092206,84.42499966480838,3.5947311557085815,25.395565088188825,Biceps Curl
165.82350753024744,173.3067294171347,178.15258508864608,117.8736338128424,175.01082124447828,124.97019349844976,7.142663164458273,19.42014723243127,Biceps Curl
168.55601506747212,177.28284025076755,176.9107287123352,156.1669953774566,172.31868694495518,163.78353979139325,6.79957739398156,19.809692331497388,Biceps Curl
169.14934929351804,176.8258524767401,179.66876915882435,177.5768121668012,171.59429869579063,175.81132340760766,13.320747335689964,17.465475234476845,Biceps Curl
167.8268282732886,175.9558479993511,175.51892451781126,149.42513398925254,166.04590571719885,152.1611325527553,9.578042170515294,18.864212792543857,Biceps Curl
169.9627791403283,174.22605139235534,178.64962537465917,78.87044537822695,170.12822494341572,105.2151559273868,2.170166165760421,22.394988707596404,Biceps Curl
168.35964079473672,175.08047897746948,178.9588566180341,44.65950389628526,176.13819389870707,53.64166326044103,0.1202951858211478,22.337236655749635,Biceps Curl
167.81069733763877,174.61806186916527,179.71304587587488,83.37339687542695,173.21013384757666,108.5944207959338,4.680991604990979,24.872678543512595,Biceps Curl
169.63140146186595,173.18548801411197,179.2674169133231,137.35607352779087,171.76851816588527,136.45104214801384,5.763772077312848,17.846263067040844,Biceps Curl
165.58844458074353,176.42292078079888,175.87617914268066,171.09401124296278,176.27590688744937,170.57703075294515,11.937839782849428,12.25933505169234,Biceps Curl
165.00164632692824,177.41909988221005,176.41293252809132,163.62354681360915,172.62167438960984,167.6473651857562,13.566546968808776,13.824596234882051,Biceps Curl
165.00132692977718,173.74976353800722,175.72552702947146,117.59487890364407,178.0533945233324,122.504358714905,6.063820410956844,16.03879909675595,Biceps Curl
169.94980147030424,172.87004574023263,177.4186038150068,64.73854008849294,171.52268886593436,82.92280475140154,4.254765967951402,24.080433924179736,Biceps Curl
167.97756242767846,174.80947874796337,179.05881247038485,56.35771026320241,173.71737578049516,72.14793680453012,2.0446445605247026,25.906517238155647,Biceps Curl
167.22661265569926,172.87328792384486,179.98553509444835,107.4784817188305,173.39627915754136,113.48873780834532,3.4853185455228455,20.338653321625937,Biceps Curl
172.0808100634416,169.67374223365005,172.76334596669918,144.04789651134274,169.34083933238236,148.184705500443,6.496440724416159,20.76004551586843,Biceps Curl
166.63200617412943,173.73263291615245,175.55722683827696,174.59115844506832,179.51798119034535,163.51469037550598,14.118828917303452,21.23479878168657,Biceps Curl
165.679644760573,177.5778324474576,179.20740695869543,159.2305476138765,175.41738352415322,165.44390611551142,8.557675691706619,16.697825184272222,Biceps Curl
170.81067166953488,174.19652126461307,177.99718336565877,95.05083016538428,173.4260862554505,111.021808892084,2.6449759241912454,21.140235430705584,Biceps Curl
167.2691581871751,179.44546533280484,177.0289309977245,35.33680748490945,170.9771282035271,57.97647357155731,5.019670282085555,21.7487310013934,Biceps Curl
169.0063365599329,173.59168430989695,177.58583701449535,63.09777546207041,170.57000196027283,82.70731360040114,6.195253342659226,21.68624547171926,Biceps Curl
165.10934383188788,173.53738423491853,178.25291389015462,122.20336114005936,172.12055114829582,124.20611192413573,10.785827363898996,17.62507661923436,Biceps Curl
165.27264326420476,179.1851146697528,174.51603945434994,156.99273740780225,179.84257057015458,157.2722530647751,13.212460201893226,13.190047333866108,Biceps Curl
166.29863815518635,177.29685335952638,176.05989875860735,174.3273458659001,178.88696615133713,178.46056254538848,13.966764539433816,15.627818430354232,Biceps Curl
164.89354891143066,176.95471439481437,179.88260075242354,130.46479365339928,171.8100295868188,131.6256893043989,10.131173792216162,16.674230239317048,Biceps Curl
168.98986355686102,172.3831059632598,177.96016518784737,65.8377452793632,170.36559062252633,83.1618356774202,1.0988048848756278,23.771697265059583,Biceps Curl
169.37209981818398,175.4255770661793,175.7328431103646,62.520521805093274,172.49617003965264,74.10993093274587,4.996273823498712,25.168983330339305,Biceps Curl
165.85435886365892,174.3343201860084,179.43717606586182,109.68292251187086,170.5503860104544,115.8261263285388,7.747493098650805,19.774107625139393,Biceps Curl
166.14460123199717,176.1796993232105,178.16574736965282,156.36855577564208,178.56910800170175,164.3930306554166,8.084874172116267,18.492566181243124,Biceps Curl
166.78274554221616,175.07690936430993,178.54225448002248,176.9899140364468,175.33211929212862,173.59447417768277,12.539035528584508,17.247139914467912,Biceps Curl
167.75382186692994,174.97201527061577,179.16754209584178,146.2733752157761,176.6076714090521,155.4523391244163,9.615669506153775,19.66238068415667,Biceps Curl
169.9067473512036,173.04934123803932,173.65612805412448,88.76308991056744,166.99604869669008,112.05166733545062,6.757707466509109,27.5522804062646,Biceps Curl
168.6524540316622,173.1160356109673,178.48273997208403,48.516569725371866,176.74336843666083,55.22733687493487,1.0174349752520635,19.82901443156725,Biceps Curl
169.19810411099803,175.09306838406275,178.19762518261427,82.76922865131138,172.7653105431878,93.1829387659132,4.402106533126612,22.0956971457716,Biceps Curl
165.0392112581207,174.65467431967443,179.58937104906786,119.80511873572428,171.03788465803672,127.35942652547884,6.610144537726742,19.450405336609712,Biceps Curl
165.69340760224455,177.89571202807898,175.44400877166024,159.07286692078915,177.46285698327765,161.6673756202616,7.08542046695246,15.636605816533082,Biceps Curl
167.050268097713,176.69467174904747,176.67730889859516,175.50279730104054,179.12943887765718,179.70336313345038,13.208747151854526,15.70474918381077,Biceps Curl
171.97292694980152,172.99208186644782,173.8308629846802,139.61859065632638,167.37265001648512,146.8011396416892,9.51787827708388,19.178294359301308,Biceps Curl
170.73029785894624,173.54408751393748,177.84072889948942,82.50329941700315,174.097711885055,100.7935094247168,3.528224780508447,24.26165083759691,Biceps Curl
168.40372749148096,177.0434857611833,178.63081027071962,46.7074665200425,177.8059705794443,57.7164165567938,0.6478911260867973,20.08413325202217,Biceps Curl
170.08139289647153,173.90524064363174,174.2502221797268,93.43685686813788,171.30127007660565,103.78519990624122,2.2986555216320195,25.912441353736405,Biceps Curl
171.97354061355546,172.09780972679823,170.85019950265584,136.78655220912697,165.53437570144723,142.4791843226994,3.046069046572689,23.45569780339731,Biceps Curl
167.3303267409014,175.3096591257184,173.1582361390237,175.36308785758882,178.86532194856346,172.05702971457637,11.913384631317362,15.881167974914296,Biceps Curl
165.1727768833983,178.55329890232943,174.04352995177655,158.15531159196237,178.85262545936095,170.36363510858834,12.463916709443142,14.49793201842992,Biceps Curl
168.63984163319031,174.72410222517544,178.90715848503473,110.51769586034442,172.04122129660067,118.59356947969346,2.699379495741797,21.71526696941932,Biceps Curl
168.72187585845455,174.11798180938578,177.79757865204314,53.890888552685055,173.61819433853702,59.51354985263387,6.05995979947408,20.127369362252953,Biceps Curl
169.39112170984376,174.53719323055068,176.5032091738339,78.16889419485436,169.74933653818022,83.98221971348451,4.085695749974642,24.68422724058614,Biceps Curl
166.21938471123195,174.50944357385237,178.98302337880787,121.22354504556276,173.662713118961,123.6908968858275,4.507880992272631,20.02467895489886,Biceps Curl
169.74550123393803,175.01038674824542,177.8252247236069,160.7018111184457,178.99364879234042,157.04600194595716,4.004929654747732,16.42482109170838,Biceps Curl
166.36749495816989,177.51089960956233,175.80797580451758,170.8256657897782,175.32550573604146,177.1839043199725,15.383575109703653,14.735962382380253,Biceps Curl
171.80857771167996,171.03961838490304,175.02466736815384,134.9388425086461,173.61724754573194,144.2732147107625,7.6951713873562495,22.18532811312197,Biceps Curl
168.58651517350688,174.90294325149424,178.10829471023166,83.68969354966505,168.8809201564222,108.46768700704914,1.639384120285366,26.338710755793382,Biceps Curl
169.06593550424375,174.55108780994337,177.46611016473378,48.340880027196846,176.5407740452846,52.432032714820075,3.816920526816392,21.818765429966486,Biceps Curl
168.378358239355,174.13947434705125,177.57904152756808,97.13273803230072,174.99133482812783,113.93479671258146,0.2881839295299534,25.300894335774455,Biceps Curl
168.30574044348134,172.32104558271126,179.33445626572023,134.45477803459727,175.84427848993303,152.6276959655297,5.11225063223822,21.823413623895217,Biceps Curl
163.0658142526331,177.86713806189223,173.74209596902506,167.78842208190684,179.8772989856661,178.37802259450083,9.535209633183774,15.901548165687249,Biceps Curl
165.87427382673596,176.9435833058034,176.53334082091095,161.13163497180048,175.60465451286467,171.08762003879457,9.563778987678758,14.333763777135388,Biceps Curl
164.62029635560958,175.28843703600168,178.39955564599603,121.3357013128055,174.52376472313418,125.35381303654714,6.020384094260838,17.8553401474981,Biceps Curl
170.6926012472557,175.5485673663802,173.30696816337024,59.1942395476463,170.76649596416817,75.14436540834659,4.448869938615448,25.62551932642783,Biceps Curl
170.6403837063039,175.33594280946957,175.39064340734046,60.98304734204341,173.51713850473283,73.20404613554227,1.5926555283350596,23.776616751691822,Biceps Curl
165.56708511188717,176.79323268844325,177.5132218478102,118.48301715046271,168.48930824634803,122.15797923496982,1.0523802650357432,19.713200066328156,Biceps Curl
167.11986413363766,178.89049842283927,176.54831091579308,160.34755325605352,178.95885152138538,172.64536062163808,5.72741082378052,19.211872049202224,Biceps Curl
162.78768762726776,179.06718427225346,174.69681992218264,174.04114201987642,177.31180790898003,172.30192393119242,13.356248787244043,12.506353143709845,Biceps Curl
165.69895434228744,176.42973102032562,179.6949469848201,146.25388434560952,173.91071713567328,149.54706467321637,6.192656340902731,17.669770767960703,Biceps Curl
169.18475279575247,173.91541235422693,177.64634375871927,91.0099329646804,173.593503124262,109.26751427470104,1.5354362108778108,27.064063527614312,Biceps Curl
168.8221329669311,175.5999145756629,175.58796294989406,48.82609156090783,173.2816268671833,44.43157589092339,2.9162599436358425,19.50216614150533,Biceps Curl
169.06339162143564,173.56930766960286,179.06812582851123,84.97950367797803,173.96777372240462,98.15647994294704,2.2493860758874007,25.9473002281427,Biceps Curl
166.34766903810296,175.71134642602152,178.8888117127871,128.23672819892852,172.48340727795588,130.21963960538605,5.132128123566245,19.773941209533927,Biceps Curl
164.99830698516948,178.1337819548377,176.34792999592585,168.18519652604414,174.48611719862376,178.66260306082015,11.683699602344394,15.032491235324658,Biceps Curl
165.84295044995227,176.1827206126809,175.54495820102753,159.6665876554122,175.4882139650125,178.00542137215655,12.296389096780342,15.662335067940798,Biceps Curl
164.4660232200428,176.19558438304233,179.1374207541376,118.97037684537192,167.6771431713993,125.16446047461312,4.076323366442394,19.168049729587743,Biceps Curl
168.40186194941342,174.51134236240293,176.22304513298812,66.06545411976767,167.29276053352035,81.02862305681327,5.829840681939711,25.815356888595648,Biceps Curl
170.29493731417,173.2278287717023,177.6834939706234,68.01508096275965,173.27622340312607,79.60815286338722,4.483282738378009,25.90762218364056,Biceps Curl
169.6185307396058,173.37274531583174,178.1955553748382,113.14958698379692,170.08146969955376,123.05271241501852,1.7728320843123384,23.54210151850844,Biceps Curl
169.15241082494364,175.94249173962257,179.81573771075597,158.78724987803577,178.82663623612962,151.15892315298655,2.571940926195314,14.472150202177575,Biceps Curl
165.44641918907388,178.36332114305426,175.49224467836376,174.7808786340215,177.9015346845457,169.26103726481304,11.75246519956096,14.66408131443916,Biceps Curl
169.45849681055105,174.276873538863,179.02290623533816,153.69249052779833,176.4121516580195,157.5943048918204,4.591061906625474,17.212734446732156,Biceps Curl
168.5439142871358,174.2295788296157,178.65658828719728,92.02082993806872,172.5746645689134,111.825879756019,3.1613438457932266,24.793663866022612,Biceps Curl
167.2878615292359,173.66638726437856,178.46959795338103,49.944992506660725,172.09287177251915,50.64909795049973,3.7895924501755656,18.978655283449765,Biceps Curl
167.9241331467592,176.24626228215178,179.18630706353764,84.71394673125627,170.5456059190435,96.79918095121567,1.056269876631316,25.295517089053902,Biceps Curl
167.0841778818756,173.38578765704952,179.6019482338905,130.30631383697272,175.7575537289336,135.85516806342136,3.0146590732595135,21.93959667133015,Biceps Curl
165.56216674107708,177.66947478058833,179.8592722312553,167.87260916517013,169.4569498097515,177.75912044207809,11.196035742952752,15.992836006117164,Biceps Curl
164.6335472616507,177.73524881903327,175.85251926936664,171.5434486228024,174.55041692503397,167.17640517158162,10.4121911001654,18.30893715727871,Biceps Curl
171.04752582615103,171.85942487948046,172.9191807919494,131.3052529221929,166.6214550353258,145.1868286063337,5.602730280992923,23.86425689894512,Biceps Curl
171.5656038742392,171.37285140859376,176.8854679684869,79.14211615195427,171.5641303424623,96.59099373036638,2.4973215564353466,22.97725660050522,Biceps Curl
168.15179008505575,177.18162876672736,175.1557916108659,53.57706114665847,169.13476841345565,56.188343647420446,2.821058428084849,21.68476412429724,Biceps Curl
169.54810006418418,173.8598767872657,176.62549095997056,87.68518253404619,168.0011808465845,107.13514047238472,1.318639849647049,27.39725976532269,Biceps Curl
170.0754491898209,173.48365938881162,177.1764381295106,127.64476721791272,173.11610564057884,137.98963916932342,5.693360529396984,24.11469373875734,Biceps Curl
167.27076513504156,177.09394326273326,178.50751980192544,164.4880397824694,176.8598837826033,177.3160605789887,5.172719532242719,15.062540056884613,Biceps Curl
165.2581735909081,178.36821625362964,175.89303018973638,169.05639146419003,177.54343257005743,176.6364532027583,8.288796929861373,16.37682039801877,Biceps Curl
166.05493003441103,172.64931579674067,178.9469088814399,121.3719343024852,169.94046890177242,129.42869785224082,3.897038384197282,20.083965766217915,Biceps Curl
172.29166909693063,172.07997665191414,175.77165620775222,79.94681214864713,170.0740836469952,98.67052360186352,5.330979712415601,28.074102542212028,Biceps Curl
167.9447850208741,173.6323008350329,179.32909996476397,49.85140673441032,178.72659035228418,49.45361777005583,4.75011771189867,21.372597981185972,Biceps Curl
169.40265299072522,174.3513755612376,176.28931969019817,85.66368595700152,171.95785687563742,99.54456888819584,0.260546805325369,25.32102199772827,Biceps Curl
166.11818515758927,176.5031532588614,179.52996006119918,121.51715235702872,174.66863602073758,133.52946484267892,3.395683361126778,23.10841437098132,Biceps Curl
170.2388988493547,174.50617747319322,178.74985598915492,151.62664278289165,175.8515619283428,160.93446804664896,4.140144731996359,19.88468174064178,Biceps Curl
164.1171790810817,178.73893509662955,173.5861416278501,165.28320200761115,177.61326888773192,175.11793447925444,12.811708337243225,13.22869261488503,Biceps Curl
165.13849098494742,177.7033718078119,174.92626012222195,160.66270296535097,179.0713794085789,175.3544103737292,11.170888850368714,13.864581663720784,Biceps Curl
172.3693271568918,171.4759492523146,170.56037846020257,129.87936015158476,167.6625321666931,142.89540006426108,6.461481828625188,22.029710008485264,Biceps Curl
170.87549534399153,173.53877396005635,176.4706826062637,108.53526511455914,170.60934538099252,119.70834074544524,2.130346160006303,25.333083595776547,Biceps Curl
169.70934387870287,175.8711143158003,176.5778587652647,79.93692992311149,169.29978352122012,90.2331910357412,3.1557798867550657,24.08561844535982,Biceps Curl
167.20626055503794,174.5920974161308,179.86739182028973,51.769884693497566,176.0176976846508,47.25836977554666,2.7610706527841806,20.224580924061332,Biceps Curl
172.6377400271144,172.71733892944303,173.8314222052635,70.6612954125702,170.396315412203,73.76875321871687,12.284504215798927,24.93779764528716,Biceps Curl
171.83279776562927,174.08313661916588,171.95796077838042,88.95221263479738,166.71852144102488,99.49096359217523,1.0768625976172357,25.993645300761504,Biceps Curl
166.09378381296744,176.91575857330105,179.29098587657953,115.63753039855088,173.22051681285816,120.94067662955892,1.45612912980496,20.85638284132163,Biceps Curl
171.96760258301478,172.28199987778368,174.21874360462158,129.66519354917287,169.3945615862125,141.14567449203818,3.3161337355360416,23.61032154567533,Biceps Curl
174.6109073641716,169.4553874983269,176.2661855804468,152.0956813922882,176.17049319459915,158.26370514272253,3.2409977819778915,20.20677758173622,Biceps Curl
165.55204312731084,177.5387526991162,177.53840834974486,166.8125384055374,173.18750127939666,179.14341699182972,9.961094162032955,16.12149392767241,Biceps Curl
164.01607952530887,179.93313597509615,178.31444304681213,175.04562671020443,168.93873088554218,168.3031723497496,12.067263845991546,14.56600055052681,Biceps Curl
163.7053456507959,179.45958476755834,176.95834819332646,165.8431498547752,161.6420119970501,175.91531289243002,9.438737617052496,17.422328082062705,Biceps Curl
172.11888597447526,172.01555083227657,174.37183041321703,132.96985231355507,175.47553611004605,151.2836019342828,5.1513623711437875,20.883618385518588,Biceps Curl
169.49926274230043,175.16594457056743,176.82819934899098,96.4761449295098,173.50356688239012,112.02644584526688,1.4474317636328524,28.023486997482856,Biceps Curl
171.68008970922926,174.55026756213636,178.4290069784393,72.80072720195662,171.50204362080115,86.16290995355315,4.153201898863258,26.98295691534917,Biceps Curl
169.74890407434495,174.8895159662928,173.89793460124676,58.08904909002084,171.14102909606822,58.788422863412215,10.309736634020007,22.11295215305476,Biceps Curl
168.79334339425213,176.49057829717222,176.19708875208386,53.31939823196068,171.80922693058108,40.4413340949941,5.751999209729785,19.6967212202932,Biceps Curl
170.45399404127744,173.03387584179202,177.8582135888938,73.73026434969036,171.12319342596834,75.78992845631521,10.55043547836631,22.95947730075067,Biceps Curl
171.53658076484987,173.10547533905824,171.719699751564,90.1188865452257,164.4237136837735,108.34198947535002,0.95209690162402,28.87778217811869,Biceps Curl
168.56815293809225,177.26192982894327,175.30316334173534,110.12073117280906,165.48023612168492,121.61960480705152,1.5004535138432449,20.852937596713467,Biceps Curl
169.5764704682584,174.12507261394595,172.38838313365486,134.06711632227044,162.61820138664382,144.65073748128765,2.03260995509421,22.634852304908534,Biceps Curl
170.09470741763323,175.62372831572932,178.65634143626164,156.4492216868453,172.72708620638278,168.8034880171284,4.861574509857514,16.36661744410068,Biceps Curl
166.18753345351752,177.0708083042395,177.0816105478168,174.838845267751,178.58435368320377,169.93161073088993,8.183920603732016,11.71955895718852,Biceps Curl
163.04443937344806,178.3296179322811,174.1561967695814,170.94832245345094,178.2624688399638,176.2851752117487,12.110261976619912,10.79531200158332,Biceps Curl
169.81179787840924,175.56400787571908,178.92973176155394,143.25224214768835,171.8132835474045,143.14542889259698,5.235281695677074,16.128220804197984,Biceps Curl
172.90641009762265,173.0762935973655,172.69570344822358,99.6340536842826,167.91586969495972,109.76310566585371,5.51350764185395,23.140044584147056,Biceps Curl
170.63395163972072,176.42216000670908,175.46635218529428,60.29374936895008,173.33915508053107,76.9275073366468,2.5461638936028677,22.56120689475051,Biceps Curl
166.65851980140923,177.2285434102171,179.84754243207607,41.166478443265824,178.77636319941652,41.94748811943034,6.554728411480145,18.70507041721756,Biceps Curl
171.39692191352873,173.79230753149974,175.82604342380083,63.19511671962459,172.30629947472667,81.58532507798084,3.190641943493947,25.356413228362428,Biceps Curl
170.96283793482223,173.69877485888134,174.3671513878408,104.3781033215713,165.08564341560378,110.9610945574805,6.358970970549247,18.255739438273572,Biceps Curl
171.83828731566078,171.86743705763865,175.50258658995867,131.89202511031485,172.98535986612188,144.48890790370885,9.802276676657556,20.9553927319352,Biceps Curl
167.95879499287514,176.56728722387314,175.43427909513397,157.0928071985079,177.54573514636834,166.69961159331078,9.11619312315585,15.979510647452152,Biceps Curl
162.6374335334074,176.18958002931075,175.57831459646735,172.70851240497555,171.96391490333616,176.02168042241178,15.747576074604906,8.962072269745478,Biceps Curl
162.85838807254723,176.38583634210946,175.2362986315683,171.12431576520214,173.51170371592596,177.6571022863173,16.372168356527492,11.734683581538611,Biceps Curl
167.72566107451863,174.83093633133817,177.55189446557662,144.49333359903568,172.93541832362322,151.72651034411135,11.72327339989147,19.23813955646194,Biceps Curl
168.25953414547922,173.48234225209637,177.4893944224261,102.8123783073856,168.21663994669308,113.08507255897857,14.177792626869367,19.70652623119098,Biceps Curl
171.84908813330264,173.69195027525234,177.49358053129205,44.34722646022169,172.42828801469082,74.94700052223388,11.823043589565453,23.07495326122872,Biceps Curl
173.02872181106702,170.59709063148418,170.93947219373666,36.95303826108818,167.96791930114173,43.81897506611227,13.781395976940528,18.401890109591704,Biceps Curl
172.4898676263842,169.6402040187902,169.79703165833902,57.84213831181045,161.73911857306624,86.06360979399037,12.453426470062649,19.74779790320997,Biceps Curl
168.6789075560768,172.78384375742183,167.75560704643,111.6277917346102,154.0906970932716,123.57947435097878,16.50912389021267,15.278828776813512,Biceps Curl
163.72009305921804,176.40168057497797,178.62121953774275,159.43879960374312,177.40716968501442,165.88103674183282,18.267776442696423,16.20365030352063,Biceps Curl
167.11368837076125,178.80182112135887,177.85585371207603,175.2672942669495,172.79365794181328,177.28924603595055,18.27176362973163,1.1518211875915494,Biceps Curl
171.95706189165622,171.09255916403637,176.59508197112052,169.87174935141962,170.1130643138868,174.18914433901406,17.458867394566973,14.10253819971639,Biceps Curl
165.08731552815476,173.70090837712954,176.61532828370645,115.29064772288996,176.8096619369988,120.9749300802624,14.10130623851852,14.473694857475842,Biceps Curl
166.23713367198235,178.6154195742528,178.36737978967346,64.6109720540825,167.83784840956238,96.12192231592005,10.365192984231651,21.75968778333433,Biceps Curl
169.0611183817621,174.05952083404654,177.86063367244253,35.768551774886284,174.12019521498507,56.97572573625412,10.706048721876735,23.70239322085667,Biceps Curl
168.35680878803726,174.9967561341111,179.98977484298857,47.03508241809703,175.2440659945925,78.06435926109302,8.573321946368681,25.00348840428963,Biceps Curl
167.23030320796389,177.29575521143235,177.82636152147018,82.16827233444086,165.701941771784,111.73859620710752,15.139881015299384,20.023599888958948,Biceps Curl
169.5105348847644,171.9491187553663,175.00284855043546,122.10630358280858,173.36357437021817,131.406325255868,14.57103777803875,19.423354786640985,Biceps Curl
166.82909495212624,178.51493073194143,177.10623761595755,148.6790925812183,179.89333809984953,162.24596948049182,16.631150627593694,18.270601634615037,Biceps Curl
167.20852244227726,175.66825468424284,178.85338895261592,175.1770921073405,176.08730200424404,179.4713358762099,16.041363008473102,15.890337377824604,Biceps Curl
166.84523845688506,174.486748811794,178.15131330482532,177.7166024931095,176.75840385320168,173.95033099245984,16.378761073810544,19.64689795645181,Biceps Curl
168.08748100994762,175.2388655203977,177.4795791290345,141.0016003574938,174.1652636158996,154.3568426218118,15.18165731216916,19.597452372617074,Biceps Curl
166.2619898092762,175.54805543551652,179.4756262296963,97.18277604287732,174.17197184023755,114.375803241356,15.365312477779703,17.036031450227377,Biceps Curl
167.4628894024976,175.70506071566504,179.9187905466667,54.537304822434656,172.50842753219948,89.48823453812356,9.772422546714589,24.616357690134063,Biceps Curl
167.82396542881813,173.5436020949452,175.52189151224923,35.577181076010966,176.4508289042159,43.018669465765115,9.855436159044404,21.04746390269556,Biceps Curl
167.17759166541518,175.85251054636714,179.67312284395948,44.99507284548086,175.61282364432054,70.9235315618375,4.861286567415471,24.468753805971637,Biceps Curl
169.1552241162588,174.74900421745195,178.2332999142245,80.62748515960145,174.224878658392,109.09075343284984,10.531888421072429,23.798140029856825,Biceps Curl
169.59143894464015,173.0422992939977,174.11215261113207,125.24124764804849,171.07364612674263,124.62179411091066,11.753710086382778,19.055078523382793,Biceps Curl
167.9433707971741,176.88824608263806,179.00558408533567,147.2596326452594,179.6472385433083,161.60600510604053,11.8150613573541,22.782101331590127,Biceps Curl
166.85675213203024,175.77209234352307,179.5197297434167,164.0450605162963,173.31262866060098,178.59938110868902,16.68599751514605,18.60116180829006,Biceps Curl
164.22763158486796,179.20535117618718,179.78473711092036,179.0687221857411,179.62176254365738,179.1819669395654,16.95171673818718,12.009678290704963,Biceps Curl
163.99464047899357,177.82033973198534,178.57370919081328,174.763397309904,178.21786660854383,177.36338907046695,16.001595219042837,16.942390114017556,Biceps Curl
167.4753859730303,175.68716982152685,175.98633381655014,136.22613446050312,174.401672156821,146.1994393264022,14.351548598984028,21.18355047663287,Biceps Curl
166.30988037621069,176.29664229214518,178.6517593989276,87.26524956167236,172.65544028032804,109.58552118304112,12.090444948639668,18.688217303971214,Biceps Curl
169.7565594773158,175.87946595782202,178.85386799780633,48.7690354267722,176.37213446012657,83.75359644886078,7.295001839398642,26.210203175034486,Biceps Curl
165.7141575426844,175.89383014025364,179.7905282209985,37.79492793162264,176.94097988485416,48.815869941760965,9.31079044267885,21.9617872881136,Biceps Curl
168.53919122729096,174.63759292681493,179.44727497034918,47.290533088992696,173.07627940894696,74.84144838640643,5.9518575829748475,25.620635402372624,Biceps Curl
167.7250424595954,175.89186340830108,178.55032812658786,81.42727493909182,172.92502704813867,110.02798507669776,11.61251178764753,21.73889680982798,Biceps Curl
169.67936626720092,173.46236194227447,175.06527760207595,123.91213008968984,169.83599038997914,129.06399664496809,11.91619260608069,20.93917924490844,Biceps Curl
164.89239619857923,177.3134573577586,174.3354949327143,152.71800722791627,177.19678404319183,164.0304618076563,17.20655027834685,16.62746848801414,Biceps Curl
167.30847270977827,175.6345066841906,175.17759614497615,178.57997608600567,177.02912680468958,174.710265272202,19.417122228694193,14.276300376522324,Biceps Curl
165.57956400919716,178.76996056181915,178.17465170342308,179.5510870274235,178.01651341542592,179.67155302349434,18.701025464513,13.807480931694377,Biceps Curl
166.41673636356012,177.52322923037204,176.41669929999014,150.22628770336215,179.07880949523732,165.37320599184514,14.406465599905063,18.514396493405464,Biceps Curl
165.93416308265176,174.44666723860055,179.8741525225526,107.0224854275607,170.94156246669812,119.69065239742432,12.704740990468798,16.382775804140422,Biceps Curl
166.54760234529783,175.9957471140966,178.0241927187839,58.37120377572067,174.9567989058461,94.86853817417642,11.172618580971136,20.989874734628906,Biceps Curl
165.7239361456322,174.58043897396618,179.4367974797154,37.20723980471167,177.96765321946992,53.99211447996893,8.30218054089962,23.39882349340417,Biceps Curl
168.77926461459316,172.84008584754068,178.5515085178034,52.904762019677534,173.18543952559185,78.08590190416325,4.761422758132252,25.242699602641217,Biceps Curl
164.36361439498566,176.82096690310286,179.396907775086,107.40514407614464,173.19294055730018,120.5685479253964,12.022480428849148,17.77191453885881,Biceps Curl
167.9097850162007,176.3178893436162,179.08959227710196,146.22714403492571,179.99034168648822,155.36186196892,11.383669719157098,21.843538819852267,Biceps Curl
163.50122262483478,178.73198323455497,177.01843527994134,178.23871654795963,176.92475273352238,174.92643197372377,16.289286299959784,8.797035385489748,Biceps Curl
164.42357245884247,178.11159361976038,179.70722735211848,164.38573651961602,174.6059779582538,172.59573392167044,17.079600252994464,15.372555780036365,Biceps Curl
164.44770932728372,174.20871706259237,179.95105384183452,111.1550027356054,170.94403010080478,120.16517325646169,13.192762125164483,14.801962688149702,Biceps Curl
168.7997730300829,175.5495382888379,177.94844537448893,53.27798480386722,174.08705831696665,79.75382828496271,1.6680923885620786,26.3961544780352,Biceps Curl
169.46314437656102,175.59643310271926,176.74150714793376,50.718562036977154,174.46067998647004,73.73635741382795,3.8448451796892535,25.66659109904531,Biceps Curl
165.91066770910467,176.00959958032868,179.6650628631712,111.84651826301096,173.62887893911446,118.9941144714158,7.260722026853905,20.061911578077833,Biceps Curl
164.4367507917995,176.9333261412814,179.20618535689627,160.97267349165054,175.3909705342234,162.70188781505706,11.305918536195655,17.161494936924647,Biceps Curl
166.88637930619578,177.8101186508847,179.06207700686525,179.02002963172197,179.34993791770307,178.61796033738898,15.06898464168564,16.360988577625232,Biceps Curl
166.39083774110694,173.9494276101579,177.79421595847805,121.418652104006,179.2433915298925,125.97735372943912,11.356084347823913,17.079617560035203,Biceps Curl
166.71920982386794,176.91536540899116,179.35228993812046,59.40785590637271,172.7677302098026,86.29447953127553,4.829886772787602,23.769275398182053,Biceps Curl
166.65022071932415,176.55083025240071,179.6810304085743,43.49671133870795,176.57497776767403,59.69532888034293,4.4863413132572685,21.639935116975916,Biceps Curl
167.53151212482422,175.6580802556035,179.77163191828072,101.63309518216136,175.8692756445826,113.63904110485774,8.815995260703541,22.012721948418836,Biceps Curl
169.30589984287218,176.5753128789884,176.5311635972491,155.14791835832588,179.76079376045232,152.07592393660354,5.3932608493144185,21.428338661996587,Biceps Curl
164.6541079940572,179.1738280319747,176.10420078408356,177.84524677108476,177.38207307762434,175.99151618784072,17.216053880447813,7.239858199922982,Biceps Curl
168.22970029302178,177.06851406464185,177.12906759710896,142.52349740978542,175.78353909130362,151.40522003734586,13.340068051114896,19.31937632815941,Biceps Curl
167.1987279026026,178.49794862041176,179.6848196018258,72.76222418128339,171.8183621502407,100.81329295030028,4.135321004095912,24.961703126315847,Biceps Curl
167.2810049837388,173.68700962020748,179.91145606586264,40.45440194862043,176.4218326469663,47.91635857279858,4.063368786980483,23.25050335495191,Biceps Curl
166.97906073817632,179.14592632074954,178.90796746982303,79.19354691530569,170.32313685257856,104.22927433447823,4.705421544297836,22.278069783113185,Biceps Curl
170.79919670738627,173.1216692213274,173.4158027457897,143.32226603952495,173.44241577558498,143.86216240950614,6.79919539998365,24.19049841966397,Biceps Curl
164.234286222355,179.19217955100473,177.41183176102982,178.11613015817312,179.1814951397558,178.5074540001595,15.689786193032848,15.009681397612065,Biceps Curl
166.20630636704558,175.75288687384256,177.64650458770714,155.00297179321493,178.72651041783507,166.57103877041766,11.62234021654769,18.671334502618684,Biceps Curl
168.68733429661907,173.03890038946645,177.6701543930565,94.09598686967504,172.50063578470971,114.23330903562996,7.1662790726036345,24.0819559778052,Biceps Curl
168.82249817896718,172.5853441047097,179.23846397203155,43.6930656158413,176.27520547162428,65.52782709753613,1.4065258135267813,24.66638655426775,Biceps Curl
167.26579195120704,173.47558996487533,178.1139281638622,56.898584239124254,172.91073853313114,74.38057862884656,2.8211245077842255,24.047194318973496,Biceps Curl
162.68888435232685,177.46643890707296,174.6237567933673,116.59083998736604,176.3865711146434,124.39445467414566,5.7412664593048985,17.27164266686476,Biceps Curl
166.7557142587809,173.61174591036394,178.07302630773626,167.66072696025535,175.2752189419437,168.43188180054608,10.980512610783968,17.3307699402612,Biceps Curl
161.97466506685817,179.84417611201872,177.47182691613432,178.0483002218893,176.63789677622674,174.23782476175242,16.158206544899084,6.862270351570995,Biceps Curl
166.95554843751003,173.39838672962483,178.8439249216215,127.7729367542889,177.88054973124244,137.14632572720754,11.373402933251558,17.61189084235659,Biceps Curl
166.42145099147146,178.66174638030975,178.6484886025891,61.984141094621336,169.56800746934124,90.19766479412648,1.7724778094640183,24.137977480166704,Biceps Curl
167.52552028116054,173.48642209378846,178.5527018821194,42.135836049843704,176.33215216059264,51.19815057138429,3.3216427934249757,23.24584363068019,Biceps Curl
169.55789598472003,174.47656657103866,179.2798003873991,84.6398437095612,172.70981410221415,108.7609033411872,5.350269542298536,25.34066668381137,Biceps Curl
168.7975948298731,172.89539850854925,175.0055054581597,129.88822579875014,167.3071863919346,140.445661982174,9.093312178868707,20.407367005503428,Biceps Curl
165.5120146461401,173.74357270774058,175.82654312871836,168.33107310226362,179.25719987831377,165.46331664667062,15.018561543965616,12.815234892738598,Biceps Curl
162.99405050066258,178.53140516659494,177.86283269862395,177.11594945830518,179.71145961036797,176.35884451550103,17.01533340979039,14.04620421599341,Biceps Curl
166.49163937355968,175.2180099847073,178.85575084224126,123.79665109582106,178.10327753495818,127.62136387924818,13.137456580652549,15.683639039223635,Biceps Curl
167.7854627871618,174.7304328062324,178.84291047250522,53.53393567503051,170.12761363273012,87.1592520817029,4.558515228749541,24.02903548002597,Biceps Curl
167.56881673558377,173.7386607539205,177.7831212238488,45.18623206075322,172.0842335681025,62.559396680957015,6.62319576500347,22.41513063444327,Biceps Curl
166.70029834999124,175.0345135297851,177.22523057667695,94.97114966910983,175.12147146935772,114.37964838771714,5.756448609029975,23.063503161281627,Biceps Curl
170.79154805068072,173.11505546808286,172.2039614135865,142.14580103811386,172.95148739638782,143.7630745946215,8.338411191503734,23.122589894030178,Biceps Curl
163.6410657405412,179.8766809820118,178.04634940706276,178.66018620173224,179.31409882742264,177.3076301831365,16.211653281430433,16.306991724179007,Biceps Curl
166.96262516453825,176.7971962587815,178.65172637939276,146.81918691503762,178.12484664855702,159.64021634112115,12.772138638084051,20.28711818646259,Biceps Curl
167.25403279444876,175.45065604513155,178.25513418997986,91.71611321544472,175.7410813827564,112.85116385738112,9.746072724688029,21.331147137076183,Biceps Curl
166.5078434357429,176.0492152051993,179.14119487859423,40.09832000840794,178.6282915972474,58.75595829863313,6.12103457432854,21.27791169066144,Biceps Curl
167.62573317354762,173.60722020372916,177.81896502912443,63.070798520504816,171.4896996998565,85.22390684516597,4.814781707814766,22.56283370214339,Biceps Curl
164.7107692022277,173.98919794342643,177.24364131476818,116.65794327292252,169.6407021624236,126.88522326237371,13.435275174188748,17.87274966465457,Biceps Curl
164.08675361976412,178.3945251691397,179.45944747394273,160.98754275722317,172.7025087208873,155.06981350320518,12.506825971180604,13.447734109495288,Biceps Curl
165.3339686692829,177.66506118147615,178.60795689807887,178.3490942247726,178.8987568034108,170.6343813267319,15.805629825092362,17.58055065799763,Biceps Curl
170.9385446904557,173.23787675718162,175.2878896535359,129.34139798434754,177.42782493812854,138.11287419631932,12.235948294921332,20.260355848121204,Biceps Curl
169.3630852278178,175.05318469428158,176.29495886919435,47.96848369738062,172.43309880476443,73.97310991684138,5.328701391887188,22.451358473572345,Biceps Curl
169.91958608126075,174.2639664988624,173.1519117087884,79.750770029958,167.7065435955168,99.29435705257552,8.46690565205069,21.132507161493272,Biceps Curl
168.3567485013684,174.98242267956215,175.80284840377436,148.44798332254575,178.60453326909058,146.41653027281615,6.537163864858304,22.3802012825397,Biceps Curl
164.1337204109777,179.3401736505736,177.9423487202999,178.90328876905306,178.61618168791807,173.56636770796393,15.472994901713127,16.48247551835586,Biceps Curl
164.77095975463396,174.7968353168978,179.52620564129225,115.1688474105938,174.93950175899036,120.42030970887544,8.145822199559358,16.482049075125122,Biceps Curl
167.03461225429663,178.5330736873305,175.99554554299633,45.23557325060056,169.33161559680912,63.95449373543805,5.787603241692382,23.586471959188817,Biceps Curl
167.70290173944684,176.04865846853838,175.68110428741815,67.9188314926295,169.97756972567834,84.41957515545218,6.534200727361628,20.292052337769775,Biceps Curl
168.95489450212727,173.4961402251042,172.0885197709638,134.73638126403137,166.6673015408734,136.5530206237422,9.174882978495186,21.54798247962017,Biceps Curl
165.43400813604936,178.71758356364992,178.40578882118623,179.59266774400274,179.2477865251612,179.4317962194116,15.373817786844151,16.421443110674083,Biceps Curl
169.0956350742791,174.97364255754556,176.9028969771256,145.14647391505318,178.34530859323252,152.52030457651335,11.2304606429009,18.925990229829353,Biceps Curl
169.51020165589935,173.7227476443311,179.45570614882982,69.38803862865248,175.0039903792775,96.42089568855036,4.387662576663824,23.99607539068632,Biceps Curl
165.4847963319541,177.12410897114992,179.43931502051103,50.52178648466037,174.8864171629545,68.22513356331427,7.08488219416127,22.992881402678034,Biceps Curl
164.40295688666777,173.21973272666526,179.51236964320208,121.36181662089624,174.20752610997843,125.75666953605506,11.793926207849331,18.107415203401523,Biceps Curl
164.8860749285881,176.45345910899198,178.83964072286855,175.9632200143442,176.687331069205,172.5978133152,15.540577007894102,14.718381321077183,Biceps Curl
162.6397478449242,178.61069401501163,175.32011023390638,154.93421257054496,178.12143624475078,161.8548093237376,14.941436227495792,15.563847729005492,Biceps Curl
168.20710722545022,176.69389086945114,176.79162255555298,92.73509902187408,169.70826185404047,110.94914015019492,9.52573886595897,21.4229734713607,Biceps Curl
164.9451855887883,179.2153559673365,175.17701423792482,37.24809939642511,169.22220411167828,49.650554669034165,7.533472951949472,16.157863427917473,Biceps Curl
168.888402409781,176.3842812584582,173.64817076875235,89.88526925303408,163.93077646896424,111.20314208310958,9.768086175178684,22.39412522681583,Biceps Curl
167.6643239914146,177.01573969751303,178.15687943182732,157.8085696389851,178.57967186836186,159.58660731634515,6.994602912185018,19.503779542430767,Biceps Curl
163.1025628422422,178.7747558095517,176.60114878079523,169.0581980599039,167.11145041322143,177.82922861810388,15.794821764247878,15.372795910727984,Biceps Curl
166.06454776132244,174.4326863952831,176.4835561289341,111.63938521348442,169.84191988525316,121.30794175144764,12.886166188723385,16.036604156761655,Biceps Curl
170.10849366750332,174.9174213161929,173.47239635483663,37.740008361855715,166.7675078796829,61.05877713127166,7.477808607537662,22.749494690774217,Biceps Curl
169.6012324705049,177.1310677571206,174.84617812660898,82.96522195679992,170.9562907025761,107.31724038032756,10.60731573113092,23.807959869661843,Biceps Curl
171.5086472227812,171.90054327962923,174.40003793984195,152.04719251498975,176.49879733647876,151.56820971827642,6.333333032689371,22.133054270847612,Biceps Curl
172.49573760854665,164.70363188205434,166.67112533170788,169.10448979611922,157.6266891445483,169.9070782700214,21.62492023941598,16.17005342921619,Biceps Curl
173.21314340580574,169.0430106228461,157.75350884298078,158.3820546688371,140.61837354280786,171.892303310192,21.295109474402494,15.78486317672082,Biceps Curl
166.63507132564848,172.10749958762003,157.98731774045405,139.50099522622247,179.73018887972214,164.48647957189226,25.439702687460205,21.01743595920396,Biceps Curl
175.35113149416645,173.51398448695906,156.66649651437947,122.27422357017718,179.18717670011867,165.53345872894434,36.81533840760694,22.741460915235173,Biceps Curl
163.6582108804338,178.01998155099432,169.72262281436602,95.11507354653918,168.23829599439267,147.5704499392989,48.168947124922646,20.350521936839986,Biceps Curl
173.92101049641354,160.68630052359725,136.64550942205153,179.37518014209496,122.44369461817064,141.54117632483724,46.51791580684813,16.12169731118465,Biceps Curl
179.00014429268623,166.88519143143603,163.90213367448075,175.52675840453333,173.50409272988324,132.64116032808067,53.8312702514293,15.765838089613595,Biceps Curl
174.48972232317163,143.09670360063683,163.06676008284185,171.60481669637466,164.51971708147008,136.69387529591873,53.30540792598863,11.25007994265438,Biceps Curl
175.6865332175453,174.54094702858646,167.5079395671838,157.94643030509624,176.01691742695516,145.9405361892493,55.2223876664565,15.133132747226227,Biceps Curl
162.28196922368994,161.48223678302384,164.11238029630692,167.03728419620705,176.07045935772763,166.3094567597736,19.034544047683056,52.50152379503581,Squat
169.7106806299238,168.89471593149082,168.21574149256395,154.24319653440233,170.80819353832942,171.3708922940114,18.86065191457658,28.57670299228995,Squat
162.86544454294005,175.69540257733513,168.04039429399094,176.41543549257585,174.23358307486114,178.87007128782943,28.765733743866516,26.70788404221779,Squat
165.6455814367867,173.14635712774293,160.7069703506437,175.74760962938464,163.0967195080228,177.87514864328813,23.26270893522829,28.492928986274787,Squat
162.73009058732137,174.39250611732396,156.7035590425205,174.5232230603304,169.63781412422875,178.14348943894822,22.3552847909962,31.48600824332123,Squat
161.8969345942108,177.2120399462088,159.25504020574303,176.4850302233831,176.45657266668408,178.4125129411878,32.46817371739073,25.188319894051705,Squat
160.37279030543914,176.96475500848433,157.76373521914704,172.70407208188715,164.39789597988425,178.22662323535008,26.784462716648484,28.81938159084581,Squat
160.42406735038506,175.33084131242433,161.50732584138368,170.66443895510577,166.96334030949595,177.3903036854397,30.22431099846934,31.681867928573617,Squat
163.46240936949675,176.1188864799528,161.93227095301896,165.46133968574418,170.26351382064996,156.79690377808885,54.954081641412046,50.17979859416087,Squat
160.1632542373507,173.11497990607447,164.4260035595771,174.20379682133486,174.4910932835634,108.95360987115028,49.16119734336281,55.90217412214904,Squat
158.50561569554986,168.2445320000775,158.3257347991305,15.476875056805945,163.7710266230882,127.41772856423069,56.564419080021416,59.10888524566407,Squat
151.98965573321135,117.3362367537408,151.36415675310212,164.444097693981,76.45063654546661,123.49303941443966,53.64657322453047,46.10234346639824,Squat
136.75162413113625,69.35820514619667,135.25788170364825,164.2737907752244,74.40941554390378,154.1403000345426,53.661197147323506,49.805794299011936,Squat
140.57799352008544,133.66726815961783,149.21750454770745,164.07405859011894,145.0701910668273,167.9235777088394,54.08136679935979,41.54909278350636,Squat
155.15844474377374,169.12241427273776,161.1477181089664,147.12497538841964,166.7651871033792,130.79595810833663,52.901207119345095,32.34963257414889,Squat
166.4378437072921,179.05584649446402,162.40788031304723,45.91996646435649,176.96033376302364,72.57961851062494,61.60310395385672,47.34063415110053,Squat
163.86516899059697,177.92258775305973,162.31054249123483,53.72051973328098,174.28402231303048,99.90141910357691,60.213129571482185,49.23120605313874,Squat
154.60943282525443,160.62315762865407,158.6077458252791,82.20986494419378,161.7943017187257,61.44004425013883,52.00080631100626,42.955723303790805,Squat
143.21755368756598,6.90925657127052,145.830980640967,158.03871870538563,27.60249341158421,169.44055989756913,51.759142023442614,52.27606936001221,Squat
140.9881243625322,103.48933395595265,130.67671458489275,170.58512017267174,156.95310103177457,163.18614158160042,45.93864692758757,47.83308303115044,Squat
152.81989727367537,156.0063850033373,149.8921610449002,142.502888784798,161.2902823953465,155.41501401217545,51.89331081303138,41.17019374757546,Squat
165.11217861200342,178.21054033339686,162.89338609077885,17.471260062722603,177.03268095980962,46.89717900253997,63.18099516525238,42.27466357410567,Squat
166.09607681979338,179.10526218991828,163.90600235464885,26.19640792919947,175.53493785142302,40.47942034035341,72.02081852982575,45.05064586654069,Squat
163.95084529753936,177.09737813800888,163.69253754558582,34.37883632000671,175.64254492173396,56.745177241555474,70.59177308898225,49.789971935515574,Squat
153.80491187602237,152.82563431836456,150.35810338941573,170.6688702326744,149.02471419567289,46.03962946470282,50.32215925190544,51.22678265034588,Squat
138.6331274320438,60.60785435032328,134.8714129402171,163.8312553306904,121.2374717037535,172.0565831933805,50.41545630190477,49.403756942869535,Squat
141.6524194325288,106.00399943914672,141.1410138639223,164.06666266341773,59.65095588268965,172.7879601163256,53.97804117744679,46.31080735346407,Squat
154.54822443314296,165.91728188346775,158.10918081258674,45.37809298912861,167.42224021633103,46.11219437093667,56.88717739757559,44.592254679594454,Squat
167.3760405412755,177.09939030145975,164.20126194398745,31.18699144490464,174.0142563685042,95.80482903282626,64.02936739368847,52.67631979242388,Squat
165.81699874127835,177.1346045623451,165.83609452177765,22.599675973633264,173.69026729307038,50.948961989988675,67.66148618094523,47.21170688128135,Squat
163.78575196547294,177.03583898638507,164.15621533090928,33.968253782601394,176.5328662395576,118.82989954610704,61.599563783116686,51.50360746253768,Squat
152.23428855258368,154.95947534336858,154.4584333298293,132.8432499325561,157.40447515364485,52.84505827641899,51.7146003904451,49.33974386206454,Squat
131.72970550621915,86.64280665417004,115.56142148434714,165.97685966862383,111.23010680332868,160.79778937536764,50.18528994374667,47.05557196034261,Squat
137.67266496980272,112.17887179069608,139.82345755521942,155.66794361066604,77.7586119093676,153.16933663287531,50.92105089394304,48.20006841560306,Squat
156.55725151692656,166.319011508774,153.52392061214243,59.53831144916916,157.04998956939352,52.71525110542833,62.77209518538054,50.017354032258616,Squat
165.02887348874452,177.71452517243208,166.9763424289292,26.789299897983856,177.37179400042538,58.04725558969496,74.56655348010838,51.9260065162455,Squat
164.32754984579967,178.3991149687876,167.3282838180349,37.56165174175851,177.69419894208232,39.64325253971105,71.07380106687164,53.74588550895366,Squat
160.65034740426506,174.3874288856843,163.403177026628,19.419883276722977,170.87219179452083,77.02639577182204,59.36869368768546,50.33583827913706,Squat
145.6055589346988,134.07516514626852,148.0047518659294,170.36658797990805,120.88358452502838,175.0933338063092,50.05553540227831,44.64209655599408,Squat
120.33848702393654,136.33459989822532,107.43520362876038,174.74833247754563,42.01737469737285,160.33770677961425,45.8967757760404,45.600736283690686,Squat
148.1196609797959,128.20815055088622,138.4226291828833,163.9527901753727,150.96158633879375,166.54690842016896,52.90826810635882,47.53689515034973,Squat
160.85945854852326,169.84607672409467,158.7715860128435,38.07584011965503,170.65966284533326,163.32065743625557,72.67007302369841,49.54736556050017,Squat
166.1328368568079,178.16159715701787,164.02870429022735,13.68428757118772,175.82416204517207,25.202176718390568,88.57303261511206,48.70352224987778,Squat
165.38461696911074,179.42123614730392,165.4842124813296,14.355011728602278,176.31624835831127,47.511968489092176,89.62645374710847,66.83232536976703,Squat
157.36447170874845,168.85651405883024,164.08953611712025,19.427119096447033,166.43400755251622,16.006312498156166,78.00361912915763,69.1546092450906,Squat
144.73594374151853,129.56685980020583,148.86693812530874,144.7182038442372,113.74164293509932,116.63654564012036,54.862883443455566,53.15265490376226,Squat
126.15173700628638,89.40442879597197,129.80793311760587,170.78225088230275,54.15366237798253,135.5986318164633,55.36216356456026,52.936789720214016,Squat
143.39512795459808,140.80837373816368,150.99441635942296,150.13626951430254,151.182250161402,177.92369574203096,58.39809234266222,53.6902688008355,Squat
160.46551057269937,173.65220684131373,162.65126850148226,38.28969479520612,171.82872557155815,81.29928809114362,74.0719342385308,57.744455027923856,Squat
165.75618462717966,178.49556341109306,164.12004220849394,10.00171848438124,175.80215498922814,71.79155378768456,88.65172409531803,59.40120680631453,Squat
162.94777155294753,177.4219754558034,166.1880076909265,10.81123753760905,177.09698094899724,49.095309442398346,87.81000743358719,48.366754481927096,Squat
157.7201795457888,166.68474914647862,162.8601196998104,21.473280861584712,169.55380716567012,21.198002187287145,75.6727267125023,72.16163091820245,Squat
156.6823047945775,154.36432083008148,148.77102740560386,150.33313924808522,147.73943949086924,51.24256327374555,53.30217101589959,48.09414176025645,Squat
138.19313280655334,122.00888103337896,130.7932425290433,164.45702193791917,74.04767574168645,150.16269802306886,52.37201507036388,50.844125013876265,Squat
128.9487435877163,118.96979720033715,123.18962833719324,166.61220116693235,68.31983342807432,165.27925613647926,49.2346683287318,48.30822747229968,Squat
149.81967277439767,149.92127781663615,147.86888958226336,149.22337195918476,150.9410997882818,133.50507150443923,49.43522818361609,51.39613404796746,Squat
157.34832691019625,172.2782877365388,159.07570965232082,44.27135357446431,173.2851306783107,42.975875392773304,56.77881048902046,49.080143287074584,Squat
163.88815551254558,178.16424559975448,162.7882002817604,35.94408685682623,176.4478008066795,99.7895394256458,72.78750147867738,36.895975321174255,Squat
166.25961156937677,179.04966883676005,165.92356988706507,24.50010089344505,176.51291000827823,31.1649702917395,75.4682328381705,47.27653843610789,Squat
165.41514627563924,179.0881406747825,165.5656154507084,22.86568638058219,175.4048338924999,17.79832548870844,73.46691580781778,57.16599732257322,Squat
156.7211521722778,168.0533745771471,161.6895681835815,22.965406233891297,165.6710791505289,89.46309872811183,62.02749905838658,50.97050977916321,Squat
145.99810836454805,135.8767393729044,149.59671006686764,160.76501206746858,113.25818663045324,103.88330245742064,57.18623756268732,50.56902454403278,Squat
109.95871629618638,113.77946761209644,112.73622847141556,169.38084194369938,45.95635092597332,150.8986261858501,47.42711287494498,51.13667126502806,Squat
137.99733582544349,130.05717573630545,128.61506773531818,169.58279252597714,78.94381809731625,154.08292511528006,45.374614495514784,51.625819539776195,Squat
156.65151295650713,158.92195962250443,149.6500500923256,109.48792890735383,154.96433347367585,1.7323583216462048,51.68797380253921,50.33722616243715,Squat
164.7257391293119,179.18112689857506,162.46504318557945,45.41416834858171,174.90405265846653,78.38636682955428,65.97111180554708,64.48975980860239,Squat
164.78548816274,179.90855352258885,164.43252785488033,24.753884318917525,176.8704515554729,21.758131816365225,75.99460564567487,60.92416497078683,Squat
166.23031152607757,179.1142689041839,165.1876281884673,12.66055382953105,177.8816620813954,18.660210746048577,78.43324463253575,59.21574767312264,Squat
165.78601451033478,178.1300586289642,165.59573523623862,13.519133898255514,176.18024360978234,4.337565149244634,78.34169556226428,53.74645924213595,Squat
152.19983994645568,157.29999665420567,155.1608710602008,92.54941036121966,158.62927337299843,32.56608867044196,41.96089988711383,23.323808274662444,Squat
144.314948844011,132.13205118847867,143.2769465268868,162.67271356713056,90.46342718503402,165.52659983318495,42.20368247294303,42.027983342089605,Squat
100.19062931018016,126.0738990932358,89.68996067275293,162.75269178806712,53.18111099551587,161.4770153567731,44.76867040244431,40.715059333579745,Squat
149.29087043812387,128.32719311115045,136.36249593716542,152.92126162259322,134.37437337081346,161.665526028492,46.85784457988867,42.71309330327771,Squat
154.07659054172515,162.93577209538,154.27657718879092,44.44693550553029,163.60710968470588,52.49272169448512,62.08096008882038,43.9283044333075,Squat
166.9286106885366,178.0370208330001,163.55327986802095,22.9118490742253,175.34432084989837,5.259994830180545,80.5043086427572,61.54140470321756,Squat
167.44940503229262,178.2390153911759,164.74870237978885,11.920765159536158,177.64566117264374,5.2953730321723675,87.89561228995493,69.23554494915831,Squat
167.63751804872524,178.93214370788576,165.3460685621882,19.085348260055355,173.1427292023938,61.21489228579705,85.787797836071,68.78125706520935,Squat
164.15437428472484,176.78059020543628,162.33785654565312,18.004327270623943,172.6852468730764,24.38301314346089,78.71847663222154,56.40282567080336,Squat
155.81893639406846,161.25354451042216,153.09297444257126,46.719315171493236,148.82952644227606,56.599171107317254,64.76059192186258,65.43893164804116,Squat
147.84655822027634,127.15727839607814,146.17879535048937,153.9608677309539,79.68279433384977,164.68667860204278,53.778645889371035,50.45500619484907,Squat
123.2090603758976,109.34664167472916,118.31509541511554,170.41447877265796,67.27097082480635,156.12123762314909,45.08365964947319,45.56662732227806,Squat
121.78257302543068,95.70613169081594,131.6752377317198,167.22655149131035,71.47861857838926,160.18718793674273,45.369454436126865,45.65696070736591,Squat
152.28641487423135,151.4764049517807,151.08387353211543,96.61983639749984,157.19977639521346,61.91356442472467,54.20117078501587,45.79853269407756,Squat
164.31479046277047,178.6453664752774,161.50431290231134,16.867057325895495,173.25732777423067,18.02036034013476,80.95314107043875,55.4073516359787,Squat
166.66540315360174,179.72663895230409,163.3828301561983,15.8808259950671,175.83315854446803,8.771895579133679,84.18876885828394,58.88267479906962,Squat
166.64669726041052,176.64690152454827,164.15734038505718,13.562623296232193,175.83174980089152,25.838866140892463,83.48486424219244,66.80166922178162,Squat
165.18167260011714,177.23498343268744,164.78492869101487,18.47251841715817,174.9714790748697,8.298962373917806,78.42987555584567,55.661770393328496,Squat
158.74047920921646,166.2627594329183,155.62307597543247,28.556656521745303,160.81683750743414,64.5427568141847,55.43666679658692,48.112013984043195,Squat
145.34732845725702,134.95081135409686,143.884907335273,163.6248299002228,128.3479024628073,152.06254768406936,53.57266472234221,49.58783725263363,Squat
134.11735064159183,125.31294806478311,112.9949467772696,170.54821965391525,47.971728335461314,162.28594993077144,47.9596569087838,48.57648798402877,Squat
155.81216766259644,150.97579074689833,129.15959705788654,169.29495072289856,127.8143352255072,151.35350402643326,48.914295385428474,49.76500604862148,Squat
157.55394604802268,167.14023450275656,149.4176253917828,128.86952893002493,158.55636786714237,165.8264024263241,51.80955790189754,37.71071863423583,Squat
163.65336036272055,179.56911316008248,162.5427298445367,21.28118877004762,171.77165058371835,79.41546757303526,70.18748353220779,49.06409885501981,Squat
165.37696456111595,179.5378419663908,164.63864726832003,19.71780259641716,179.8822646775835,23.537009229984456,79.07556316701309,52.19791118993077,Squat
165.40913421360898,179.27153517881806,166.38335945384358,16.736604457379777,173.42448774969242,8.833782127286813,76.2328536675434,50.35191030337725,Squat
166.00749499370284,175.86854117492172,161.82525472688954,16.21885306257154,174.09679559792042,8.760023410862818,78.14300074348075,53.453302408979305,Squat
157.0324787684417,163.192941053549,152.75720931605767,170.46157107552253,152.6602851733093,76.32135497098689,45.90503213056446,47.640546622212675,Squat
138.67823461827354,132.25446843610166,126.73834935403946,167.63446212233447,106.8117386230923,179.4488630539235,41.21990331109009,36.91684336704254,Squat
114.27656868581256,93.15590177208172,122.32722696960492,171.59778955818928,59.61807283330406,160.69418871797703,42.256065245285185,41.26470026436203,Squat
150.5687733148291,138.44221166871887,143.7589893980006,165.78252779840005,156.6800229193141,176.57238993368958,46.58907516248373,33.12643199924088,Squat
158.05098921567782,173.3613664285935,161.77847148587415,21.005510221248873,175.4558617858319,22.2259936239525,66.35015089348256,41.86910517880714,Squat
166.16933317330825,179.79582854932062,164.1863717462409,18.162556801500997,177.81222100858218,21.932654833528197,80.84320157253475,65.01561941128536,Squat
165.09330340644522,179.90270533243736,165.29928734978637,9.983257610496931,177.22979003151997,0.10892721656034852,85.12092554903641,68.20577871755921,Squat
165.78650310637175,177.93712463380547,164.85799616934398,15.458840032519923,175.96697945913084,16.273944825754466,81.60186122494774,57.870056666633985,Squat
159.609667587447,171.93949452906384,162.1214018141303,32.50809787598284,172.09829220084322,84.20814767326051,65.42764003057259,49.03083018475402,Squat
151.0584213005361,143.99051558828438,144.41844081391054,148.51863268409386,142.9864200403429,145.89876800404855,54.07352143152886,40.10367256264377,Squat
124.03179344822638,111.33699162111388,103.75599339945212,173.50465875364986,87.10338811199436,164.7690877472577,42.19231174178722,40.95016142619267,Squat
144.16989789940263,114.28939533388925,127.8969053178815,177.73722828701904,80.92184197448994,175.25319177760562,42.13053434871958,33.22664803534596,Squat
154.22695747614242,155.64433434466798,151.8752010392594,157.84059131222824,162.14835668789323,103.38953045478276,53.61902315888872,46.247018744326745,Squat
161.01241280589122,176.12397853736425,164.12488908840615,25.09999412434627,175.5006276068279,45.152194184483065,65.60086559779695,52.52439692313256,Squat
166.66261062057544,179.36513314645435,165.1611730270743,14.415688837895877,177.97460358184827,13.782141529251437,81.78057136822842,65.39402218840395,Squat
165.13568862332667,178.31350366189588,167.17653876301569,9.303444908715502,179.0057531028803,49.45512822438876,91.47866838126473,36.328666233857035,Squat
163.58435481439133,179.8032109407893,163.77093439210122,14.453698498207462,175.81548519150215,20.366050496370477,80.91231906838117,66.62782697946162,Squat
157.13923208710227,162.60993353101784,154.436813350894,20.120873959267826,154.07178442838466,81.77589386396122,68.2235192708669,50.43430241567647,Squat
144.169961928029,132.15612562150974,145.07130965582644,166.88930394963336,130.60068316485214,130.8084747090003,58.66898634416924,50.5087649115069,Squat
119.13236451776132,103.44037525055217,122.22422495215562,171.9148226813274,65.78340139121094,152.05492957292648,50.75253763156899,47.76734630118837,Squat
140.7316924942707,124.26271504297836,125.96125197355028,169.6903940309087,107.2413240387832,169.60610800350412,47.182095664779666,44.766878440062854,Squat
156.78030438915866,167.25472756619163,153.98134036519227,85.70447805891342,154.95485749759112,11.608583269008678,56.69071189400914,44.548829511549094,Squat
164.86045662942948,179.5233829532266,161.35661267196932,17.936305675602433,172.94919682772425,44.75894916695261,80.49827488410676,52.90599515361109,Squat
164.83383522781585,178.59742689275834,165.48617763249783,11.718065914549925,179.96474909894872,15.90827696306954,92.50709535500482,65.42360896373683,Squat
166.011106809578,179.7892209428578,164.44493855813406,7.597089959749502,176.9885473425307,6.3567710051684445,88.53096581814009,64.26922389071218,Squat
164.73637874679676,177.8647496262056,164.99150809102582,15.53125128244263,175.3582387498002,4.079535285638158,81.19192333690305,64.43953299525526,Squat
154.81354594217822,161.3038065262124,150.0745780066377,31.710343052349735,148.57377508180286,80.1615444637957,66.75177216479808,63.421387718317064,Squat
147.73343891740532,92.39157396573096,139.5223917392459,167.29416056259046,46.57742719744691,164.36008260661097,53.07652260395123,48.78865874057788,Squat
137.0333302585995,127.62258077676236,124.71430797653387,169.33902535084016,44.25284996670585,150.86555315541463,49.41819906961752,47.902039456937274,Squat
143.70837492799313,134.40779481202634,148.39183081059642,163.70280686003483,138.74300836435074,168.6284110458616,53.378196965675734,38.79322521215255,Squat
157.73510211073494,170.8611807401356,160.78163983179712,58.07053578470288,169.17219695571185,83.5879102515659,65.31075508807835,47.609142800536524,Squat
164.85634292561787,178.86081353246956,165.49312446964117,15.512812250294616,177.248721325687,6.785111367217446,84.79180939955535,54.456294285665685,Squat
166.61743328531114,178.27395530548685,165.16483249454075,14.366982530687936,175.35042629884518,28.4668379728265,84.77906934101625,64.30116198007676,Squat
164.5927286845556,179.09256526122877,164.3960786715682,15.286800616914515,174.44212938532655,22.432842908755244,81.91151181808739,56.838775697321886,Squat
161.08323077258945,173.91292785276065,163.8267190537203,21.60011363178443,172.03142375237996,39.41905241209615,71.85880082216342,63.54969809562013,Squat
154.9064062509169,158.18297271894613,152.1662187194217,160.70315936678088,145.23720450626752,67.60991877605547,47.079041235293005,42.788406914420406,Squat
129.84480015146295,120.25059601303388,127.01850449976304,163.5283443793032,61.0753271280776,165.99848027413282,46.47868276798651,44.43730110808759,Squat
113.22187305912686,109.2252650145347,104.95509784132938,162.53663999652338,49.64005737140034,173.05276239330158,44.56466067942118,43.48364501073672,Squat
147.46751925622257,146.58875102926768,148.44344956336252,155.00455043771717,136.51322888460768,158.67235904106877,50.986452801097144,40.88460599428688,Squat
156.3465067346113,168.64637890424694,158.74692450129734,54.502019491867316,168.9516160741637,12.453244876985696,59.315874370381984,45.14992335541988,Squat
164.34005500502357,179.33069201740727,164.09969207152534,13.25109039494011,176.5613796647948,3.1343088281175184,82.93475223024666,65.62755122517981,Squat
165.95381964190818,178.2578465458771,166.61314963194545,17.10643389779784,179.3256997407446,28.82210018734013,82.4185019271626,59.78790657016935,Squat
165.60094115105946,178.5303267697041,165.5989307769968,16.970997277831945,178.39898959486936,7.253823692700367,84.29914542945158,62.295886352097625,Squat
167.52462445392823,179.1120935214552,163.54727314258503,17.31801526830562,175.71132165910782,4.393261259267479,81.23442155902909,67.94399409709017,Squat
156.7102835721274,164.0177381171134,156.05011120506168,35.01031169087644,156.25489528121545,68.1014381017878,66.90605242340159,70.00083659980636,Squat
146.70625974565567,87.9744548291311,143.39745793937018,160.0059383286741,54.71404228140861,169.80140386042774,51.922808770872535,54.44288626345803,Squat
66.7230192202824,75.44772349499075,59.050212820324205,162.26806752046383,43.80494042209137,157.31424925430514,46.789485591068505,50.364465616811,Squat
147.47409134894906,106.29224839781148,129.8008251799913,166.02389735011496,52.350829953943915,160.87791979951774,44.96065352861711,47.7280196400071,Squat
154.8764592043152,171.46061020332024,154.89778336769416,108.71859964035951,158.49303107273127,131.45375738154294,55.44317709535025,47.64039026889729,Squat
164.20624303390073,179.4168889865231,163.97335504528792,46.7309487200161,175.3437714290748,79.50970273507141,64.0801153091131,56.593722617418386,Squat
164.58188824810935,178.26398175286604,166.48101657771332,39.54255748488873,178.20319954305484,28.98417906563916,63.91657884241767,58.820278239312614,Squat
165.20413440472495,178.50712866330323,165.0135089037266,16.26497823634742,177.79271049289116,28.764338045020352,75.79976771386009,54.17357300951736,Squat
164.42986349182036,179.04526787365677,164.09545971431083,27.65984596917542,175.71460005620634,30.334268319706347,69.58636018191056,51.77834927414807,Squat
159.16726705577005,168.88546741449397,160.26336468595315,37.8806698255876,165.0680161351429,69.60315291814045,53.28865178179315,62.73778411129684,Squat
153.8976301735966,164.1880138316842,151.08252039377507,174.03662919090655,133.0999608748538,136.63321825921696,30.87594189586225,47.90532490475644,Squat
111.80972185543098,98.72385646975522,100.23536424657902,147.40506325338237,68.01972982298855,165.7011672400577,52.93827209826084,50.18837035395691,Squat
122.83489045951193,109.63183178179496,117.2013992393475,139.91564679457488,86.43674145636976,166.87672239386862,53.8135441478695,49.704466548840955,Squat
157.24802946820793,168.7748168984391,149.35138421290222,140.83691288870446,154.67353412922714,165.14109400601805,46.09225614002182,48.81759215100312,Squat
165.6447656078664,179.617176336636,160.97637176648004,40.66126753283755,175.599772634856,114.7460882365088,59.62031226647017,49.86185959358936,Squat
165.6632997902237,178.62653342292205,165.99038918396488,32.15876194431306,177.71548947038497,18.6759636857474,64.66666490595306,52.73662086260588,Squat
167.09848802016097,177.5005353847522,166.33966890655455,37.56410330579752,174.54696507671858,0.4516380897958227,66.25853778422474,59.297555662637315,Squat
164.29290468294815,178.83156566358198,165.601637683286,50.862361648517776,177.2901678739395,29.879141124601315,62.54592519379844,58.480388489844906,Squat
161.26782442231348,172.5411668986104,160.96971957701547,34.985020146206395,165.20244213713093,124.13661362192477,63.78560691272668,61.13785423889537,Squat
150.52284034884718,160.94899812813603,154.5882660253308,130.22403224464594,126.71134498297862,151.4715700543266,48.0461624838101,52.16511861308512,Squat
132.40709012792027,117.23340402643524,113.85247993313855,143.9005310777,106.37396565588442,168.94982299139744,52.6510029277146,50.28179368779742,Squat
92.96150265041388,81.20860143764043,97.2396415200837,149.42482908121605,65.00783001646549,160.85485483207177,49.86415986266766,49.36230603038693,Squat
154.5553749060261,155.86441379468238,146.14893967381602,137.1156862783009,147.2120523479958,145.61295334265537,45.597029464560734,41.22324356819354,Squat
161.71689662947088,177.02555346477553,159.23131487618474,30.307106740872307,173.18161495496082,34.65521078996993,54.80180724313014,45.62087280487411,Squat
165.73098200272065,178.57735342356733,165.42054035352348,45.608841604663155,178.38861405149794,173.89012154301437,62.150050766295905,49.64996775988297,Squat
167.01143593480353,177.203445503401,167.07015900269167,37.81365275761283,176.41756537006052,160.76804253513623,64.93587439278593,52.38592127721578,Squat
166.73192051091365,177.7859470438993,166.88605053998467,49.06767989041305,178.84813643182537,21.99682684309813,59.24975748711243,52.67452773978889,Squat
163.35015052377958,175.3025515822584,160.84266046864263,34.79206710880152,167.83183219710963,72.6363282300119,53.63345532258414,59.77987271518758,Squat
155.7943994469107,168.15463177605798,149.94598006923547,164.112143204246,152.16853738798426,33.84058043441456,33.82916735448891,44.938143142850215,Squat
148.48761503041646,51.23646365252242,129.33047319053517,141.13919790966838,37.75070436799226,160.45838254969135,46.01522878471332,40.532245191359046,Squat
111.6316725431122,96.77312881416242,99.14202873802844,161.60770056268078,54.71923421079611,161.08974665719987,37.75921194872303,36.79353222751573,Squat
146.15015907319426,133.71010546873876,137.54592454880327,144.47301155368783,119.37337797693844,153.64011844377055,42.73204606276604,37.397518862980675,Squat
154.55992269431025,167.3380940647991,156.3759633237384,100.05100486690004,168.31716169263925,68.62311689361641,47.92406204276471,41.47008290956585,Squat
163.787324857456,178.07844251210832,164.4193152808786,31.010592825686196,178.5768287227253,5.992473193070704,49.42931464846335,32.821012241538384,Squat
163.66483268714458,178.62573203470032,166.06459713605807,31.91454113238488,178.87505740910342,14.235947158394003,52.145720811741114,35.28359209934731,Squat
164.43953798937187,179.29005155089888,164.28368460601237,31.249494794890794,177.48249243284806,41.30656764967789,50.309526446842774,35.815942691450026,Squat
164.02211294871222,178.7993018285021,164.5333741029115,79.65482923908485,175.1852524552967,14.522363714887302,49.08340637076555,33.83945463384686,Squat
156.889590935784,169.50566104958725,156.69705543393027,150.73783993719005,160.4026065785823,102.67076955522712,49.90288501324229,42.560394096754,Squat
151.4355838121041,138.88358271817816,140.2653319509911,151.18063160939994,105.55871550038616,169.3662710817345,51.19226735387533,42.538878325110424,Squat
98.5970015873807,85.96959546785286,87.781450081922,167.90449111111712,45.43796008090471,163.0837343435293,41.948587047118096,45.815634991099294,Squat
161.02074997398302,152.72619533264125,135.54721137122317,162.255142699108,102.12984500947135,160.3170781693249,48.11160281271912,44.76004139713052,Squat
159.42482113669723,172.1550237018581,156.72867945624986,49.24985678634653,164.29742561828948,64.78082328637647,56.23082303899533,46.25033222340577,Squat
166.5603097992045,177.4681461972916,164.67582622934114,16.705176457980954,176.69945588273123,35.33227195443465,76.80090094404788,60.58981753321383,Squat
167.20057486038343,179.12096177890422,166.5879453193075,15.590088104588508,174.22187072988672,16.14637378529034,83.30263883236991,70.09811993985862,Squat
166.52686388301996,178.85890790386324,166.30557230785593,15.44933538064041,175.63843875903223,34.55216409230961,77.04164429129901,57.034780323307885,Squat
164.25636801329836,176.208015013973,164.46296144694708,30.291891992593303,175.54107134747787,35.02728092470409,68.10600671883469,50.877979023245175,Squat
155.6844443850428,165.81638562850128,152.1207583291408,86.48509505761405,154.7550051301834,34.92691883391342,50.77963878367955,43.7705819540571,Squat
149.70116073736932,132.85345340110985,126.73371316833271,145.7938485203605,62.06613372705664,175.2187649223942,47.61835244586292,41.04796833265452,Squat
112.32658161362704,118.98178723280463,101.91444498147354,166.6023497483468,72.99951008383195,167.02955737580635,40.44066085701246,39.75393534174614,Squat
147.45660407392708,131.8759488051843,147.85794732578498,163.2860658899568,140.76717872835567,157.22079940650005,45.89736503544992,36.747173944587864,Squat
160.28410873730252,174.0248781726142,158.62928080538927,112.45991759667363,168.85439775534073,89.8858513309373,51.04615031230035,45.34958028597419,Squat
165.353051339981,178.28105216546746,166.15085874833463,26.84973977012447,179.17170583338964,32.77652370159861,71.28153584385262,56.89171231191646,Squat
165.84469584162204,179.85891758713345,167.0913406062774,14.661420950168798,176.31483708447556,9.515745669495129,81.85512310179524,70.50383529541885,Squat
166.800989222069,179.9761392673026,166.18009281986727,15.91905768199493,177.41870231361008,2.9192140524745653,75.69609129728217,57.90404987015,Squat
164.0218136160792,177.57602062446506,163.90662912665744,35.569669398180565,173.09917027758914,24.171169198549673,69.15728845103085,57.215971766619376,Squat
156.96374617481516,161.89312691767577,154.4720574970385,160.0787264244563,154.01845991043598,100.84020523050214,54.45675479551097,44.15474986161609,Squat
146.59770038766592,147.00565649178475,122.69254307847766,173.6907513489341,53.10241167588418,163.59659595401232,39.379560753764075,42.6163791922728,Squat
116.40961601551967,85.12447996615998,101.6296717704978,171.8681345035547,61.06931425369911,168.8297078527737,37.63651236958011,35.53796774272635,Squat
155.57506112874017,146.6778759600057,132.86832216962512,164.1303948106418,149.77128338171252,168.47019798882425,39.628511775323155,39.35890597982057,Squat
157.9470997237907,170.50467589439916,159.24268145081007,127.19653493932096,172.25919545544195,138.96382714419653,52.440926849159695,38.86305125496972,Squat
165.20645524734317,178.34171863081232,163.4018776900836,53.5032248607838,176.59673442984385,50.56608727115502,66.7839223307328,50.49887554615439,Squat
167.71913678549265,179.1117439318784,163.60215946556414,44.735268461922715,175.44287072769052,51.40197183419265,71.17092481741277,66.4106316942265,Squat
167.00769887802537,179.36205263331965,164.61486491671587,53.63407218653693,179.55989571831267,41.16271945646172,87.41834118704253,83.63312408567673,Squat
166.37982473156515,178.98777949640106,167.17064987474615,54.981077209010266,179.3196652766778,43.375447315617514,122.25584683213782,114.52708255917037,Squat
162.729975537463,175.78714195314475,166.6479954367626,39.00496805572726,175.6386058057793,38.312184261684635,137.68557698041525,133.7238307854617,Squat
164.2659427397009,176.1322594424902,167.7308837256301,34.96324684159884,177.1146359945835,36.27241856907127,136.92891528383265,134.8857120240297,Squat
161.90096341290004,175.5158511557223,167.7099396613345,35.409214202387304,179.02564142099564,36.97137240466178,139.50519751565986,137.37269802118453,Squat
157.74130253580893,158.39543020075666,164.5837501626726,34.513863022762166,171.71283725083632,31.84736603182725,137.35497034920513,134.80080567607556,Squat
147.00687309584234,37.84145009508699,154.52602156854712,29.341875741425724,31.87116425590925,30.46348206058705,125.99219045835903,127.91198008777052,Squat
131.87361352416133,60.81073952390784,144.47949779225283,31.158007633137174,110.57631277167025,31.844327045924935,126.28211566190866,122.95999073601638,Squat
144.30901206631944,105.8541097574277,159.2312203173947,29.189281160609937,144.87699081551523,26.983160508002616,127.8969819301663,121.6572180738116,Squat
157.17660132478682,169.163590180134,167.25938146760302,33.985774300197136,173.60872461959005,31.486775346288074,139.08726369684845,130.91557495630195,Squat
161.67236659003498,175.4064043206609,165.5990971777194,37.3221103072445,175.21513162260982,38.215310305543795,141.39374218562835,136.5717155572703,Squat
162.0077511942896,172.77212530039014,166.1916675001689,37.00494796660035,175.65518997419017,37.70476434678768,143.044653156599,136.64748927731446,Squat
161.53239182877556,168.77676315719998,166.1552473142375,36.42170964157051,176.314102891961,36.353875209420195,141.1411184767808,135.99613645493852,Squat
156.64766583570852,161.69123800329993,163.548473952695,33.08463575608371,171.8449187241012,26.962965682117748,138.07205789241104,130.0341134211163,Squat
149.6397133146684,63.77356338832253,148.96367730078578,31.112355899378088,63.5756671333994,30.62480168056979,127.10654572353512,131.4712832245843,Squat
141.30329994983637,43.24831705638151,150.73741785949437,27.746652836946794,29.34187888241448,27.662117068262276,124.93624885077772,123.91236360098851,Squat
152.35955968456562,148.61105012056362,158.0891973529883,28.901755814618753,153.11247550197547,27.93265015427224,131.68114070183307,124.43885774448432,Squat
161.76964182505347,178.0759164682667,163.52973796463675,34.439980004998375,174.54361108721875,35.91007197104246,138.00896783699773,135.02662532274377,Squat
164.02140990582,178.45219477768657,166.10557757315868,35.55488241845954,179.88451764418113,34.92127063936811,140.04017688996657,134.06896668095095,Squat
163.69116634318837,175.00097594463753,164.33193335996273,34.57439706609861,175.36275053611965,35.191886260975494,137.92910968670014,133.41422510233028,Squat
163.48714630784917,177.9032558919445,165.8435836407871,34.68271653700748,174.55518243803093,35.259825369837515,138.20917050437302,134.84038103206166,Squat
159.64051659052697,173.0574234242136,165.0277995482225,33.646913565921295,173.57424683953712,33.777218072310866,137.77714519018983,134.1420201522466,Squat
153.7785093924496,147.40214966204783,157.01248006925016,30.90721749051596,150.72085150949465,31.88140504996908,132.07159073216098,127.6703423063475,Squat
142.35521693247966,21.966829064288717,146.7947532245357,27.208603219148472,31.988125014158115,27.981763424631943,122.55241831478332,122.39297641388352,Squat
140.34826638741734,37.14413701265782,147.5894599726188,27.23581731865994,151.66387852332485,27.941304931952125,121.92823836125972,123.29478856504484,Squat
156.15593247588745,154.90947938657067,156.68609079546368,30.731793122462307,151.19336385131197,27.237596356151276,132.58375176816105,122.81758272738242,Squat
162.31853113738384,176.14621949393748,165.08680000522057,35.34826355565161,176.4406250927714,36.0471601501107,138.63608297873515,135.13405856961273,Squat
163.61422643912962,177.43083650220922,168.3774958938147,37.831240457304254,179.17575635754022,38.36149999103457,143.09069811626938,136.30504521597857,Squat
162.90198372292213,171.20411807760436,167.62583628508057,35.094086781697904,179.72897903401434,37.39996071195347,139.474040130614,136.46269526584464,Squat
163.4820332439058,173.74040263251246,164.81833472471277,35.04777681560535,175.53708710342235,36.38304218531293,141.01178815855926,137.77510144660064,Squat
159.65371370318942,170.2100634295537,163.35633518777593,36.885456478184175,171.18908651252212,38.600219878876686,142.30671768032357,137.75811261813058,Squat
155.56875014709078,94.56314607219912,153.88326832166638,33.41462756120109,74.75289228287349,32.46699818860082,134.84231905314914,133.17902136740858,Squat
146.39510157128208,62.783667610320016,142.7395347942601,27.754018474745067,57.499459959631906,27.53027710035277,126.71396149608336,125.25255822201784,Squat
148.55948045481378,53.278692358761425,142.38763506211768,26.78595424533171,27.58279839203345,26.13042811333727,122.8656204500897,124.62293825538126,Squat
156.96698466380047,155.60942485583715,159.10775238688794,31.93171410569238,168.5355713809473,29.411902477645143,132.3561060005215,128.48771238502832,Squat
164.0993975394864,177.32369050006147,165.24295817203915,34.6420113239142,177.33709277691145,37.066133800952315,138.16116953979522,136.9764639518428,Squat
162.82777993645686,177.7970480175003,167.09004619707702,33.85923541697945,174.46002740863224,33.77354432822895,140.1766365165148,136.32852739153506,Squat
164.3134309956337,177.06538474921894,164.56485383919244,33.28389147072795,171.14801080924624,35.52481920343596,140.62003178678935,137.82232339622018,Squat
162.0410660906327,177.9685307552529,169.08572801583358,35.73090616485989,176.47960465344934,37.07364853940012,141.42655712017478,136.37716625823992,Squat
160.62126531421094,173.96084139886466,163.7481614870225,34.03386246409133,171.24343731988864,36.35208055346412,137.23277900040296,135.1997184301548,Squat
157.42888615504737,159.2470568065995,158.74877298914583,31.010579625218895,151.86814524159917,28.61474123468949,127.89162404808935,127.2921221487509,Squat
147.38200589180465,60.42058320790998,145.13256726673907,25.011411953570644,85.53421662235237,27.303872276170825,120.42622192147442,122.95894933987898,Squat
145.3026745743008,35.39459718389771,146.62653543384673,26.442658029779352,68.11128053455046,26.35438332980324,123.55070920234468,122.97108109060127,Squat
156.5713672524864,165.46359937867874,167.48786103208602,30.604192856238623,174.63903166306454,28.568330062159234,135.19402164746884,126.03173012700144,Squat
162.90346214017262,179.53091335299317,169.43100660497376,34.29777003286418,178.7621591159961,35.681745576144216,139.68044360880882,136.88770498676644,Squat
161.38908549660246,176.21254491442204,168.26075371537155,33.24009648067758,175.6499929135881,35.160226087595035,139.92851366445146,137.10522353625785,Squat
161.4249008844866,171.9364012143514,166.6493820398783,34.43915365414924,176.690318534677,37.54184206878973,137.46995579895838,137.72621523133813,Squat
162.37331743579577,176.90824370063413,169.04182439678715,34.64694578446617,179.86475088760656,35.558657744187606,139.02078113884798,136.11017137545105,Squat
163.20813503434948,168.2199331438579,160.77224675244017,31.312141667330177,169.51618475385166,29.248091056808057,135.76107723680752,136.21226869060044,Squat
152.22131483419955,100.00418915247332,150.53464757135436,25.640234223348415,75.05895440294418,27.227102378403305,130.79161149591093,131.52275148377177,Squat
134.53944675597933,28.483333182963374,145.1391164496177,27.270326754287623,12.439112364428874,30.728317093829375,125.91172985917596,127.6179288414771,Squat
154.04807140516644,104.0300559737149,155.19722089924431,28.847086247934897,53.69838273352783,28.941108339919616,131.21126351449482,127.36051890710404,Squat
160.53433523563268,167.59851651621943,163.96614652188168,31.69671656472634,172.5815118113301,33.909725133242496,137.96630846722366,136.6346608948224,Squat
160.47290512142186,173.40113774268593,166.45624047692473,33.589212678639925,179.14185585317017,35.49849734740466,139.52884826460465,137.4141292784953,Squat
162.17213637220115,174.84646863783993,165.41414547418842,32.127075881993456,173.31088766140996,34.441382692866554,137.88975538942077,136.99404578549093,Squat
163.18389235739087,173.61223339889625,165.0689757822269,33.217839026621824,172.88737282893962,35.1237723363677,138.37071301814393,137.56579835074515,Squat
161.83438393907926,175.4043057053506,165.3902488770591,33.40041824386471,174.53071911667462,36.50766090753779,136.03388158592557,137.64468392366902,Squat
159.95083084451764,168.91579258307516,164.90147477138223,32.57728612554547,175.47055582629193,35.68455818344894,135.83505691692005,136.4641156435669,Squat
154.09168270972714,120.14631664590851,154.91560267476925,28.79291836437767,115.52997805967028,29.24238809847377,126.46021404468364,128.0153848310364,Squat
141.57896645374908,26.485169601646763,141.6699052772659,26.746060196802716,12.271578612189876,30.58457564802949,119.77940800280496,125.81396848261365,Squat
152.36379738192102,62.77128275305494,148.08777349429994,24.93516414062935,22.351062435289283,26.978027672108094,116.9147677417611,123.3476028145394,Squat
162.95425177717962,179.01286161128695,163.65358116595448,28.53396750282803,175.83331524079273,25.75078054952823,126.88169438199672,126.52098317588997,Squat
159.9363164424347,170.5505826296605,162.65441450745683,34.15649764665778,173.77946235375626,36.86724626194959,134.35182438165074,135.40002310445638,Squat
159.44092701975,175.07888403140336,164.94081933600273,34.05377580963727,170.8852418652725,35.99492066874162,135.3460970123459,135.96415439629644,Squat
160.60042291625447,175.65505194240134,164.55720991455289,33.491755753195065,173.8774031641209,34.48253662807825,136.71754342709204,136.60766948115185,Squat
160.468889411402,173.220497894333,164.82522547924913,34.170306630441075,174.8171637649823,35.87885482294315,134.50752325295738,134.40477058203538,Squat
152.74502465966728,153.56320849453098,156.8075413448353,29.64154144819059,153.44701007429,30.611280638308585,125.48036901031948,127.33074100250744,Squat
144.16943589813278,27.386046821463527,145.50579422134624,24.16074358178412,13.64307905685708,26.160424147150337,117.12813004998598,121.73531094031694,Squat
141.22019663215357,57.75129437144071,145.24244022075354,23.863325199565736,44.67062918110055,27.604554772253948,120.08707402904882,121.85376860163812,Squat
153.9762515419315,160.43606397400072,159.93032911742765,28.684909781647832,167.71936134284047,27.43695053774008,128.55337014327395,125.6035948025297,Squat
161.2045955903231,176.04273501889594,162.26597726760042,35.68882983613781,175.1394091782925,37.97924864418672,138.70096231941787,136.95644926329322,Squat
160.7604270875586,175.98758142703102,166.19495566071274,33.2267768395173,176.8309012453677,36.414147243135865,137.9889342048123,134.58815805107676,Squat
160.0592424078948,174.24518302049646,163.48219905050885,34.030592612766014,174.13607092452264,36.17934874178773,139.31460879176754,135.3548263282082,Squat
160.97069205570708,175.66099695243858,161.10259652157757,34.63776139828863,176.81447671969934,36.57235698256591,139.53027435629565,136.90638106464303,Squat
161.22066604842394,177.1911363051297,163.7779342434844,34.799520978402825,177.03578333530592,36.689582249587644,135.86030229926402,135.41868473158578,Squat
151.83706104982633,154.24999069312605,156.2639561591893,31.769539825740765,159.7914924652191,32.79596324371442,124.50310064021932,126.5584503098586,Squat
143.9225954256211,48.628930951349574,141.7967363830267,26.834533874411537,27.87256034511465,27.291823654538533,116.91893714306114,122.5397570844915,Squat
140.78936026578583,36.492846268815306,142.10850180400706,25.40729559534964,8.22679421881559,25.09534889823361,116.60921095141228,120.15375823998914,Squat
152.90055257232078,166.379232082148,163.49772054564744,28.429258188201857,173.13245412390287,26.015689011322447,130.01732968072074,122.8749365672784,Squat
159.86215189588472,175.97916360331257,164.06982833064808,35.367626379508025,174.54049509653942,38.53533634277773,140.12021400068906,135.50578608909808,Squat
161.24615006805698,176.54312065708515,163.7444744976989,34.45638380686926,176.73767223834625,38.89666441119713,140.6909165190898,138.14821292016197,Squat
161.2064417520668,176.6834387410253,162.55006534921955,36.06088478155649,175.48599220880223,37.131821033264366,140.57185132329442,137.9222754980254,Squat
160.01505076546505,170.18826799426236,161.21748599500188,35.48803910129849,176.20216178599156,37.39623066131023,141.02595439542077,139.80117569232726,Squat
160.35968575918315,174.41076741352097,162.5413721777317,36.37923884712241,175.74397339082384,37.71933073178239,138.87291243472032,138.23439646111302,Squat
153.60362022714904,155.25411939998656,159.97970174852674,32.96513848819444,173.3760752152911,27.305171715688303,133.45726985174517,130.77608298388964,Squat
148.2825631821359,72.54334123438196,147.77580940490338,29.00546183596822,137.40652062736714,30.11769520428517,119.80525978175508,126.66890505721592,Squat
137.73959934459168,51.795908009303545,140.8466305705407,25.065892689118073,72.54147963542476,27.895547864707048,117.42780764114156,121.80161047179776,Squat
133.77328012181096,67.37581232501952,138.2503580591704,25.62251461015484,96.96583772960751,27.243469032812893,117.29756312016788,122.82255886871548,Squat
152.75300316344956,143.3874152394539,153.04066643334858,28.29955094525951,129.28001521848566,28.893690899608195,128.1947718658688,126.06413858133936,Squat
156.67464432967128,172.3497052524511,163.03152202787254,31.36599939632293,174.2317974292339,33.62897833275167,137.37908041686822,133.3342946716478,Squat
160.09297859477138,176.46505869461845,162.19368492174584,35.11955869920985,175.0912880739146,36.55823700097149,138.97474505413572,137.01472205856763,Squat
162.1445250982164,178.09625938629614,161.4130531729843,35.27643920184475,175.4989601572113,38.40014601123136,139.14816848017892,139.26450106377249,Squat
162.10966586416563,175.7398369819628,162.35082396452827,34.625716502585924,176.2474430310086,38.19842411058571,137.37148664883046,137.99164708548045,Squat
159.76884214464113,173.3353452107795,164.68833463191842,35.25896201602604,179.088175941867,37.990614624806376,139.68368618857207,138.51815213856932,Squat
156.57717503532228,160.01520224006512,160.22763936974158,30.876275069456597,171.30776242112188,28.13569237150372,130.41706423186108,130.4121357754541,Squat
148.44424115783852,93.97359655162842,148.27185244029903,28.903972767254857,50.16792898907217,30.815093281672848,120.44503886555414,126.4176538411341,Squat
133.3425055660278,21.292796737779007,140.04272344495837,26.807333277848898,18.01608442804047,28.350232542103708,118.5293414753027,118.54246581675544,Squat
136.46148305590293,88.72816731738897,140.08557928107282,26.05063161759756,144.00904940572016,27.37106062163607,119.8495421751293,120.40061766920252,Squat
148.5443934331704,141.90681347548653,153.69831021823674,26.415397691304634,160.1335653082543,28.607483731948108,126.56259430384668,124.53609351074564,Squat
155.7745899234224,172.84890006400818,164.25185915956027,31.177228936154226,177.7313261365734,32.02743279446918,136.09966803660862,131.42857563659842,Squat
161.35653518345114,178.29197619817657,164.60916152182864,34.75906328397591,178.38840628409125,38.30282121387476,139.66728542019152,136.50605793728278,Squat
161.8400187543853,178.45154746461117,163.83853618183778,34.62803295412461,178.92910170559193,37.45009114012198,139.0595840216211,136.56019485756633,Squat
161.78435849248007,177.1841954333113,164.63827651306605,34.33511022380475,179.34908812923592,36.30970927165245,138.03456276688053,136.69873093643434,Squat
159.92078085057665,176.52558584304242,163.73685245705158,34.61357075070182,177.55304005948824,37.42810806416338,138.52063486339514,137.048640873418,Squat
155.53615934162514,159.1858876620696,157.8281002823093,32.264944915794615,169.82425676896176,30.49096264345804,130.67702090776876,128.1742729638799,Squat
149.1853185504634,24.775550682539464,147.96516541078162,26.326386435086818,59.53682220032739,29.155951991419325,116.44361638771888,123.60623877679608,Squat
129.0490210345124,48.45427008172781,137.28643506575358,28.19549039548275,59.4021170025724,28.449346771355188,119.38302835005112,117.33711154920285,Squat
149.93831965976307,60.838425848166494,146.31903004574465,27.13180306332805,89.06075420605836,28.59404647138753,119.64887408570624,123.17126280189962,Squat
153.49648288945068,158.691700632486,161.27659495241082,30.32897077045789,174.36286531895774,29.945209173063443,132.49403111365402,125.08835762093496,Squat
159.3229341159011,173.82275302666574,165.06198844566063,34.96714229820724,176.71668175902602,38.08777442723827,138.96102089258358,135.93384532368762,Squat
161.78101049701584,175.41858028116462,163.4825660810875,34.880573547575004,177.14927485898522,38.23804062809281,137.95603335624088,137.2408507938253,Squat
162.6127045513883,176.16376163141905,162.9243998068684,33.6395975629949,177.45489768196828,37.14254342973203,137.8304987257812,137.77587267707295,Squat
162.1735639961389,176.1778540705624,163.00221123670238,33.631659240201536,176.28875520299545,37.32927530030512,136.88819197476306,136.9241522101555,Squat
157.07641844576807,169.6197237879197,161.8398196736489,34.51460086859089,172.6808710976296,38.13208502356383,137.9974166251306,135.06621497861866,Squat
155.5896980277809,153.3996533609812,156.55864530503692,30.304973663550072,136.0761672428579,30.60345395309037,125.38167518260126,124.45803027564304,Squat
146.3321666298609,41.02656819922798,146.1855133925259,24.508933988187493,31.794290859494534,26.3044109209281,112.58877020553756,120.14420474361964,Squat
129.6625385071034,30.26177826132713,143.2077924763368,27.45150553759504,25.8585722355984,28.215589895055302,117.17423466736744,117.76508313741178,Squat
147.3133853079654,90.43178332938038,146.49145928716808,25.5272065516354,133.9898816861553,27.400109264822785,115.80024846454486,120.92426489603784,Squat
156.94521755808626,165.1387993474121,158.5900228311498,29.30508550449855,172.9805617054452,28.888644562439747,129.6523123493155,125.652759423543,Squat
160.84742279035837,177.249585695908,163.2320434164219,35.99167098422271,178.19780304137237,37.84769468582832,139.74546969720095,134.70387568717675,Squat
161.66376991058414,177.38479053126113,163.4911987020703,35.46895587989985,177.37914541549796,38.453627427824514,137.69478491920566,135.23594958931633,Squat
162.29504143221584,178.1104232523515,163.6304399954097,34.92130497741215,176.65948615492462,38.4096397393482,136.99734318947648,134.7177640985826,Squat
160.9392545684487,174.4990887365579,163.0220840446992,33.932734029820494,178.30989502870236,37.490679167065885,136.415170426981,135.0646656461575,Squat
157.20815277204326,170.14685996534382,162.79403031449257,31.82759625891697,174.04054217651205,32.82104038145475,133.85219455159327,129.8854218379352,Squat
152.5339642308511,154.26453142997417,154.42256340823275,29.03011503086799,149.7444860592514,28.71158472140967,124.51761599879028,121.72769771512556,Squat
141.88596111430195,56.5698066758878,138.92833252844883,24.85403437548274,119.6544097940413,26.516637267203897,114.73771537687296,120.84221436685716,Squat
129.47344060683932,38.945886876553786,134.37995060410773,24.958052528027565,67.63703383289199,27.02205287828763,115.39813911256542,117.23371939435911,Squat
145.6561828722439,90.86328857350044,146.92611323214288,25.496270656060915,39.43368823756833,25.834400844472057,115.82308476959884,119.24820548066768,Squat
152.84987655498918,162.328350065393,160.2913306403413,30.969388829742,171.50521844001727,29.295617255936634,125.95389610791403,122.09378639608306,Squat
161.12555887299078,178.24276385156875,164.59839824488213,34.19322443737798,179.2480608407738,33.37713727353207,136.23587282750586,132.46411362481874,Squat
160.44268494501972,177.07631880952897,162.99284397552307,34.72927178576231,176.86190830980112,36.00499209201773,137.55897171906207,134.50064994801093,Squat
163.11687153812176,178.707116845831,162.87626645984997,34.473280145020965,178.1150586355062,36.92340411397421,136.40247997516718,136.01955785847449,Squat
163.41408601398126,179.90379252949924,162.80486602866816,35.126031287421085,177.6286086150718,36.30094413117659,135.91792199235712,134.6687217733198,Squat
159.2163989938036,173.22158678625112,161.77382906874954,35.14831343432974,176.273136121188,37.15303911524566,136.52164524950965,132.20181646499657,Squat
156.38000499720064,155.69087247055285,155.1720547691867,29.704918761718886,162.07845530459522,29.85043322824782,121.37182822077293,121.71510562442066,Squat
152.8838762546333,38.90984374070496,145.92205902724004,25.274220166957942,5.376771584437802,27.694291323077913,114.12371660155524,121.57860966894606,Squat
128.6024492511037,43.68915994494472,140.20521468253244,25.872050405657205,117.86243579703104,26.70618550151109,115.70320159058986,116.0704607480498,Squat
127.82277355750811,18.09218016864788,143.35528147050192,27.00431501116293,21.270391557448725,28.757443043076716,120.01520811432026,117.12773736648415,Squat
148.7023110454841,124.36490831608536,150.5549558811012,22.67552230639285,155.73348874473643,23.95974837862985,113.5127103859816,117.67107640099717,Squat
157.6711876915411,170.97785096569473,161.59281455524098,30.57190161038534,176.19666153453468,28.20476265985579,132.07794194540514,126.27018167318462,Squat
162.3397179732845,179.49215025519894,162.07069493953483,33.80049389358335,176.49035893087205,33.49933111345105,136.7842098676426,132.52782675955686,Squat
163.18838826114114,175.9182271302156,163.26728973781604,35.031865931569484,175.83876799635033,36.46567348597968,136.5193265452341,137.2107012040312,Squat
163.50525771176365,178.8235545585352,164.04468686992337,34.99945669500005,176.22888398476746,37.334486151989374,139.72410727056155,136.62759357272026,Squat
161.1114168048867,175.01544230301366,164.91068407663187,34.6004312979003,178.05112114158123,36.73763141183034,138.14635748195906,136.25921131683037,Squat
159.07369858321388,170.36378740702975,159.3092846060472,32.387346576488575,173.5529460929039,28.453188865161295,136.84352742366278,132.36536734960342,Squat
152.01214567906493,62.724265950233864,154.54687489548198,27.65024917081547,50.301398062978535,28.393919761174388,123.69251653573018,126.46410237741132,Squat
136.40933830359796,80.4801674621869,138.4159901407653,27.142660760061915,116.5000185965966,28.15391838462113,117.30056734881524,123.75854795034864,Squat
123.1611547983564,100.91026721101788,122.23428861739912,23.58310202135664,79.9395817794872,25.260932804211865,116.21187778409671,117.33118744294526,Squat
126.08378281345082,89.04714614927678,130.00425245853458,22.63357858691313,122.153876510855,24.287456194725724,115.83279208090626,117.17880154891104,Squat
146.2970413727895,118.15842002771284,143.18926830832368,21.92100852385363,141.90526831130012,27.184284082378873,115.296675107252,122.5115046562362,Squat
153.39476249252692,165.97527718766938,163.9970135082962,31.870140347830727,175.76535482606127,28.191582037237566,134.55572654197655,129.57250228339635,Squat
161.17483565348212,177.9028923613223,164.6565777168923,35.7611875714249,179.79068866213825,36.96181937040268,138.71049202580488,136.2051682451025,Squat
161.8561488928206,178.1484059063133,163.17199472546196,35.18654301585483,177.140021634707,37.60410787030264,138.7263651259133,136.43943654331733,Squat
160.36598211710347,172.63455763044493,161.87201840782802,35.01909678170525,174.67442582020473,38.66898638801788,139.68302394992327,138.62619759911422,Squat
160.82696013492392,173.40175776296363,161.72042524921227,35.72948832081738,177.89092006852462,37.83491341553461,137.3231349611269,135.79655359224571,Squat
153.79676274958393,156.21244512067352,157.62038251230155,31.290048182782357,164.49302570605997,29.89360038378223,129.26208982083082,125.71214597827864,Squat
147.30427706526723,28.66387743396979,146.24576856705522,27.12516325423229,31.68335689207817,28.379148702764297,118.19688280366242,123.76401333428288,Squat
131.005065982789,38.386319846776935,132.4711138986088,20.299953021007184,68.2585421912488,24.870875858101417,110.27089564025096,115.0814727836052,Squat
137.74318673530792,63.02642308004393,146.26861166467327,24.97032422132952,22.45895812899859,26.768091610566746,117.2070000733058,118.7034147911346,Squat
153.48421590415944,150.27333794939258,157.31462724635225,28.87409373580357,165.7994255896293,28.23039768426732,126.89729875456544,120.90159205531008,Squat
159.5902491639248,176.45207040522587,163.3170750213215,34.2873268008517,175.99660828333225,36.74275230325614,138.36284283620867,133.1711394441524,Squat
162.62203704817074,178.01660776151627,162.9332486246801,34.4099527912979,175.89076599518592,37.84682333087673,138.50691948727777,135.81356529097167,Squat
162.60769219098853,176.6101478557556,163.2245872807741,35.82650094279138,177.294783909168,36.30317850897208,138.14393011230504,136.86366271063906,Squat
160.5892774984047,176.15795877299234,165.05912156857565,33.98422045891108,178.90900062546302,36.23519523552102,137.52310692541883,134.54052126589067,Squat
156.88449364880623,171.99496117827164,165.7806083394782,30.976656528267934,177.86534279523983,27.76791931594432,132.6278754878066,125.56641977721236,Squat
155.38928537504682,109.74716507182538,145.42473905252612,25.248174681936405,143.00404540184147,28.55151788789198,111.50927703510816,122.61431678014338,Squat
127.2978583626988,102.38073167053818,127.8092482857866,21.003137511202908,125.6161165323566,20.547603471811147,111.31395589607372,109.78384232912056,Squat
143.7691873168812,88.92960992202569,136.02523476711397,24.72014149163374,80.74536716055974,24.56833151831718,118.15823590583707,117.78503534481854,Squat
154.4512512622821,161.98309088641236,158.7702711196598,30.18418305294506,173.95970134645748,28.296214108805422,125.4409176052606,120.27142967412188,Squat
160.32460447484337,176.84402575418446,163.3392454357422,34.16046094462115,178.86426172591638,35.42805352735781,137.06729688388907,133.4061682153055,Squat
161.39401323773583,177.57819098658473,162.63850786789584,35.77586036369165,178.3741288701068,38.44020103878467,138.59048974526564,135.5536093705607,Squat
161.4973480784979,176.59853143090592,162.16000519802532,35.219189315352935,176.9019734513015,36.91061732073968,138.5143338878503,135.22288575197933,Squat
162.49236974453837,176.96132075251873,161.40932089175615,34.65529919360284,175.16023110589353,36.10472738584754,135.44825547872423,134.25659829705864,Squat
159.18829055724635,173.27090265845447,162.841966069317,33.48926689745832,176.62655500493338,31.80955640086278,132.96157300109036,129.20150780481148,Squat
147.1848745156348,130.90804862468102,149.30882734546833,23.362069302199075,146.84039240353354,25.02423645520772,115.45878614870364,119.29013650079344,Squat
130.34103734507082,81.33344074380506,132.0058899629389,25.189600599814753,127.1008378774351,27.581320864636105,117.90972557931062,122.69138350064604,Squat
130.53204872665353,76.06739820196401,132.53522211366152,25.825327460551875,124.72480725164093,27.46910248989107,116.65638922569497,121.98147942150196,Squat
146.71773527766183,150.600950342973,154.29240057074358,24.880718938107748,167.1333034692144,26.278762942416332,128.34704869351975,121.34217531375788,Squat
157.97046670815106,175.49998641269735,164.64058253624708,35.22846768184547,176.27638703566737,38.70860988133474,139.37037048084818,133.46753077652815,Squat
162.59270267999972,178.8862672548833,163.37375886969218,35.861802610192555,177.50558173173542,38.72288206093924,138.5515015681416,135.1775917588925,Squat
162.28858149199374,177.69402653486875,162.90603768246518,35.3856739449917,176.7389669638085,40.35885158323385,140.64240336646097,137.1122881488261,Squat
162.56291497158367,174.75353413678508,162.5089131275452,37.09298270933684,178.70647832972426,40.66615213927763,141.11634294588563,139.6369883351991,Squat
159.88015016659074,176.2627874153626,162.63981342198088,36.68856160996347,176.51236586137497,40.04079519406839,139.11029299781595,138.07323080367829,Squat
156.01830448113046,155.7560107913449,155.57888952160238,32.850825921244166,162.03214413873775,29.850612399315004,126.0622926114034,126.7271418431316,Squat
145.09169390761278,38.87512537739547,145.28980195010996,27.014634600929018,19.005349652285535,28.7713467466162,117.50056464583524,123.06429544596013,Squat
135.07249000725378,21.582697794656404,131.2229485026033,22.8257001039575,118.0651821375006,24.960579635649147,116.24005050249971,117.11208303445548,Squat
152.76174760798347,133.87180636929227,144.507317045,27.56275812664279,168.09681509318085,29.270669219428132,119.45370172965086,123.79318528309597,Squat
157.72517026275017,173.9010999039467,163.86591390292264,32.349000257725805,179.4061356219076,30.00048128273224,138.70276391231693,129.44347245435972,Squat
160.41901362664285,176.69526070376244,163.08720543115297,34.917042822364294,176.0678394218981,38.15013709338942,139.10478854049376,134.8908343242303,Squat
161.7285654895526,178.57339890266894,162.85695335166957,35.31411366700974,175.19528281980837,39.52855570812257,138.97121862110703,135.784441505146,Squat
162.76518499799542,179.55004639453966,161.69109274959243,35.25048248363267,173.83966360874183,38.28265936143475,138.1450737801103,136.16784199427974,Squat
160.85700039224898,176.59588274893085,165.49091378530915,34.41898551047518,177.038289565897,37.612243840616024,136.63987522667944,133.85033385527166,Squat
155.22940420530136,162.78975618497222,158.14333862082395,32.020033803491685,167.99429333457718,30.8628671779736,131.7608265652337,125.00005099932888,Squat
142.69243892124365,60.092383734171456,144.28217373783244,24.139606346650964,42.119351251750494,25.57266527282697,115.51896834391944,120.14916698720104,Squat
120.78565240050456,55.446390494559694,128.55187445646794,23.14709116956118,118.6304017455442,21.726294846037018,115.28085335404742,110.52404637108208,Squat
145.9759216742262,111.55398844660824,145.5856262610951,26.290377447145772,167.40761266247006,26.49250180681267,118.37444343827909,119.25989206797368,Squat
156.60148763417342,172.38365310560928,161.3674521885571,33.20166883011086,174.1478718983062,32.67714495372724,131.25521530034885,125.24159799026978,Squat
158.54974343948487,177.04317150144237,163.788572904684,34.3617462225788,172.656788114729,38.01225859510618,138.76261541265535,134.92879759259336,Squat
161.42614819457003,178.08672119501605,162.55960192791332,33.91061520863043,174.87165214126904,38.39506913338435,137.1571957882199,134.9873594007547,Squat
161.57439385224242,177.56443525977616,161.5556675366529,35.61046115220353,176.9917532074463,38.85504048089363,138.20101087691282,135.53372113981325,Squat
157.23098026642455,173.35305959994716,165.19567906148674,33.79590989823873,177.37217901646446,35.09258216613169,136.16728584534232,131.0272282502451,Squat
152.4439008564135,158.27994477127837,152.68695477792596,28.070756732356813,155.08135106454282,29.524507826926023,124.16073262873068,121.52783778819236,Squat
137.84935191402167,52.21480851466208,142.75735544541504,23.99548455013695,25.823802886444565,28.50379005039865,118.0417213866861,120.59826900732224,Squat
128.1457813855811,22.032101486264693,138.23945433065646,20.74175774780832,65.51671996526225,22.169425358238836,110.50321035091444,110.75723961406578,Squat
151.1089097049641,121.78445851092724,153.28311944665887,21.730677653176656,155.47150888459902,23.821613699991083,117.31723899593844,115.31153772525344,Squat
157.40118215961598,177.16220617083997,166.9559612449929,32.4101497591638,179.14978213970016,29.33807960208942,135.01347534709748,124.5513431701331,Squat
161.39466834865468,175.28389475576756,161.7727023007487,32.37878116529305,176.47623118502958,34.272276608610866,133.49822239902764,128.4019186177723,Squat
168.21178001788633,169.5282660891911,162.4550860156754,25.10748983187972,175.27440447726602,25.82951348259967,54.71693263087754,45.5307806729552,Squat
164.90788972527426,166.47966871475523,168.32467573848444,138.82006840784737,176.27432079898762,179.4190299309465,28.085478028326698,17.679066793015146,Squat
167.31447194508834,171.53351952667524,171.55816803482324,137.82057931574198,173.01691928441045,176.1160772410125,33.09434003964945,28.01537232102572,Squat
166.1245507964851,173.28117486947747,168.3092909369169,98.90223073321634,175.0804953396455,147.18916172944617,63.39374021129445,47.173315010585725,Squat
171.2075112634793,179.76423048310502,101.33739308943848,168.1020277733252,97.7100841198306,151.40101933753496,62.50960626005051,21.993560656451244,Squat
142.2022168950553,52.20268059253617,58.26719867255223,155.95413026718478,25.36877147519651,139.69308806972916,62.05792827883387,17.75287704180804,Squat
176.73759513689842,144.621584670748,153.6106698193391,149.93839343716314,158.08487482816233,139.11485230063957,67.38016846580717,15.812961581050574,Squat
171.3233637019636,130.86721873540645,177.02415116891976,134.16412344128753,144.45620617631542,160.56127269493237,3.9447679820608017,11.76684914285955,Squat
154.58822867934123,140.4204542143358,140.4114516739378,130.41951846279014,119.5426885191547,143.20663844799083,2.765085751023434,0.7312784414975614,Squat
174.9457760828523,169.84917939929,170.4041930010175,148.78833991627218,159.4597696792559,150.42949052014296,13.956037859586289,36.365032624106426,Squat
169.57718219192097,148.870898842285,165.76439474154282,177.03817314203738,142.43481448925542,164.9635959484613,42.72724728102891,64.80424968215742,Squat
171.9347031233977,156.53435311445728,165.13510294945877,172.7668758413712,152.89299556860854,170.77011298622404,70.52461402078774,74.40450912877314,Squat
175.2596611698144,164.9610089859536,171.3455841455096,178.31598784268377,166.84200790111498,172.76287192741927,73.47438105121348,76.05605387215564,Squat
146.35640167936648,129.0143282931024,141.67925480909153,172.0365857577783,126.01576412200612,172.54095117238234,70.88383954891678,86.29807492008423,Squat
73.61398011723983,58.58583971623926,83.49798690494833,164.7704538450779,64.59720595151606,170.72162268742744,80.10681895261227,109.30794098101252,Squat
61.649156781896856,36.48845304776455,58.51518311609951,174.65867870677266,35.65326304919154,168.79008365694986,110.50687823993296,118.83687564098256,Squat
69.49795224601571,53.02335770369905,66.80076157828127,174.6143561976628,49.13785193388679,172.96647197389098,109.21773098642034,123.4918654700761,Squat
107.85646523255645,98.14870662647088,105.36705277945973,158.46665641759012,93.49446842738502,177.03798057007916,105.01176813043956,109.1956264230147,Squat
175.29321032871584,179.63831256446105,160.8486752892395,179.95925225924196,163.54373993265568,171.80432033816126,85.02850894778594,86.39667765013114,Squat
171.52643985278326,174.137552769077,159.76859643719632,169.69915458004513,156.15432417692702,169.16667729820966,82.69947358364793,81.1620069990722,Squat
97.44722237289656,81.66426621593138,99.74898879750842,174.1784630807849,85.64332041562233,174.21243396138598,94.17031024268064,104.2168507742343,Squat
64.0734517274882,49.73373294720034,64.23112654539486,155.09684331988328,44.79891285748499,172.2477095807862,99.74559947713726,120.01889042729792,Squat
61.26807056445537,40.39645609016435,60.15311174101491,175.49800260912727,39.37485098578827,173.696866743139,111.40367352664732,119.50865345136656,Squat
83.24531338097418,64.89281627832969,85.27193071571216,149.31272542981358,72.37122637199855,177.686175100996,81.3421449644242,115.9612717175393,Squat
159.93807322370898,145.9764366384397,151.46330454840387,179.1175966506946,142.89057708937494,175.09192504588353,80.30140811974059,90.99451844453112,Squat
164.61937901844516,154.05868650407623,159.4826040516403,175.11553338557695,145.68345595365588,171.80541309381573,80.22423371363317,85.1951757191116,Squat
159.60001896811252,152.37254957791322,153.94190093427093,169.88587976405827,145.16535665841116,174.95940996763338,82.91356588440624,90.12212392370937,Squat
76.65939220488492,64.83415884260654,82.89154230660222,160.95229751912535,67.25062066467439,177.8302721027859,102.13690698068194,115.60915211350532,Squat
60.126515783407754,39.59516888815648,60.94311531629426,151.6717835669746,36.122622943584304,172.1252371468873,82.34655191287425,115.98451388069728,Squat
65.18404304959985,35.40435949978507,59.952961568489634,168.9701588608965,35.126146600198524,174.29539746031193,102.4833572902009,118.69399087959764,Squat
82.54982469579473,72.7279190602747,82.07806757897202,158.94430015604297,75.01812608788936,173.5979352404504,73.69090754576465,119.02012759474444,Squat
158.28871181544588,163.20819965175536,158.23505996203937,168.52627290591818,160.40139035567674,176.67966159283424,89.1338102305595,93.76274143595508,Squat
179.57359920609423,172.97713162264046,174.8315778612757,163.8611851557686,178.11058569305672,170.50739053134586,81.90598287200523,85.05482730329858,Squat
175.33008963481765,172.38234029921398,167.20411331392322,179.91390296624547,166.34806729379687,174.3222872757401,78.77435060119194,87.38307696834741,Squat
109.50043665213204,97.51643923819358,110.17673713093949,158.5413400899061,93.1020375141411,173.89774576428158,104.25313125465604,100.77873849143238,Squat
62.3310794837116,51.763027175240495,71.98185650980481,155.77986386323045,50.31462697570072,172.09780612756904,107.7612628805037,117.13707849004192,Squat
52.10406166109644,38.75913628380579,58.22211943723571,169.35251271747305,36.48592650030531,170.12653399096754,118.34195866314371,117.92662144865776,Squat
69.85409335287179,59.104680500433346,72.09705926269154,173.22602651075442,52.64042826108266,175.65773889384369,115.56823145866689,118.27213118340477,Squat
105.36474294201712,98.975011349446,102.75123825056188,161.7198092586031,92.72495938801336,175.27178026594407,105.98588735943396,108.06259685132812,Squat
168.6716648908482,175.4050098970956,160.06654969243678,170.14598472367655,165.12361697013498,171.82829731100276,90.61057453665018,91.24650292345032,Squat
174.4892721064211,174.89595043655584,176.0865232400022,178.5896655008254,174.5848669427039,175.3625559909017,79.45038457994927,85.58007715749231,Squat
179.72394805952598,179.98730241057848,172.1488414199594,179.84337921181236,170.57485666391395,175.61444358761256,83.22071198408563,85.09583524652844,Squat
137.67872255610774,128.84964509308384,134.9612715774122,178.4635318809283,116.46619695482642,172.76287793295393,88.52737194666122,90.3913295012154,Squat
73.81697520107511,64.11043612215093,73.13023370742319,172.28940032619744,57.828826254436024,172.8150085555901,104.80736453198696,120.54025723489067,Squat
58.57396167859559,34.79486515059534,57.686608317959234,176.39380228180104,30.211282592428176,168.887940598421,102.95108021524467,115.79933595842152,Squat
72.2495272787364,55.871724208649766,66.2101393062718,172.6514749195842,48.23831372463434,175.62541787472938,105.18479716639636,118.12390449301664,Squat
110.6380619061859,101.89536243893622,103.91054917464656,172.48266563908336,96.6895385288896,177.85336621781437,97.94566905508886,108.79138767057226,Squat
178.2349911407751,175.63699930564877,162.6083158360378,174.10132976440676,169.65152589604477,173.70261981390885,69.34277391342417,89.92484531258614,Squat
177.9527707775207,173.54458445907687,170.37020022780467,172.536142923565,176.67306930669042,175.05208202709198,71.5817584256622,87.52200036269231,Squat
178.62427855834497,176.55176352407065,168.34405825558323,171.8487290732916,171.46386219558497,173.16902637050222,62.14463435773903,87.63260974864396,Squat
148.12031921117932,135.8267763514627,143.78690191245545,175.12108929985015,130.59021312225582,172.81053528667383,77.98776288339474,89.97357723425792,Squat
82.95446147140413,71.69132978192823,86.55430382966524,172.10162224029494,75.54663784754365,174.78495027442202,98.74980155688658,111.14258420672796,Squat
57.37328410692699,38.64560448163854,56.901617658504016,170.12491219403677,35.62004687548614,174.153788427938,108.78841958546188,118.75401118252712,Squat
59.7284408088876,42.35191563180325,59.57661333458789,171.63373074532117,41.64181453618937,172.64412516310875,102.90493066473609,117.92506849507342,Squat
87.338398247966,77.26620590840668,82.1835325209726,162.24901001922342,76.55623627452576,176.20489991764632,79.97498347690355,120.4002178290298,Squat
165.41752614722586,171.25737046483562,157.7944947160065,166.8561695738908,166.75292105901076,175.33193648422966,65.4504412302092,95.69310296394151,Squat
177.4276856067424,175.05885951361347,169.26416535086722,178.60563987503784,177.35214269680546,173.77481342415362,56.28568083373142,90.8949228996567,Squat
177.8995770305514,175.4515798365191,170.73345156461323,179.53433102366807,178.05762419777466,174.19751795411688,62.07542290696772,90.14127007714605,Squat
157.75004363040156,151.8536781785245,154.1098531542924,173.45659108090177,151.88113555294711,174.1730832278508,78.96006428786585,93.34087564720492,Squat
86.67483660437198,75.93492673492847,82.43228731247355,162.7895260581253,70.07199025361126,175.21983523695985,70.39926968456483,116.71556734816348,Squat
63.16447948997283,39.78145088706452,62.45192103665053,171.34374299971157,39.2848544266792,173.2083129998347,105.028733423214,121.02590447928075,Squat
58.30612634365652,39.33949693442645,54.89409864186714,177.79662143888947,36.085508181431976,173.07339213817195,111.1517259186057,121.08961361649044,Squat
79.82174134744469,72.81710137213321,81.77083245479659,150.38430412915224,68.60931587541899,174.1558862395673,84.48724050845252,119.09781569492267,Squat
167.7243377870037,171.44885694053397,152.25388865417358,159.13557471421612,158.80296967980843,179.0776902329007,36.04302670020324,101.04406550771014,Squat
179.2526973981244,179.3026055158154,169.88692954455666,173.14317288467657,178.88446866783733,174.75064396942344,59.33129129635049,91.38534277508104,Squat
179.16182613262515,176.2531525898883,169.7235539789047,174.27578474214778,175.20021353200363,174.968935347184,51.119007180725646,90.85557267959337,Squat
170.17394084063335,167.3447242792326,162.8525512678745,165.44271421197578,160.44415642825297,177.1395809322973,61.19925264007485,93.38918468198494,Squat
95.5841710710907,76.91987344357688,97.83415716619508,149.0074112004647,78.99899963526758,179.1953611539905,91.3269947676237,110.49569153958412,Squat
65.80503727610262,46.46342032286395,64.90893133260658,149.01525023178365,45.42622232568101,173.50314479514057,91.21918896788998,120.49830970469716,Squat
59.19403388305788,38.936003423973546,56.43672423819587,168.0799615111237,37.54324350479209,173.66635586639296,106.22478954223682,120.84044015931534,Squat
82.94740040228065,72.9632468135012,83.05959423072196,153.5673046390197,75.54085284150375,177.04704312570985,77.00801160883498,120.86489319028728,Squat
157.25842333717452,168.32976871472903,148.14962884911253,176.1852166510069,161.07528348353352,175.4089060346428,74.92674065422936,104.01551468618774,Squat
179.26500199008862,178.31600737511224,168.45303353298658,167.36444227167595,174.13115220767747,174.4972166127638,71.05998868507278,93.32162775377856,Squat
178.24476804709158,176.00340382329486,170.05541972490343,173.81079108657002,172.6250702991438,173.2635153637936,81.9454506892876,91.87967584619716,Squat
156.09375094554326,143.20065932519535,148.33487748717238,171.95866982462098,137.965982524948,174.07868344234032,85.67773063619718,94.14026607427756,Squat
82.00213263407146,67.07750545273223,88.91979484863201,169.5351581116858,71.06983609627116,177.2374323843807,102.5279676676178,114.30661644169142,Squat
60.765608197454014,33.98064113849091,60.80483661122563,164.80347722744656,33.000187797449655,175.33549646737967,102.88425298302457,117.95035869178992,Squat
69.27398870039733,51.42719468521602,66.2406783343101,169.28554422693605,46.224101033759894,167.44849253769738,86.50769659848584,119.45679496978316,Squat
105.5785748631346,92.39741911807812,102.23003695482645,147.52073976304214,87.42258002851486,173.83937024403443,88.21446314438586,108.2593758812858,Squat
176.8853801307718,178.71943934200584,164.8671687775343,172.13407588111244,174.30888177510278,174.32861377199728,66.4013502825328,94.77324827091876,Squat
173.66270735273827,176.1502436687641,176.6080485148884,175.31035101819424,174.98621748269565,173.34318213950996,78.94061020507034,86.89619637059117,Squat
177.9274001339811,176.33446289276932,173.42001127982786,163.35278916074833,174.80587790352885,172.66787134884035,74.40707199623698,90.5014277297667,Squat
144.536468521693,130.69491230422557,141.0948745600877,173.23417550462776,128.161531085923,172.95387382300626,83.0160802990833,95.07465309427074,Squat
75.41991890216792,68.01189390155895,82.33243206939021,157.41262785792551,67.5164580043932,175.86426024084446,102.97174287415083,116.15993056602504,Squat
61.31623176174337,35.593613735251324,57.61844063195598,155.37306735316207,33.79350157667653,170.45200999973557,94.56068206101558,118.4735677073126,Squat
74.52278275013641,57.905394424529106,68.86327537909072,176.0353796147843,50.98671447405496,173.9940358596365,108.73489035025958,120.41973300654776,Squat
113.21402434292722,114.27749877439848,106.81129982400812,176.41403581749609,98.68141213821332,176.9428019452278,98.4803902536323,109.08763015296144,Squat
179.78585710706935,169.98936188962068,163.73721379393163,173.88478096645943,179.4950109573111,172.2942451320631,81.19072834494523,97.98541528430862,Squat
177.41467295346197,178.96841901098696,172.35626009199888,166.8066253413261,177.10789558009623,172.31535825798335,75.05923863630932,89.97952631845159,Squat
179.35684247436632,176.28292356588253,170.8265297774101,175.61544050413872,176.0354079148764,173.39033062743383,84.74920704336273,90.83529855192988,Squat
121.98181801375551,109.69345671399998,114.2036690875727,163.8555235605537,104.21377992664496,175.8888133272365,93.78976137588305,106.1485778495062,Squat
75.2973193069071,64.33806261896046,71.2447768982531,168.06022592178226,54.64180889509191,169.31047126404832,104.70082631955742,114.96966410837838,Squat
57.16428561395906,34.9836024734534,58.52412278081625,177.56947630323538,35.5122171214922,165.55999050418598,102.09214136995251,110.17878166391746,Squat
75.84149585218753,61.220086875002266,75.75446981831392,176.2213847071544,58.777908137734926,174.0197455013684,99.85925695016108,117.38034373019136,Squat
147.84820151981947,149.94116008587432,138.99369624118896,166.76285812774776,143.94596675818946,174.52964958506578,76.03463337077402,102.46587747485464,Squat
179.8296514356431,174.8360480054432,169.91754141709788,170.487797047045,179.54769276371664,175.74867346522743,74.4717632619448,94.33688204017776,Squat
178.4570402847005,178.38631259388657,170.574902343629,166.97740436347405,177.58622537080458,171.99036606815565,70.83542670799349,90.89979920209905,Squat
174.63228695261745,173.3977863163784,167.1973713314587,170.54187548409683,169.9868438732451,175.57625830289615,77.05739053334709,92.77943058321472,Squat
125.47920008626308,113.89652207797212,114.2794643177863,150.29825799061155,102.4703472033633,178.6290818514285,77.97385246543807,108.43740128853216,Squat
72.62449008410469,44.90962800765181,75.28431617398668,159.09446495422438,54.04131334433805,171.80728339778216,72.66118448550264,117.50358430409666,Squat
61.01597904831926,34.12630800244557,58.30202012815369,152.7339727773304,32.05606156844749,175.76586225750034,93.54455669086158,122.30272900526909,Squat
76.95134123388463,64.73442559379129,78.82547169588436,160.81803581672423,67.62345376985115,177.68400522186215,100.99986909004944,121.3377553915501,Squat
161.49942303731586,170.96176353207753,149.35118803202613,172.08235794129436,159.7206630131864,176.19799692285744,75.43823275268397,101.8425496551176,Squat
178.40422386245686,177.12438596724274,167.4002176419866,171.7115628736398,178.81004345455906,175.01284087005402,65.94383909849508,96.2910366684676,Squat
178.2898625211239,178.6135569012006,166.94029434162402,164.6729599718773,175.5065957088862,174.43650180064648,77.98658462990083,94.86492341657625,Squat
165.9741114928142,158.1548899431999,157.32866677648036,171.3599079845447,150.66713940584592,175.16244322301873,75.03405330475464,94.24243143352838,Squat
89.59443914663018,66.27943988011629,90.31756087925416,165.839832065999,70.70345197220286,175.5906669723258,102.87675729807502,114.70352165482262,Squat
61.91417352041576,33.39195563044808,60.97755358785131,164.50615220876412,33.41174292787571,172.5359707236444,101.27563906979096,118.40611834886684,Squat
69.38636584181987,48.6416258902679,65.11411432453636,171.366633842539,46.34464281702731,171.79866633272815,99.66115596886222,121.0842043123715,Squat
116.99431534089838,114.13089472879376,105.81866727931904,140.74294043004406,97.15728404939064,178.77373179874655,98.68059195459728,113.57814811779156,Squat
179.7217540603829,173.04674447748707,164.46974866369823,175.77177108083796,177.05549029356084,177.40339958635346,94.82023287147682,100.78466973668556,Squat
179.82240114834175,179.08393489631243,168.73588788168317,177.02662086871206,176.79311617976302,176.28709900911588,91.98348974351369,96.38219664938056,Squat
177.2818719582631,179.02466345024146,166.0799180191184,170.37756913217015,171.60238151817674,174.86660494671034,82.66544849942744,95.81352597184856,Squat
135.97231561535654,129.86051754934925,126.39187369279291,172.71520597510118,112.14796136470582,174.92488094203333,90.70687366565735,103.2251815970567,Squat
82.37334734685521,60.43203154115196,83.7849185828875,178.25555638123913,63.53466927858693,173.95306671010775,103.04142487469342,114.75998090252696,Squat
59.10673876981864,37.64800250115075,58.60859741167206,177.66712873392254,36.13800902859708,170.13487367445035,106.38165991566513,118.63614686056673,Squat
69.96886957489322,51.575243416792205,69.62342573682346,177.90248124737474,51.209076312937384,172.69567764108277,111.33180045063853,119.85550361353374,Squat
102.09352311531,92.76898214529746,102.14580508753248,160.260624167121,89.50607596991858,176.7330470666286,100.20394535602344,111.7317004272942,Squat
175.34057814126876,178.7244988611227,161.36954675452014,172.43758104152602,171.0815087656939,176.4962820816552,68.75819584221138,98.7867338621432,Squat
176.78881646107266,179.64084106756445,169.77448787170496,172.4369271502332,176.69034651888907,173.71281375019424,85.46944359338713,94.65381374145872,Squat
178.20457088946677,179.95138400203436,169.02172306974043,166.32961015553016,176.33997506463294,174.28371372354513,69.25391592931922,94.18342460396968,Squat
164.04353663726363,159.5851149677067,157.0978537859151,169.73538059201925,157.57634162359835,173.6091530503666,77.60097525043771,97.1800998488743,Squat
94.024982777374,73.12392826673289,93.37550355551244,148.80253898188568,79.83421800216468,177.9323029380265,96.6837735046882,117.32549148933366,Squat
64.80584424197808,40.840470592338534,65.74683798945904,176.3532061067626,43.15116997498234,170.21190714545642,100.00191808142404,120.7633158568705,Squat
65.10116246059837,39.002620761435594,59.7177230156934,156.24569611083163,35.189287050542475,173.88412324551706,90.87701804516657,119.66504281700672,Squat
80.46403496468491,66.66470282609146,80.93824989407334,160.09827025081228,67.23571902198512,175.62556110127858,84.68467830214834,120.68458385270829,Squat
157.10778227597376,158.09814007316743,152.06561789329385,171.5262056257983,158.167547432338,174.79897495180217,67.36752784473876,103.74495551058504,Squat
178.22903661843753,175.9837262235578,169.733676199952,175.7936931646102,179.82744670815148,176.20215690298215,67.7427056009465,97.6596834436244,Squat
178.5062407561252,177.31865871478624,170.41979502858297,171.94161492942445,175.11670384976657,173.8031677469519,69.40297895281671,93.70985092284444,Squat
173.4626049314296,176.72683360695703,163.47073860377571,179.58373901532173,167.67927372755048,175.5408923839305,87.4633083879025,96.63903809285245,Squat
124.632114875586,112.20674479899264,116.41290405901294,167.97213646331824,103.39991103996717,179.61498256438102,94.43937075218976,108.292560023579,Squat
75.07571811716018,55.759786683749326,75.2108189294456,177.97917371462998,50.845825152249745,172.97049850267243,106.95924346777602,118.4543450261064,Squat
59.74375428138874,32.41060162512679,59.33657904764444,169.19969308210068,32.28215154698074,174.57856612990005,103.83731513569565,120.30325773069386,Squat
76.72401781076952,59.88620076330494,73.29947020013182,172.88124126939726,59.25028523533916,171.80918931999184,96.49472578004048,119.7586934355267,Squat
118.5665092675071,121.65969018192344,115.52241674701988,176.47054792238765,113.89320619922104,179.08592693807387,90.44085659948752,111.84668358754124,Squat
177.2532818857568,174.63615024157954,164.37337161273592,167.20964009927806,177.2655983178494,174.1788828486704,78.24065818327418,96.41045838751472,Squat
173.9357964837352,178.71487451850467,175.006416512975,167.593590562116,174.41521201408537,175.6521925279618,77.37941785772954,89.3764321096848,Squat
175.74610282980626,177.87256287803038,176.06983990807123,166.38761370632275,173.51055593045186,174.3501089040195,73.50981760156593,88.32315834297904,Squat
179.05656096662543,178.02188926796248,174.50038252862413,166.42958233072824,173.42574267563975,172.87998923103646,81.11514466350566,87.09233100627739,Squat
153.85178087894138,141.98775647406035,153.27527693058164,174.15161070807014,138.865205361587,173.16765432566555,78.8267835228144,89.72203700499595,Squat
80.69230755270983,61.562356672346255,82.41226570774549,174.8974019420574,62.96762253442148,177.9524002865619,98.72571564086788,118.64432867144389,Squat
54.65419734237936,36.54637882929063,54.46528863264902,174.13911524457166,36.85479936728677,174.64659886251758,112.73554657967364,123.52465790218228,Squat
57.86429407058215,37.350763207441446,57.02230887160757,173.14000735262096,34.99518462888818,171.563859264867,109.94769398096965,119.4792779001877,Squat
84.36636124980588,72.36630383792988,90.5115902147583,153.79087398124764,78.76667311535846,173.43956445731948,87.33077367934908,112.17683163735413,Squat
167.76100645604552,166.01087367128017,160.6626910638345,178.9365212437071,159.78348128656265,175.79454083859594,82.13550936476815,89.27939869402528,Squat
179.24654344907543,176.02848426384946,175.0038964421842,178.4007348969209,177.8227213950117,176.77182065251398,69.77588641672344,87.77461756942412,Squat
177.83430905247852,176.26046842783546,175.9411809383719,167.56371475287617,174.22285588668075,174.035987169959,72.99017990620064,83.39152236745011,Squat
179.5966560943619,179.3462743277862,171.655234328584,165.69885570328265,172.65070911028977,173.7593696358738,77.045970779589,88.41956325902203,Squat
157.08986868459246,148.25158769024063,151.95149609995758,169.3204086945249,146.1626106849046,176.28193092828093,72.04161759116707,97.11097024218004,Squat
92.444701249309,73.13118751252415,94.29105396290085,140.9209494904016,80.02162530319498,177.41181810029798,94.81825181810687,115.62198557219018,Squat
67.60628629502688,49.06694686758095,64.79007887981366,149.01856913942504,45.29184114467671,171.76547200843552,87.87583893795586,119.4902450384954,Squat
52.75489210454949,35.84595206405908,53.78717648355407,175.00523429924715,34.82506003125934,173.97025366802762,112.67528176246536,120.093228962919,Squat
76.44774490341084,68.15264900049345,73.88374105814438,142.75307074320548,61.53377391162968,174.39050277147658,95.67951487886792,120.05460479953634,Squat
121.595176012297,115.56375635734688,116.08842519313248,158.51522200027057,111.53963738517164,179.02081671543553,93.19382130106484,107.8514883426254,Squat
176.2354573715474,173.35606868529456,170.15538585168468,174.73758103271908,179.5148415416973,174.41863718301298,72.60302644074434,91.25098209176332,Squat
171.25165374088067,177.43126763719044,175.41905874907965,176.58562274503274,173.90401466221107,173.46936759916176,78.15041658241424,86.89929677487679,Squat
176.9389236950164,177.85573645907698,171.36801599929169,162.08868115817543,172.71312375763887,174.49111309869545,77.3386909622591,90.02953053873331,Squat
174.99601974956647,176.33163912257416,163.33187561051474,169.8052155248006,170.51747792151346,173.63079796649447,80.82724378108189,94.21040970464912,Squat
151.32529512026966,156.2643449559255,136.31443187494122,178.60712803018546,129.9783627974096,176.2759093520777,80.22587780261843,103.1423162246269,Squat
82.65235150171819,71.1047788978438,82.12807326848602,154.32362094346362,70.10313589357855,175.52149057908724,87.25965262710858,121.56141077733416,Squat
60.39784028671804,43.07726651477583,57.12293273715456,177.91699025656752,40.099027010735654,171.77681004276727,115.07931679197364,124.6318097202008,Squat
52.76304141047566,36.94355437506749,49.29188836865337,176.87547406720907,34.71047825913894,174.50187797683955,119.9433308542622,123.08345364089855,Squat
59.74375056888056,49.851031690605,60.291613997912485,174.16370890996967,48.77886026466132,173.54669945103737,115.03551434757136,124.77708011392896,Squat
89.54366485927096,83.17588171870608,90.53281112986346,160.14028788506852,87.00291441723903,177.11850507231784,99.95512913108664,117.947558944469,Squat
166.59883318215412,169.98687128652074,155.19256198819377,176.20079124218086,162.0813169286491,176.14479030532536,71.23855986220295,97.89862128629566,Squat
177.15784909587,179.49061844931524,170.51896944509633,172.88057403212196,176.09686577964013,177.23919125705592,55.607341634613576,91.7825039647888,Squat
172.04621206623068,177.25898357903918,176.0207408383144,160.34173455460143,172.92146904787532,174.0190096562214,76.38994613439755,85.64955504545334,Squat
173.32785707260993,178.76796494626902,176.63147119473365,160.89090769525438,174.4541985995682,171.8798183986371,77.47363953860396,86.18926337680098,Squat
175.36614652616177,178.19469024666856,176.08043402943017,158.91143483697576,173.648397853578,174.63113748610908,75.01682341414585,89.18605988874829,Squat
174.2808412723689,166.42957856251627,160.2563349571756,166.30960300978927,157.43703500148544,172.350642883325,78.33549843789244,92.1596835429792,Squat
115.83524796382672,108.7233955001577,107.2162246313385,170.5069605376524,97.8222642776406,178.30524392863012,96.86256136364716,111.18353454558844,Squat
71.30358278499192,63.10606490603499,73.02973144412455,161.5894209659301,55.564758509319574,170.28432770637315,101.97667404887208,120.99540225495964,Squat
55.10965577762219,36.20230069665365,53.548005214542606,171.30910301211503,33.478807155038,173.12711929303174,117.07526606079716,123.17226670327436,Squat
52.46552877798794,33.417672857200955,50.33877827788207,170.86309350127257,35.114111921744154,172.3612843044333,120.37955518897486,122.8361223054627,Squat
78.92514895012914,55.71743900336065,72.36798561492746,166.83308438397535,51.81099799556921,172.38090309361937,99.42170502037337,118.28518673256706,Squat
123.71224675710948,122.748995186829,113.84725070690352,163.82449773570966,107.31669088526064,178.9535450517139,87.67415996248943,108.84159357738788,Squat
178.42831426528497,177.54073572159044,168.1113634668155,173.8351786230765,176.69530742308262,178.05118677501727,62.42463476699469,95.58859061127406,Squat
171.27941511795774,174.22896984409672,178.82348565457085,172.09950212442544,178.17715134556963,176.7001567959346,80.6510101452558,88.9103983684081,Squat
172.60629327969335,177.1274423754548,176.19713355057831,175.50515120255812,175.25772966183197,176.11377392810007,78.87910826683854,88.47869318864805,Squat
179.5215675678579,177.08319663492873,170.98303262353778,167.36426168895014,172.48823088402403,173.49314395898864,82.83600002279239,89.4280361875465,Squat
170.5144890447192,163.66895222841333,161.4094661874177,162.36323202779258,161.4526714350864,173.897020126106,55.492333660827626,93.6534780935368,Squat
101.77057987287624,79.77292494312985,98.32351771685218,150.41296265273348,82.49785186066191,176.67395061949642,89.54711614013752,112.02455378257648,Squat
61.728524579162034,41.86514552804965,63.10183990077442,174.33380224171052,41.22329285383398,172.29095347998688,107.64417102761848,119.7423801393372,Squat
56.26784407079025,33.09546532794087,53.467301788321386,179.92853137247678,30.65289914659644,172.86647394060043,109.92069220318488,120.55667657094904,Squat
76.40348426335272,63.05200114739023,70.95690694385723,171.6439025607185,56.99995767403067,171.68319870613166,101.58645090864653,120.26935086138975,Squat
125.03382079812364,124.47480018237668,117.12172954592616,150.03489625261832,118.5837622714539,178.4618731019674,89.25823350863446,111.39137439344329,Squat
179.65426493469377,172.8309276645491,168.74360247318953,169.1958328315868,179.46964386920743,175.2317272627016,67.05776656391582,95.6801225079622,Squat
170.32481090781155,174.30045700877355,179.904585956077,165.19495454826827,175.38266894563864,173.67676727472173,75.86953197155404,84.37049793078234,Squat
174.49323588807627,178.45273840376825,178.91649993901768,164.93636282205367,175.11002350296496,172.8982487875871,76.1642763654195,84.24211697330955,Squat
174.45561279548514,179.7169506211513,174.98118964028532,166.16312726778446,172.26022221107436,175.23293129366056,76.93604185397938,85.6677043687863,Squat
162.9530509092449,158.99296711261786,158.63759416801005,178.38565954782692,152.9379398917633,174.25401031640428,76.5127112230008,90.8059221185038,Squat
87.46694236275799,70.56686033656331,86.83293012512833,163.81910808596226,71.82040020777367,175.89677326330929,91.35329546611904,117.8473797499289,Squat
56.190892389506,39.56631318143428,54.53978421928696,168.19732304035352,35.877520349123415,174.62191129805365,112.97021442087416,123.6322144412616,Squat
56.06160474119149,38.554969327324216,55.363596306621965,163.53808373608044,36.10942254647267,174.6183684429709,106.27203487786834,123.12767860566218,Squat
78.56976986662391,68.8641618191026,80.9622289898922,155.18318654103058,69.10690362005766,176.38523017300545,87.04559074883296,118.31491336660925,Squat
154.84999327336266,156.57726774722636,146.23264323716654,177.56569710813093,151.67762400103996,175.21813789749623,84.92833247422514,102.207635881471,Squat
175.09581804607365,176.43656628929577,174.0716567782888,176.14278535220822,178.9313483450738,176.49225335089727,79.61676672406047,92.97434671222894,Squat
174.66363914322315,178.7655743492529,174.94960438785125,164.1382932985232,173.25506707809313,175.11838394816374,64.89045947514525,88.93175177375848,Squat
171.41119340074502,179.33144634629502,178.09864771582707,165.63500569684626,177.34177582341763,175.47263946151966,73.12566151610888,88.39018789395342,Squat
178.1438287914367,177.10796742637982,172.78727993062694,167.8846207222497,175.142352847727,174.23972820498255,73.73811515983864,91.49076458866767,Squat
144.74017909234522,136.628673572701,142.12002609173737,173.35627131291184,138.2682027568967,173.1726960246094,79.19083237792236,97.97324302811576,Squat
83.73372824104636,65.5565368333991,83.09009072713397,167.53292944012148,64.9183011529579,175.31592281862874,91.80710067836527,114.92916537873832,Squat
56.66967595243701,34.908465207723964,52.23443163760039,161.5224028957739,34.16766924379232,172.90598766351297,98.92837023223574,122.08633438382758,Squat
64.18216590388577,41.73354085719649,62.872063869817225,166.12766926847243,44.32490346873101,176.15413615450146,91.95492483203584,115.76121163628883,Squat
100.46214156725136,89.95629301900226,101.37917032249614,171.7258447562795,90.85971691852308,177.43892468877553,103.88209806299896,111.09158441704048,Squat
177.35489167667205,177.6134559276797,167.71041314734572,172.3494968945885,173.81805883205297,176.00713200346937,72.12453141160728,97.4261439661472,Squat
176.9138565670018,176.83536250339287,175.02399611503853,179.91194525706078,174.70077342495875,174.31781977350738,89.0583150485817,91.62832614410964,Squat
174.04015009140136,176.19615353580596,174.9764924721177,165.08296598089308,178.68849892448725,174.02916044050764,74.43183436309543,92.07948919962884,Squat
179.1565761011609,175.94466693792356,171.2820588048722,164.36296809042773,173.24098856421486,176.40474527205265,70.70791266813026,91.82914958681012,Squat
170.57610926872067,164.21593054590062,159.9425986137209,178.39472043755666,157.26571042316044,175.12543793624772,77.1829457569041,93.00681768065328,Squat
90.30477904153815,74.23659447009595,91.63680535432252,159.83939930252149,72.74367853722703,178.5656336742028,88.6361946725853,113.77874636017644,Squat
57.40737720722007,37.00175977573281,57.873419005418846,159.15881504992902,36.31057381100351,174.38441959046176,93.9620317948214,119.85731753158514,Squat
62.66019661234412,36.59738210744058,63.309095584458646,158.71587395365492,38.49670481345487,175.69836811558667,94.50399642783032,116.34078800052184,Squat
81.62639001743426,74.91158359407672,81.9683271570207,162.33215235547226,71.95426836697754,177.78550476914336,93.51280371282728,115.66178410255498,Squat
168.93937929087042,172.6030873729363,156.10910848223844,169.40186257249397,160.23922270830488,176.00277143610987,70.06271755987403,95.10029678664178,Squat
172.93142111773128,172.19086431161054,175.07441195005651,174.8965362934038,175.42430372666834,174.0053468219522,69.58914002361158,85.37828773646359,Squat
172.43056882196225,174.83798110605426,179.35478143928677,167.43387115598108,176.47587889430216,173.29054031127356,76.3504311246726,81.5441503142661,Squat
171.89052617160343,176.01332840526118,178.9217817065514,174.31518447724284,176.8429332632075,174.15366028051542,67.23171544805255,82.92633842378234,Squat
174.41403579862393,179.17911102074262,177.69128288057112,175.68294235236732,172.25810608811034,175.87457086872612,65.33453935616343,84.12913186854593,Squat
130.48631889365126,113.9896668680413,124.40684905101104,161.4910914234144,99.74735939953166,173.24798410243716,76.41406889498494,93.75195612712038,Squat
73.84637265653411,52.817095432373776,72.33776852668935,164.7136607553317,51.85427587402336,174.07932374986535,104.19646413690084,119.77834033554488,Squat
54.834160946104646,34.44311297436781,53.28169644021715,179.98449421533104,31.240482525190487,170.49130640362628,108.13898061303962,119.42708552047688,Squat
81.04265284038307,67.38054905932836,76.23960546882992,166.6937190820294,61.71619028129908,171.9179711515681,73.63324782334624,115.64206298328234,Squat
149.25727697604796,144.33634075824418,137.53602199551864,175.81532306473525,135.2931670971112,175.0734706879498,68.24557715779939,91.96335801916464,Squat
177.6412627568451,176.2178788407802,170.51597411035385,155.12676360301515,175.30980793034763,160.27665087556946,78.34966506407434,87.71372622850434,Squat
171.5901818308459,172.25038795812625,176.4787655123847,129.14558282509628,179.28573643916778,147.9919187595451,152.92400074159016,141.40963229897892,Squat
166.27503843016828,174.28625597307678,171.2545594942425,26.106973786189343,177.83662079325134,113.05941153276284,130.59413248912773,178.9161416083499,Squat
164.46598466938423,173.3180443667627,170.35449228680685,75.28181265418657,175.54861797050594,176.96371254405284,86.63121340638122,166.12716628453026,Squat
171.70886272767427,177.69784617526338,179.93496338295412,107.98344483137308,172.34757587361284,28.710292300162564,174.0278732116681,150.17336582909374,Squat
173.2183457677627,179.88337490216094,177.85489515231208,90.22048624357537,174.43425618318605,97.32178390047623,177.6766043314508,157.1431468472691,Squat
177.63903323697667,167.96796252451963,175.24575588439637,47.799436106987514,164.77917868097296,144.58623757497602,128.31635878942987,173.11630212074874,Squat
122.30740356321289,93.89793708221742,117.1381486506905,105.37756714582976,89.9778615907324,142.26792541478557,175.3474988137198,167.72441869931063,Squat
75.13590263134365,42.28968079713883,79.73128461412726,28.022872896822943,55.15897895927196,73.24039664675615,126.37128616858377,154.19747333793913,Squat
68.90260377733892,33.15608355033004,66.835457157277,22.068597617284468,37.14449473648574,29.290010188026656,123.99876139079176,138.5960985384794,Squat
82.37353373043409,46.52009445775331,87.60017943296111,14.311223183130494,59.4252243558056,168.41041479113622,127.13602389564215,164.54669080255837,Squat
127.63783216794889,114.7341564022849,125.16761565265176,92.13727501880705,114.90732438746406,42.01564589229048,165.60434041297248,166.98094754788417,Squat
173.96858315718956,174.2838897603479,179.47550690681138,124.72006016671608,178.33305750683027,47.076811651596685,152.2341168809406,157.65954028799712,Squat
171.0330840241546,174.22333121480716,178.3575616101185,109.35270374773964,176.94657835824742,44.80490834983161,176.848513536147,162.58223348383137,Squat
170.69000861477923,176.91229626768384,177.66054644665965,109.84940364806124,173.53626044217174,130.92905881531783,162.34971903016665,163.1129033982235,Squat
173.22414448678373,166.89424744113597,167.3519922664643,84.55154244627573,160.1445245628703,65.40581121092299,160.30916049311554,160.277388147943,Squat
109.91734188783322,94.3819882602216,107.28454152589087,57.17347117387328,85.81881949834474,121.625313742368,58.990712424648194,166.30921376414068,Squat
78.79213547240596,49.18538696281689,80.85617386372378,24.242039178183266,52.91758203436427,37.09086842706722,112.21419366708174,133.06774856488127,Squat
70.75019789088219,34.6334032652901,67.93043583072426,25.841541700629307,38.838223279388785,32.44665331683876,131.46715890049032,143.10731706719636,Squat
90.48914305700274,67.08627660611415,99.67198853359592,74.53749196065593,76.98168163901914,138.08809174527136,82.1487774116051,179.4244988678738,Squat
160.4148156140583,157.22176344137793,156.66794566120583,130.7284911165612,149.5964875526157,64.58303068284846,174.9498616802441,157.3579972926321,Squat
176.84312863492227,175.71319441067885,179.97666495841608,116.15096201528785,177.59535659734078,42.69295365411876,174.51809877101684,157.19036230558572,Squat
174.78982374800933,178.2049924334096,179.06577071757064,134.61287045252405,173.50479675728354,112.48550428951232,171.40026365714203,159.64787678710783,Squat
173.78152134230012,177.97680023023057,179.8671692439152,101.87945990838386,177.4218886925531,50.15261946944241,163.86631019399783,161.20423183221305,Squat
157.28465137640734,142.37216599833025,148.52270525983786,54.001138890614016,133.73605351243444,11.203241753225264,132.3237470595057,166.91567107087212,Squat
96.81479772765186,70.60634001217898,99.9980509884374,69.39188590539442,66.87934053300506,162.70220880147406,63.640279009254954,173.6972945673957,Squat
66.6355710564096,39.94394916088197,66.91010634742615,60.67762896918765,39.76269506985852,45.46919006891744,126.78237583712207,138.64787105071403,Squat
73.464510068832,44.866241629683145,77.86946070092779,28.036342249589325,51.99797091993855,77.57873368817923,129.43796746434407,150.4342873210309,Squat
113.93662440142543,109.09114205743953,115.52986125252008,99.50029341869498,100.65368181579272,166.90055112362995,53.983338216178986,160.48675053715604,Squat
176.821796803407,178.21790135935336,169.86235244472766,85.36005214396107,166.1748295568715,27.10725616473334,162.40593833160517,162.39499683251228,Squat
170.91111228042564,177.1503273158922,175.67084897413994,123.04061199325425,176.20980853490937,56.114985613706494,172.3733157045633,162.52872695999704,Squat
169.68669690245193,175.53607333528163,175.4733391693296,79.28076241063724,174.01403008728778,70.16946278395646,161.3554751887544,161.81502395993812,Squat
173.1485867317812,178.67324819277616,178.19694192575733,96.22007855875734,172.18528221351428,49.95884738314844,41.931562939855205,162.9587692364337,Squat
146.86665022808432,121.78360537699407,134.64744835141997,66.29276799578179,106.15656735976452,154.87787054324696,44.86341168427233,161.11014511772711,Squat
84.28681457666909,51.38696625756933,91.13016677834436,30.52672819282668,57.13453591365766,156.89208419870553,132.78951218361144,173.37931260350092,Squat
64.47162126788945,35.35899345298873,66.29798033790871,37.92925799304197,36.810127076802985,71.105371303428,143.1846071390383,150.61694365053316,Squat
77.54812754540819,54.96839654133868,88.28529026118753,18.731137121533777,60.79351750362156,119.12672272341727,111.45313544111065,178.83503737924272,Squat
139.69724597560892,139.63310760507156,133.2264987384024,55.216871145275775,121.44695016950767,120.17352878756584,78.01340790955986,172.77837054925797,Squat
167.7268929167222,171.42358043909664,176.611259634467,79.00072547387092,177.47694992039044,15.560241027778186,170.6554818645673,161.52684481120173,Squat
166.5314692627133,171.45767580190304,173.11295393004212,55.70574683539263,179.6028575171353,45.22987330090871,149.38613743307127,158.1259904341628,Squat
169.8521351407537,175.57820548948473,170.05952978027884,80.23265265112917,177.51721480683125,158.55555401434407,63.56489358429632,161.60198808136929,Squat
174.7961555446134,174.54689506502825,173.76809128161355,179.6594256767038,176.4556236628051,159.68388094103068,17.580107839698893,157.63440534772943,Squat
176.2850473711163,167.06024420138067,173.22543380053855,49.402042191617454,161.270929661942,115.8818916079434,51.871043727070266,147.4449858246262,Squat
121.07832076697186,95.22483893769902,118.49080444763425,113.69584496717188,88.49274465876596,151.71120598120658,29.15964034945104,168.60346949726323,Squat
70.36425719372016,39.10136039317467,75.34160110278478,57.257045128583854,46.616370644423,94.33227971988202,155.61559709101428,163.15595473865346,Squat
70.81916069286487,41.683143084573715,71.65646465095276,47.50349268075825,42.94853866000898,48.48155689907776,117.97303361491603,133.28539712920465,Squat
102.51572926389936,78.7346598759566,101.6966055288768,170.2397402281339,75.49210525274879,95.07112452192048,26.01378713618935,68.41943131867573,Squat
174.83271560725206,168.92080060371865,166.53433195313477,143.53150357665166,159.11231188136293,84.02827319114357,20.992498721839286,153.67332560642382,Squat
173.6995368009408,177.92485904284914,179.1149713921301,119.01342457097944,177.04791980637083,150.02129400080358,153.26100143524806,155.0366005538717,Squat
172.43370861343155,175.31839182407222,177.75035842613977,49.075781853217165,171.5626349239995,71.82149569714161,146.2198196268286,171.5449085676824,Squat
174.1758520898492,175.152436335807,172.7210724987043,81.33487664980885,178.16743447783878,58.20636091725477,133.40748067870356,169.15976833478115,Squat
174.6299774649523,175.74266780111464,177.86199818366592,61.05650751972149,172.1094326812564,73.70370670648235,113.9354013606083,172.8083034398896,Squat
158.80586380493202,142.66392295122543,156.99139409519972,114.44678927365148,141.60613988966398,81.37106644636269,151.90361111227415,176.66199113890812,Squat
108.51459114077863,75.98924006486067,105.37599372523762,153.96919424024614,71.55542856158439,175.08899869224842,40.53628273373744,144.50779389238957,Squat
61.06355902962576,36.308476044177155,61.82435014121528,36.39193754599552,36.86182900891936,40.55444534874937,136.6267055486941,144.48427410014156,Squat
73.16038756900501,44.42884556369273,81.82119434648877,21.08000750660864,52.919344681944494,35.47157853568109,119.28090224774408,141.23507515426732,Squat
121.4544855140968,118.0582550294308,116.11156484560011,125.60463428451104,103.50951216923931,176.47183210293753,26.2778666089144,166.7642661179342,Squat
169.8828893941221,169.91110460529126,175.9759089141754,37.16877143691295,178.91839067192996,7.797863513523258,134.89262016975837,164.43662135240513,Squat
166.86776452957815,174.6768335944253,173.20839108466163,39.93241983927862,179.64641935016405,70.07819522040256,74.14727145274426,156.6610206303564,Squat
168.3544579236166,177.6976142464783,174.3141098983877,63.05278901682061,173.77653168090683,138.83579777896048,70.09755473731089,161.75887099080012,Squat
169.56936770796517,178.6594549438887,174.44589333198584,68.68283881680127,173.37408589741642,37.84730443314476,168.1710183744455,159.21623580469597,Squat
170.84350826933198,156.0823873236545,164.74627989524922,64.40804757878897,149.57441350714208,155.99086594135284,120.53350788003333,177.56626536034636,Squat
100.37798560404592,76.57628220276234,102.57787973058792,57.968940282504775,72.52048748431883,153.4049010992116,72.46135212015389,166.50981663249425,Squat
77.43422526270241,41.63484738943788,76.95396407826932,24.10790723617323,46.04591758343145,33.32443004252849,113.65171567628012,126.1715132051194,Squat
69.27863381494468,43.32787127478366,73.66876176362436,51.50881649919171,50.4012824367864,61.75765760831473,135.70918830422525,150.9826842975307,Squat
118.12150611929395,112.70260200568885,114.74779561546592,109.30193002702144,104.02860297281592,164.0818108566282,38.976962303062145,167.32524938155623,Squat
179.0436310554502,171.89008573016125,169.9141627433834,120.73392954754824,175.75753063699895,26.31901758786112,169.25958817265874,162.53340670470456,Squat
169.96341204679896,177.49883160681986,177.36276989553332,108.44617886101094,175.5237240637311,36.96551662452406,172.7084750533758,157.08467907352704,Squat
175.31127087152177,174.48083019285002,170.01820683342055,85.43991478714901,164.61080950798964,2.7445881255897806,156.37891124417538,166.50461222090877,Squat
118.73667460894212,95.3438869548005,114.9999469145224,121.36313815199358,87.12391017714538,169.58975652791685,30.359288930322453,156.8365463173816,Squat
68.93064048666427,38.56823619430463,78.7021107660643,46.12176565479559,51.85326136761398,39.96259986835514,117.56957417184532,130.42435593707904,Squat
84.17789626420188,47.47569500813182,85.37264209867979,30.55807265938267,58.93803537291217,44.486635468992006,121.1862521330844,123.23627156311647,Squat
105.14009117743647,90.0589998990082,103.63422461227462,67.85677302921982,86.92118890173032,149.77975229933548,73.23726960247855,178.5024247500114,Squat
170.5596032516556,176.1659117667742,163.18020305711534,118.48168323522631,167.00076199323382,49.52941129942494,178.25155447282626,162.5549879934561,Squat
169.95987445228246,177.23207788536877,176.69042542386234,112.02162826443814,176.01063870659132,48.15730579122882,168.2291458382081,160.8374371758433,Squat
167.84382890105186,176.2806379778274,174.37839014155813,72.707129044746,179.98878941777002,68.185263497403,166.75279897560978,159.9811648692095,Squat
179.24008864976815,172.51274794074325,178.5912760882607,103.98216467926476,170.27257923449798,72.77062651143831,171.46700143727594,158.65416602377678,Squat
128.60703979580794,124.5823323730278,123.49580336697387,119.2522843333931,103.52790611844324,61.705099043541225,41.49014728117115,156.40450315273876,Squat
74.79142298701372,51.78015956330137,78.30176562919705,37.94843984393623,54.49089483162061,102.41744923768368,141.86916698884568,157.95008019363004,Squat
58.448055680061096,36.922032331267985,59.63583646960096,34.333104156741115,36.51664281068628,38.81132209653816,131.40271177317734,140.34284853586504,Squat
83.9905386738468,65.86365773290993,91.0131577156246,42.19702713419804,67.439351662342,117.3453906829942,145.35935073290608,161.61014086441793,Squat
150.56051647663645,158.67188967731877,146.49684667373046,143.16123098368274,146.51225747617897,33.94407409838207,16.898797380647785,157.55223134659823,Squat
175.51698096456482,174.83680398410104,179.95605070479235,106.08679594665412,177.290526953011,31.867583374743397,175.02508680515393,161.45549756996687,Squat
167.11847592896663,172.32435519307086,171.5413304558784,114.32528728767358,177.31546929583396,29.27000786714638,173.83935973211717,156.1639880788434,Squat
170.18291826927376,177.2597186742461,173.3335730339795,80.17823455281786,179.264096030376,49.20282915994246,153.89994795360698,160.3108812799724,Squat
174.13477439685877,166.5369330844843,172.53190739781712,85.54334805808054,163.04507271859487,55.380105021983944,152.98992144676703,158.1514713209477,Squat
124.1112366871908,108.54797278471622,116.5344625445466,69.70202191505194,98.60325178638756,60.84170087376668,70.62507397700209,163.18080580256705,Squat
74.84311388514415,48.723840414778465,76.76016920605711,27.39438518904012,51.39643990519954,47.962644646348,110.4356840117006,134.58662119336373,Squat
98.96222951837191,66.28891019003305,101.84636073793662,7.413118413896787,80.98376863696666,44.77422093327601,97.68064889850204,116.57187694898788,Squat
96.39189746586712,85.80958292832031,97.65773791240282,19.7514181550182,86.17201083767094,167.9021407071488,80.94877631020661,167.26468291386684,Squat
163.06690133487328,166.03642139830734,162.66050951214265,23.38915219174747,165.3128804801102,73.78110351069529,64.11300159356163,140.99527246457325,Squat
173.0663974118832,173.6619449345712,178.66477563216532,113.12411263389804,175.34994147335553,39.53006383268787,175.34782449470487,156.94752573636092,Squat
171.9442432470555,172.76836102124028,178.66753017253666,110.56469626558965,177.037988006682,46.43963383564242,164.24863504004665,159.01150448751164,Squat
172.1088276084959,179.84050753656564,178.45902823944206,85.1159917058078,173.5245257011719,54.94344041841776,154.0743254630069,159.3244376635707,Squat
173.01251113500163,179.9433894467015,178.91835499215426,102.80878696006812,170.0604564211927,12.833522786434203,167.2535240592192,158.75683690765575,Squat
141.64019822932275,128.6842178678842,131.0880896803177,80.68298436806515,109.3437593333466,57.17296421027361,150.64126702004825,163.16998370628917,Squat
82.70577606594324,55.04938562092781,86.92357537849963,28.378433147563783,60.73959869702526,93.7908041926068,129.33943532952588,148.039340278358,Squat
61.4080181841097,34.82544506179909,63.866179452186735,37.55753126023643,35.52812024247379,40.6577729241734,136.60166881700496,138.6769188393598,Squat
83.94618134399893,49.46421566970611,89.82644378494818,41.8583733723587,59.07399813868392,103.95751179612888,147.07008812834923,154.96838875748344,Squat
153.73673028126922,144.620747174549,149.60693764540582,110.24182622069708,140.7096671244728,88.17044945454643,17.455406964454834,144.6312284578999,Squat
168.2798583352185,172.46824047349023,173.37341627687402,139.55706181899396,179.5039805569388,152.56571865894463,41.2964701101073,163.48316386000326,Squat
172.3970040050615,174.3601948452827,169.8733123550204,69.58546970086962,179.77833581052522,144.66931353732394,177.84390958339645,171.0601617614067,Squat
174.4735219140686,179.07616828091176,179.46664416000837,163.76548372079984,172.53726075939775,134.12063868959336,31.314373806057336,156.5876584170702,Squat
151.7624707834348,145.67779156988897,145.1543749135513,164.20975719046092,136.69663866049254,137.2722529384697,23.811519516539835,167.14925554738775,Squat
92.491518070526,69.13011068085183,100.00108553710147,145.61855497358707,71.21794172108144,159.1124221130995,35.6788854065434,163.89563359864553,Squat
65.28410964973871,35.98800508943543,70.80031384750636,41.59976161631863,42.82602072352927,45.38450899908753,122.75604813309808,141.57674465349777,Squat
72.3924713934483,42.040729146391016,75.90873407684319,26.02224623273281,49.96903824984804,44.514669198196145,132.83241129569572,158.8886721260658,Squat
115.46778706541,106.74556650640469,114.06049650013496,160.86228753511406,99.00253243063428,178.96235043958131,22.471523729534177,149.45248974906434,Squat
177.0156931203128,178.65429878429612,174.4323272469361,150.67538827710644,171.16709175654154,119.47863135658298,33.61131358955257,167.39254832111854,Squat
170.87350337989585,174.82541657998885,174.58151808994,102.31183595706102,178.75319804747832,120.55425053695976,44.59409764865312,174.81537881736838,Squat
167.9366223806802,175.43420865027534,172.75770676222166,111.6125151913017,178.7371257064261,168.08685668892755,47.00026581973758,164.62990879735352,Squat
177.24110617734743,172.1260025156156,178.548568724723,156.10326607127666,165.8441118957728,161.23458373518622,23.671211296982268,157.98949099172685,Squat
138.79346388240958,115.8016715253892,129.46021744448498,117.37714054744924,102.81125660376176,118.91465571000704,34.45301988319361,165.4892527121215,Squat
76.6172446610488,46.079396291443686,88.19590988803341,90.97780103306349,56.25740730692576,158.84601997097363,170.35902617654295,161.1862817700552,Squat
66.41930608964539,35.817131788609856,69.19529313676838,54.06387068588242,43.67041676157362,65.48140458233974,147.63441975969408,148.23611116093403,Squat
83.10485576781122,54.47747180909852,92.82525606751553,159.88030323409023,68.15400764124314,163.3481551906846,31.465405415897692,121.72364252879784,Squat
153.04125999225596,143.10861441895528,150.31578065264873,95.88774588052937,139.89342544282343,39.341878923009986,39.97510383873895,147.06782208917656,Squat
168.07335334602087,173.79774357988595,177.58209101936006,132.7235993844859,174.79672378016005,119.61963302456316,41.52960577534248,165.42051308206314,Squat
166.29447352957362,170.3900010329803,172.44870050222497,20.169842919678956,179.01136377068073,78.11909093248617,83.44128361553679,169.02919841825215,Squat
169.4307596512729,173.01701816143853,171.37718037326297,128.93221637800565,179.31602401951105,110.8508399941701,37.04436545644779,171.42081245918615,Squat
177.42487358617646,175.96379550290618,179.02950839876354,174.99829038564877,169.8907719949242,149.11727183382067,6.954622881613647,148.51432045943648,Squat
130.54062722656585,111.32799543050372,126.19840707566328,158.6634730669557,96.06399174180387,159.02533315641068,24.19788164871047,150.79724498683564,Squat
82.38423333837235,54.360024015826696,84.24277340695679,47.10299602078811,58.96923143178384,157.8354210670512,155.04308198463227,176.28168526253577,Squat
63.69100574856109,35.67062430604551,66.96154558375034,44.01785755292656,40.12839846760835,46.83211832894136,133.41934159592844,148.56191222176275,Squat
82.4478490830421,62.79959516589804,91.89520255740334,178.93413817360062,63.555563782144645,120.383552069562,29.10718041082588,84.24774674927039,Squat
163.4630347675918,160.68647514755983,157.9181683076418,108.50045059990067,148.95168069517436,161.1811910806337,9.531149058339777,146.90550798120285,Squat
170.16306396305654,170.49518378314968,176.04868490647027,134.78020046358486,176.82137704506283,100.13942096430856,34.030387932553516,173.19331763284367,Squat
170.5620150096431,171.94557397523545,173.736071826187,136.6453971533439,176.9393223270393,117.3474817085568,31.66552867768874,175.09489907351917,Squat
171.29041011550902,173.27501309729473,171.8683670468617,172.52766088500144,178.7268648917172,129.84143121046327,13.874590526676544,154.48618354278997,Squat
175.22463427535027,179.20189146462573,174.91747304096577,174.58446283850975,172.80854635492554,100.98971505174228,6.0466240468825365,146.74805070223448,Squat
161.34119240982474,158.24639155545236,158.2686265568058,100.11660274016891,149.29995636895293,127.13613155262934,4.861483696410578,131.8779587566743,Squat
92.18085193693868,63.04213188857528,97.8586693524615,123.84571885194384,67.97612208839502,151.88399408707514,34.11839665575691,175.08936481265204,Squat
69.42664663601016,36.03651250341488,67.89524797790897,40.70093869947033,37.43025166588495,30.480164185738772,121.05670916853336,138.81724029620727,Squat
83.41608676990707,48.80570553628655,87.38310462451767,0.9350574936724456,58.747450743780064,134.982792734825,116.57023109763053,162.5278344300767,Squat
140.23303748358396,129.12838547010674,136.62355780589513,158.77508433165522,118.3360086662952,168.10282230865772,17.114207218373586,152.4690555511244,Squat
167.04751915222926,169.47618854848832,179.2730267274044,104.04391125806848,174.2837346653262,99.36894078689276,40.49664220519872,170.17560210673804,Squat
165.05622929448154,171.9793722905209,171.62762236256594,56.146156027958625,178.85104985668383,43.1687287082757,133.56967821027834,172.79043375851433,Squat
168.17719964733823,170.8382302516689,172.32868427213646,47.04542385981187,173.12152024175975,38.26151086917407,125.83714901509852,166.73094815892836,Squat
169.9117450423014,175.6479842574245,176.15478174534672,51.46398857557,173.29022618827662,45.371904399949834,126.17065350266128,170.78560279534767,Squat
164.826693450175,153.5468424300639,165.8751553389533,57.956480120036474,139.78190603145282,101.56505295468808,109.04333622271533,173.56019856908856,Squat
103.4156560932881,79.13396216893864,101.6963994249324,28.91390308819649,72.84006746242517,169.95177377312015,106.19038321755356,170.5187037862432,Squat
71.7637674819323,40.81615344405981,70.62507334331698,40.315037472361894,39.8149094075427,45.03269382721629,119.92637224750996,131.69287867426362,Squat
65.91228442245202,38.52630833209116,77.56626115361146,69.7394543701111,50.119193679890714,148.5175452721678,77.68244228591358,131.7113260000738,Squat
115.67099398964308,103.97820422789756,120.2738212486214,60.63551830704069,109.7017659991404,59.19774280590369,142.5277142221854,173.34878412122308,Squat
174.95299926548117,176.9489734182864,174.53505955991687,48.80499305834985,171.1940788512184,56.66329790823102,132.20015056561485,172.66224808899992,Squat
168.34217476411936,173.22616058196985,176.03436712454902,44.28065857620231,174.61579026298128,47.83995950681491,125.08198051734412,173.43916244748357,Squat
170.77145775151664,170.48210078042317,174.25521823350064,49.04651610497643,172.09490842245495,52.204899916094504,128.00628777408838,174.32434250206305,Squat
170.4224463486913,168.05463400525068,174.98593055040675,48.91291525560473,176.7797439298991,63.439922024775534,129.0475089612994,176.3800631182022,Squat
177.99213217328813,175.48941190857948,175.19617326128358,143.87607706509223,162.83465503957606,53.582326613923954,6.0387188819464015,146.06294126122455,Squat
120.26829216576463,99.20065721419712,113.99390563698036,51.86956158513226,89.27690508627154,140.60503701359127,78.05463208538123,171.1198878058682,Squat
75.2899085171744,46.64909308954708,81.22482322307981,41.99819670199912,55.54765708616446,108.38244793994124,145.12704164644413,160.5153580266911,Squat
65.62143292781327,39.357251991876126,65.28000734025292,47.93412136522794,41.049611590757195,38.29481459850547,120.28495141282822,139.95300105794155,Squat
87.4156452564681,69.64364029600449,93.9331094437494,103.2578583752076,72.17463046098243,146.0505233781256,65.21653857292121,177.6823074459113,Squat
165.3467685556422,165.79333969975374,159.3239230181538,2.473887363407075,153.97999738058394,73.42063948363892,94.0328485384187,136.19735105702094,Squat
172.48877070293528,174.67721436221075,175.53982950876753,127.74753685551931,175.6874137808198,91.69690504192047,34.37361772429353,173.77487923953632,Squat
169.49057857816024,173.59851276857552,171.2465632605488,171.68770910727653,178.63319633176866,165.94124181973618,17.484528943188437,154.76930740124976,Squat
168.10773037141317,173.9423073665791,171.29350052922473,120.9971821685649,177.03634401841816,157.29748564249184,47.81803280662031,152.56349960117154,Squat
175.30025069276823,179.01995382313058,175.89681864400526,128.6468252647091,172.92908282067668,13.97271217810271,31.74938002946312,160.50663698745802,Squat
170.57985700037852,163.96151501188555,163.28764331365377,41.69192032721833,153.73084673232432,98.34910970778432,115.60089060861272,175.29232940502666,Squat
102.93509941061338,89.61096150043079,107.03472383487112,174.2900913707757,87.68878734728509,118.74893494683164,30.629983609003094,108.2651860105556,Squat
87.80788100947963,55.34089268897037,89.90730129632567,13.58881883475294,58.68608637870386,41.39310829884262,105.99529017756204,113.84357368643828,Squat
90.74360146754448,55.409894754706215,86.96633709864697,18.304476961704033,57.253860322912885,29.31816625965113,108.2047064925553,114.63579043649256,Squat
96.74028288289216,93.9838649606836,101.74114384695164,44.44687636530455,86.6745074075202,177.169483994753,88.24555587448278,165.69448669877184,Squat
175.72293305453695,175.88645383718443,173.41484574472904,58.10198711876484,171.69625424334083,112.5004200834466,138.1568512631274,179.81554934684004,Squat
166.9690343800045,177.8368359205055,176.18534401399953,26.77635357543081,173.8935995149602,66.05527306545164,122.36934633910096,162.0009470113659,Squat
169.98187343656866,176.089742216852,174.53109159258207,50.843898433244526,177.78548520483824,24.269725040155365,175.80354087332535,160.07066753243362,Squat
169.22903421603036,178.49694903569275,176.04196997871497,52.514410490010846,173.2607037653523,147.93457228284888,75.72258394365377,159.05243663954914,Squat
172.4629129205675,166.74178858533932,172.117751124432,56.59671317975519,164.3827276418685,25.172034138794892,172.6581394860022,155.98658254508882,Squat
132.36757001516702,117.42209970724292,123.5445130769183,86.40015118519233,98.84739758472055,143.70286214389606,50.72980376500968,159.402359547649,Squat
77.63460313487039,53.31936409058835,76.26047922772031,36.98933953245353,51.86456952466176,51.551956317639,128.07965272813848,150.18043875799992,Squat
62.49848286402254,35.266175467540506,62.08641189623638,40.71496224585576,36.86865091351518,42.31494035896196,136.12942489289023,141.1903673631105,Squat
86.59429299966877,69.8935333502439,83.66619928876413,13.43302618983414,59.16947835006419,129.07601636618972,106.97754332859772,148.28212616028352,Squat
164.90590536958769,165.9892626706309,163.17517686925984,135.20180606763188,163.0064973092586,29.915374820304947,156.0204785236176,155.91394462332937,Squat
174.09148790910731,175.40023936754525,176.75499773788903,118.51223614445254,177.95087612773247,2.301308194373153,165.61429279795112,163.34800458784702,Squat
167.86378284666884,178.065990350245,174.3420364215349,54.74317070993675,178.5487919220759,12.727462356214785,140.92281839863534,168.06205750865018,Squat
168.02517575517854,176.0574024254911,175.17712541634015,34.139218593630176,174.10420897029613,127.62143977389512,74.41529036442343,169.26679863222523,Squat
153.10130767952043,144.25225105650654,148.8774434105395,137.82090385504097,136.25560007401876,173.45125123537144,61.48060364103776,160.08830971751627,Squat
88.28959614359239,67.34064083986055,93.08915973249164,33.312722729054315,67.65617248467305,157.0245315337414,91.20407568809378,177.0580686580902,Squat
76.5335991230818,40.636734875991635,67.12663769515059,64.56658086162923,40.9587265172687,44.1025537568629,120.24205211873044,134.63707544963842,Squat
81.10628306497972,51.95110568609243,77.80593477338205,24.401419055164297,57.54565129581795,61.806036191474846,122.3365644707366,147.02842136360184,Squat
139.40734174833608,130.07905034915936,129.06353402736005,20.772797027313967,116.39683225496384,140.02893536340034,56.939665087047075,161.4178638217096,Squat
169.80394756430476,171.69719185156055,179.16630185034552,48.908966206499315,174.85055211260396,109.78955596810368,118.13366392945514,175.5680198635939,Squat
171.66603133397567,177.70358563089167,173.92970874293013,43.24649639496545,175.8908163054371,49.51755585479137,129.13461678638313,169.74989398227677,Squat
168.48526945557555,172.065382346417,172.5983102536045,41.87758952781507,176.37914949054766,47.44576924292112,123.55772300426707,168.76768444347692,Squat
171.51912785626538,177.3900693446504,179.5880737570862,50.52177019240571,172.4250648814515,53.03026976321123,128.19442336222895,176.1893088313593,Squat
170.6351305579505,169.2488332687392,165.87827934092283,176.6650395502355,163.5417469584288,149.4072720825967,17.829818575270618,149.2940572193676,Squat
106.61350725407728,85.19970963965233,108.78275366811688,53.55252404911084,89.53964068764196,154.80053739771182,63.55465128962602,173.68656868799684,Squat
69.63932723531134,38.45159185338679,75.80048330884905,32.93149707232485,45.96803188409751,67.64166452198197,107.5288667031229,130.77900009173817,Squat
77.53054434283725,47.48910040203401,75.4536658579658,35.32361080186444,50.71718828116934,52.19845373175383,112.33449882501412,139.0792970049404,Squat
122.13203947039524,115.24895579008428,117.46719504583972,151.5506195666487,101.78333960326682,177.24876231441863,24.41339923086168,156.05191298815674,Squat
175.19455266624684,175.72546758791273,179.95463117990246,132.0833848537145,170.55806991079436,118.76735689603198,30.314104953318715,169.2914738773779,Squat
170.91027927369453,161.9556477704786,173.082088080019,49.36880164384824,143.57172782815618,21.40393141647603,35.6114368253742,28.468364739340853,Squat
167.99309872952932,153.99132751487642,174.3473537045785,157.58005427204955,151.52758209142908,108.3344291403077,4.630536722923959,37.51120435309481,Squat
159.91174255923525,175.95940920637068,160.85170365270474,154.6126185334466,135.23620384837747,98.65484142013472,11.024328079744716,41.65404539759253,Squat
145.41850449488587,153.15127069264793,177.88718848984928,157.4732399258492,177.9995965933944,164.06606579833033,10.545401351959445,54.32745532182572,Squat
150.0000378292572,137.30153721712725,175.90694869636167,152.19982412920254,175.2536947105822,171.20021614072516,16.25667259808537,49.81248471841436,Squat
156.48277983679978,159.0284918764074,176.03940365153775,168.1313703153981,176.18018902082417,163.4296122324989,34.74468402268616,36.37725761954622,Squat
167.66290930841612,147.72802662087437,173.26498188168483,156.00206306133367,157.0244529874205,160.81622935766484,18.214223180347876,16.37889406260253,Squat
165.1483364322982,154.82817356046075,179.2072577844916,166.1573271018014,175.50027395766656,141.93500646731445,11.714990303963228,16.526654834550694,Squat
147.8773224460729,126.0958408596196,156.90229255269742,162.4910631393434,158.43627725524334,158.27329298639353,6.413582722795528,12.961744712837298,Squat
176.47981888595584,176.74641388121597,172.2933361841736,157.32486221758015,171.62868243508177,153.61793302051015,35.18960896508301,10.5965645696376,Squat
164.9439737000638,155.53019226624892,177.0896516869666,165.21642746615098,157.88264952875247,145.75046987893984,68.18735068221193,44.40340554546469,Squat
163.98733906926506,154.2344372572003,179.0229989721436,150.7472072417326,160.4128844224605,163.21187620160617,50.34647525709634,67.67830620971618,Squat
158.02894733590452,149.65467790630868,172.09427887560685,148.66682382843533,157.73992431515663,163.11522416733777,63.686633713219265,71.68495117301713,Squat
91.7983555389826,72.14755256256655,123.81486752968476,178.41098286159863,125.93496154449056,150.74440818430645,96.63279713266692,84.26620530105373,Squat
69.31699327627325,37.75030903542739,96.80750352586917,173.6534239974313,65.71937894541617,169.68712148602913,95.08296501955589,96.5592697283722,Squat
66.75048125886134,36.38504273806751,93.23431166615286,176.27260294813635,63.54402844425459,158.04751524546398,105.73166029397692,93.53146291887428,Squat
94.9016722981376,74.04208939120656,121.2155481447429,169.23267159106703,105.5667365947784,150.34256636484756,97.83888647567676,84.97082895228449,Squat
163.57726814825094,171.20241208896246,179.40065236029176,139.1146267455064,178.12870707755363,161.7317895743711,85.09454949893245,75.94589352036705,Squat
171.8461930011537,178.13442596817225,174.98226710577208,165.2739195945532,177.06216222575875,168.31149614565487,88.11390312108341,77.82967464892221,Squat
143.94720032040237,138.4905467901943,165.83588893730663,143.22702654633972,164.13878718373343,159.96812959896815,88.90282006732762,79.22143050189914,Squat
82.56007924990217,55.00792983734766,120.72373058518949,170.4413582804802,111.9804521002794,151.0781838075029,95.68798838211852,83.14313521061368,Squat
61.16832276431153,24.51348624368763,70.36069011282062,179.32176231477789,51.562707563354195,153.57339150810338,92.24461963172172,78.57217457804948,Squat
77.51125754708215,60.640676710014134,110.5361545432658,168.25564114370397,93.32495980432054,150.09722300212536,98.24218529852004,84.61202029521063,Squat
120.45779098972768,113.72166577333728,149.20200247606655,166.8712311039973,149.8949699480054,167.9373354204332,93.3566934162436,89.6544282202323,Squat
166.8170981393537,169.36090321212495,179.10443595197958,172.3462996063692,168.65869337948828,158.30330755790854,95.6496676478976,74.19486228995416,Squat
166.76103736650322,167.90023297539378,177.2923164114804,174.0671478753067,174.48298872768623,162.44146557999844,95.73429097650782,75.61753203306858,Squat
164.8556341309166,161.24788223530965,176.6840181678649,170.4006490330375,167.60392231999663,161.7629668692518,92.92701200390906,77.86224433321121,Squat
99.6115300936835,70.64686283508803,119.76549584023134,114.20250585418336,101.43246597978754,172.90716994799646,73.24981881750207,100.98329647335322,Squat
56.91150879488123,32.403221659297515,80.44112454431581,170.70092003052488,48.63502380716989,153.7552121931678,108.79320355938856,95.21998555906067,Squat
61.10715949454284,38.13758551842153,77.88473334754835,169.99664888011847,52.76980733116864,151.81757979881672,107.68849107570024,97.68422450836862,Squat
97.8970799084147,83.65388223958757,120.39659490163224,160.89920649625736,116.02495037618826,176.4330186468233,106.3776992909781,104.26155261358976,Squat
166.6796090741495,176.3900482953947,177.0166576391633,173.44990678564486,173.2315182923926,170.23337149268667,98.16260136834572,86.27526285036788,Squat
172.10782391662627,175.6550320226368,176.7562719120531,164.752206720203,177.00910186408612,174.77860660873395,95.411987180431,86.10583650595176,Squat
169.03986837143552,169.0849593125388,179.59147029903107,177.1003518508346,173.87253065228205,170.68777469179508,89.73571066160567,85.61366907427609,Squat
107.76315077879092,87.89072554387678,135.00907789686485,130.79439944777897,125.44610140302332,172.25931657135698,101.66767842662868,95.69746183510524,Squat
68.59083996550648,42.22194284367157,94.12043497603467,176.97989584267305,78.89223181046128,154.21512162940198,98.91193288319624,89.45539256786827,Squat
43.421067947282936,34.85707749326977,55.830701491520955,176.49330649799677,43.86590368529702,147.5731969304221,106.66190406445564,80.14111314271454,Squat
73.90179784903111,55.56409911605681,98.19748114259204,177.89242144924265,78.79525857087845,170.26914544929795,105.05387385974504,104.85469678021552,Squat
145.89551379501907,149.17394179191254,159.70419550660228,154.93198526790877,156.33546792501625,158.259537331543,87.46887162909285,83.81079385936421,Squat
171.8863132085638,175.99255292520576,176.82817886539598,166.53781736993986,176.5946282416518,165.81028320874609,90.16585494949072,80.35770562499847,Squat
170.40908213831753,170.74600282537142,177.19667093537063,173.95585467127654,174.72484319371208,167.80101058468526,95.9045908703088,81.81266832315994,Squat
155.55272101764388,160.06997691916598,171.12006039074717,170.05635140556743,165.21095580927022,167.06952847759916,92.76941752024018,84.2492641431261,Squat
96.16817279976506,64.95256599276433,124.51440411670916,169.73412798255865,97.6956041198884,150.68478302131916,101.7716323014102,89.69569690441926,Squat
65.41347814144085,38.48849799555103,92.42228845954529,171.22900726101938,60.54051162933962,156.3298122521484,100.94758623104242,95.52503605681478,Squat
62.92974936319737,32.602032484440144,79.99676713706657,167.55484420610395,44.98490521674108,166.00001587243048,102.01770200066758,104.00211742583404,Squat
98.06970271600778,78.24905335971624,116.36589205762156,125.0046929939781,103.39258705692788,170.90146007158975,80.06345229489422,103.3678737617378,Squat
164.12436322696155,169.43415573335636,175.37981572699854,179.15979264524586,168.21529494481527,161.0220409603494,89.16811452708853,78.1608307371895,Squat
171.31738683032793,177.03621247871024,177.72841156430587,173.61524444663652,175.98731289710824,168.67664580349532,95.87641677823017,82.51028812715535,Squat
164.73945387779108,171.36111044163857,178.73208059836395,172.22202791347334,174.56854075692144,168.27324817494667,97.05096199368818,85.12526617400484,Squat
123.6174534135998,117.43050680383168,146.77859373258244,121.9384696967652,149.72300149639858,164.4755007740998,95.29668671670358,94.47564320236344,Squat
65.95487014688703,47.54929534493846,93.5687763892976,160.39585993600394,89.58734600021006,167.86882589183082,100.56663992166312,109.8873964656039,Squat
48.11558737036589,36.329322533041776,66.33254252038242,174.05345385883328,54.84474059142343,150.93944088944878,111.99836034451968,97.58209707846332,Squat
91.88736481905588,88.12337562880964,116.46286360391504,97.40661111699836,113.0020302148166,170.83306107247725,78.92910779143608,102.58221612053926,Squat
158.40737858206367,165.04688282145435,169.65988273024414,173.92300247564717,166.5072465491558,157.89958326779683,93.33173873426428,80.8014620815868,Squat
171.17048223478744,174.86210295850827,177.89638147730457,172.88217040720912,174.8287252109471,162.60010506884856,93.97085492335523,77.78562688820769,Squat
170.10768695412318,173.0335321701343,176.97045063040144,172.92374503849322,174.41840600769606,160.4965970930856,94.73518655459326,77.00570053355482,Squat
149.24095967684522,139.661290700025,169.77449215025513,158.15325035564302,166.1460621303634,166.5542724806099,79.80940170173501,83.46114006106181,Squat
88.75476869919345,58.53247678501816,115.37952747994854,95.09481444448744,92.95758565777788,171.29816464037123,83.11831329170496,104.17257344860148,Squat
45.83236416947816,26.2475408514273,75.87609769404959,171.81384490538954,55.30296095730819,149.23410238071497,113.09407104766484,98.07477435371884,Squat
70.13107296585942,44.99016667352919,88.21352954706984,167.78435459129892,66.13231296147916,167.24985536757526,101.95173147524504,107.98580511019868,Squat
123.86715541044556,129.3815325375708,145.2058163394709,142.82137059270286,146.39494458067227,171.6139083780435,98.06971006765768,95.17437717050252,Squat
171.16033843272925,179.84193806931646,175.93398841531433,165.944745868509,179.291021306745,167.60285238639952,89.16575558219962,80.8460883088008,Squat
169.86840355769027,173.03435153861105,177.33267354339554,172.63185068107444,175.99780505685638,166.79911336860567,94.71306999131188,80.0412046645778,Squat
168.06663490830482,168.0969186680849,176.71842402444793,167.83294649565164,168.21123219534013,168.28839301501688,91.80102503734204,82.61981545210028,Squat
95.78961395801538,76.48944202339806,124.31429315827478,147.26040684933906,125.20845183009048,170.5888094059647,103.0844971197015,105.1067855622503,Squat
61.39756339492154,37.7629413310936,100.86888778093336,138.96300592054556,68.62838112330218,169.32957807234115,96.58581655154896,104.31816337549904,Squat
57.17463721922662,32.80077049649361,80.04849774953705,168.42781864893183,63.960935702461825,149.42077875565852,106.3622101302416,93.02247951610138,Squat
92.55436872857918,74.60810770736197,116.34957209505237,107.70896421513874,107.41041494633431,173.39576549683682,105.43946300641964,104.49030209989688,Squat
164.05439472113795,170.4614044756478,179.48057010074714,168.31438347538628,177.24049253555307,172.40202438194487,102.44818219642642,91.00149167837496,Squat
170.92852596316723,172.82296333113348,175.54603879481184,173.17837302376464,176.65387381793013,172.37216741367544,97.81318869087484,85.2201521225364,Squat
170.75448604371203,173.20685776973386,174.74224563888754,172.33154364914338,176.52145092137692,172.73931093134945,99.26594058828935,86.75881616828731,Squat
160.33424480212864,154.97526146890536,169.39893958910915,173.96072156362126,155.5701596784285,165.8600898287565,92.3739619954509,83.57480712580009,Squat
98.0806508485127,72.52539611839512,128.1568046035016,154.32163366097262,114.2653439885768,168.1728555812104,105.5280909848342,96.18864844612284,Squat
58.63828632076879,35.32720538919534,83.21013407126382,171.79643769625042,65.49730515183245,152.9642641716804,103.62356202837896,93.41316116070688,Squat
65.29152885058082,41.42488213443386,85.14507291468304,177.87365030732977,68.80454995935622,149.4090379201299,106.43821098712624,94.7174664657028,Squat
104.74179273646396,86.50361266797603,128.26898344278118,137.21760477632847,120.23471819123549,169.48216902707492,102.44120844533316,99.67923098471192,Squat
173.5777659347351,179.5056374790129,179.24885252033113,163.17546503659423,171.33896783419985,157.84602530563245,82.76276414511894,69.62028062515762,Squat
179.64205383373883,176.2834221101437,165.18346047757638,129.28710223506724,176.70620493127805,158.90904698382874,58.688754356150014,65.22237685433615,Squat
174.55749316864117,176.98641682076067,169.5370713516762,163.63597585335762,179.3393341819991,165.78801394475485,56.09205054581955,71.46721491296923,Squat
128.17393123137143,109.48814855489258,163.14415433275306,124.34008380362164,153.6985832042548,155.10204040695837,82.7900643625223,75.03453686140377,Squat
67.974885546929,33.935741787842176,104.7457698809668,129.10022884132468,68.57459824483908,151.98911441962903,95.50710498081963,93.8291620319222,Squat
64.69147492948248,32.650570258454536,90.54514041280208,178.2318432661486,51.84230956768471,153.16792078548076,101.61538449512088,91.94750203795296,Squat
94.68731261261443,71.65585083090753,126.08977444432718,162.9498916141856,112.447903094378,170.389872998793,100.39149294729523,96.6756649925839,Squat
155.94632118208744,157.79544520853557,171.90857240156328,149.3990590451028,164.53136607551772,157.732350867415,70.42285275793564,71.60258235375203,Squat
179.05419050043602,174.67476611706647,164.4832727305104,129.30066470760744,174.35760926732056,167.0008913239447,67.03285564160942,70.68844875446176,Squat
178.88809265708184,178.83125820876614,168.75253477880105,148.1109515274882,179.10119988669024,158.72748393902404,64.71856156166992,65.72958479919434,Squat
165.83324588877173,160.7539997378779,178.93704106218422,164.15869152866625,162.93929896615526,159.6291353057181,83.75836407859305,71.32890200300851,Squat
104.03394240912596,75.57651255629781,135.7151630429491,162.09833287352853,124.55217409829372,168.49581108945657,94.35174329853116,92.277912261262,Squat
63.31227262881152,33.990147561788206,91.08018733736144,166.56554317646294,64.80443084300111,151.7674672221168,102.48167431199413,93.36215587083328,Squat
58.695542851080816,35.15754077092828,80.43971807185025,165.70104592019896,56.01119262103015,151.05475342893627,104.95574767338846,97.0507980393012,Squat
97.72561656409124,84.01868756820414,126.9118046212466,109.5584651132732,129.11924558348184,170.8271086850416,99.16493714368688,104.0064496277771,Squat
166.6599543238913,172.835704861471,179.51908867885825,175.60019740999837,172.42118940917194,162.822387599325,100.44389815010558,80.94189924496396,Squat
172.68715048172862,179.28673355051802,167.35476005608078,175.4391342154603,173.5632276255499,168.6021353212431,98.94298843668524,80.28231167367377,Squat
171.60152740644145,171.9839452792663,172.13682661228884,174.55189932951996,177.59505194994162,166.45768040445685,97.24812549668648,79.83886743241716,Squat
167.29613657726898,167.0744044585781,179.1279924936044,176.38691718381006,164.865545988988,163.18421299621846,100.02265492949022,79.74914302952527,Squat
113.05647932219242,91.87088794195785,147.29706087731716,130.49258743088498,139.63756301401776,172.84291649925464,96.0639253509794,93.43075253628592,Squat
71.44924302300294,46.16833744997706,102.34827888941528,176.9036937489609,89.36032455920514,153.18762868391758,90.8037059954618,94.46013796990206,Squat
64.06296250627474,35.43512325716307,83.04993308840334,172.65935408860588,56.35857321079055,153.06250922321175,102.53793006206249,89.09017121274915,Squat
94.24552913421827,73.75390726249202,123.86275001999346,78.71377428809245,125.13807123630198,172.28902272238008,101.18256563167432,103.14462676256238,Squat
158.53109844835456,158.59597795422138,175.07244964694658,176.9910720525851,173.66741648044396,158.12359611401286,102.42398683044732,81.88244107714716,Squat
171.7788974818761,175.77659865293586,170.94057719092862,173.10948127570063,179.61798192750007,167.5162008797706,100.04036819672191,82.80400637775921,Squat
172.2214445463165,175.3128491536799,172.42849345724176,169.78238237402635,178.07832382839223,167.98303145161876,98.56682561557056,84.66539742832589,Squat
167.6087876756083,168.69844678914137,177.66445359769722,174.14292307007332,173.2850028468878,161.49499915845385,100.81706849975136,80.23929625721814,Squat
128.79583876159347,110.18865376168633,161.52094654878093,162.68531348230914,157.21885861184387,152.95137875398987,93.9777182943262,78.67114786917372,Squat
80.62384276250293,55.37403286009299,110.83119425464946,163.72892615763556,91.08540701991616,153.02179988098553,88.88906423570931,88.3469412566767,Squat
64.85433931295556,27.594816435231337,76.00598358101432,179.96161798772025,49.739184211921895,154.9322966081042,96.34060377330673,84.1560066978496,Squat
88.88708390759572,62.59183842429587,117.84136396258124,172.07523901795946,107.76111612142672,151.941576490662,101.71385683710702,90.35631898382316,Squat
153.0555738313857,153.28990753314298,172.7068764418449,139.30234268278443,168.98818936455842,165.20640408593962,72.3793397165937,82.87153216107247,Squat
174.7172821946654,178.35652190882686,170.6165135708794,177.32281373067622,178.09981154000255,159.0135000122537,96.7657860367517,72.81660313424786,Squat
170.7901060977268,171.8995386269077,173.04919013623703,168.15368089739434,179.3517661919355,169.01131905712097,91.31930957036228,79.9256278054683,Squat
169.07718641146852,168.3331041164029,177.43849145603664,175.53248271636065,175.62948949713427,168.69433379777047,97.04728954036288,81.47345456852042,Squat
124.14734738187626,103.99894389233656,162.23489317353395,165.811555319304,166.728900126377,155.58900721481297,96.36363815495076,82.63652594425092,Squat
77.9669863629864,46.20081844125099,109.9942142795814,175.30331328357173,84.62758942138413,152.2898943080933,94.76152541724522,88.21598811385908,Squat
59.724745750546674,39.06074659312793,83.14380045095128,178.0791072357085,65.28224842990693,151.26849495783378,103.06347489704032,84.66414238859429,Squat
83.52316449228472,57.0513663583921,105.74572715030628,175.0604972599425,84.57788456991324,169.9421219253933,97.3781263523714,101.49503823897324,Squat
147.84470260520942,147.61819755924435,168.41166646888811,157.39391495884485,167.6547577369258,155.3043449493586,92.0382999380183,82.59227456917667,Squat
175.03480840459568,179.73326048835972,172.0321793338675,176.09670144174777,178.3816249941874,163.3976621697289,100.6597176172282,82.06810430408672,Squat
172.64373719869397,170.7571991301405,172.12600690884514,173.22868020213406,177.27600758458038,170.49996199567263,95.65908210232634,83.00481511062964,Squat
169.6790821221358,167.83023932772323,174.90849108913872,167.2935764045083,173.11328950776203,160.43941602091684,98.5355855072966,79.68096617764124,Squat
141.38434989617744,123.5861532086779,169.04341157166678,169.76273147242028,157.0963192798462,161.41925961304784,95.07429432155784,80.69805204184293,Squat
88.54559623677855,51.034360445654954,114.84210389391777,154.579303238948,103.58753871191766,151.17789830569512,85.5350005425184,90.80726143076036,Squat
56.8200618381947,28.203045841894536,78.81505112278084,177.9183033183426,55.37950436110623,152.3233011386683,106.32577133042462,90.10250491036668,Squat
76.06448779806192,44.89144311158009,90.84162425229005,174.22797740440413,73.65347934561191,169.98739458664633,103.6975648207462,107.28153123747757,Squat
134.11979926902703,132.40217711066748,158.07697455427433,122.26541784786792,157.05434085082442,163.47349756612863,88.6787444348056,85.79505194076785,Squat
172.76353150754113,177.15371534442406,175.94166280256823,175.20239074478727,173.17836550335966,163.11038528005213,98.63363447069672,79.57402904054098,Squat
172.68412161735262,175.5175853756466,170.6754204511111,175.69842512919723,178.77221789201377,164.63491311535657,100.1416626425451,80.26703991896686,Squat
170.17732505101714,174.70310400464132,171.51338235837596,171.99708299713717,176.94591572899137,165.2610360333227,98.91897573663928,81.8334248438112,Squat
138.00197371610463,126.19381646592063,164.18449948010974,174.61402013721477,159.5884287261459,162.55995072027102,97.91392534186257,85.04725445793511,Squat
80.5275338811422,54.45272436154414,108.042373726759,145.6952614708873,91.957763637735,170.23953909480426,96.25657746898987,103.40417929837524,Squat
57.054335090054856,28.404966668582652,95.0878376978967,165.84096357807283,68.79859190797526,158.80614527592846,104.03231062649849,97.23292650810816,Squat
74.63164394170242,50.961839231450426,102.88740689161855,171.31857635245274,97.55191991338944,170.83883677213268,101.3284671837414,104.8505844326553,Squat
143.573626904535,141.5798759377022,162.84877799702366,143.46620880660055,162.45689401072912,158.3092317055697,84.48724022073256,84.432824628504,Squat
169.29469431807894,177.92606148351845,176.44686238542073,173.47960361770748,178.33724123932743,173.0406433352531,98.83371489441907,87.67878185155566,Squat
171.35474328673777,173.64771192255344,171.35895376213597,178.96492758505147,179.19593359922266,164.7120779352178,101.04002186431823,82.69086687361354,Squat
171.2197168785973,173.16130541972697,176.78961902027294,176.60731744752374,172.1183536793131,168.46027342624157,98.2222820367453,82.14338898133367,Squat
136.89984919782654,123.98274571202626,163.65191527229948,134.37698580591274,160.17663559209225,154.4160895930235,83.5476809146498,78.79271926213828,Squat
81.19679645740084,53.70600568811574,109.4006723429219,96.24555541168706,105.83856994862124,171.19312657036755,76.99398361198135,102.50105605901624,Squat
60.398410710401016,29.41638523876901,88.01494533579859,174.46200603324613,76.62497047626789,154.4870628342873,101.13378751576276,88.96030933462495,Squat
83.3037880103424,56.30862048585351,111.59891688203798,106.78983721206907,104.95879008714992,172.61712407855524,95.9341065732888,105.52791072629792,Squat
141.501784244097,137.04107998859524,161.60679091301603,106.41538630034913,157.57593803648422,157.8604759986632,88.82949522092173,83.29174741388911,Squat
172.89738286620243,178.82204346808092,176.76074496651202,176.05811252632827,173.45273286678167,163.06896249978254,96.0204807660719,77.70232802739864,Squat
174.7539542317812,175.64777544358142,172.0719146225944,173.4390643646105,178.69359622663453,168.17514841992227,88.49927792266845,78.27542874802235,Squat
172.2194177810597,173.09726888602336,172.83912476480484,173.98895278745752,175.0832928860812,168.18309583950364,93.1431352025292,78.85316858593907,Squat
153.19140226572668,140.54411666234523,169.25747738370907,167.33999798698272,160.45821527804517,164.3373860790842,91.33296325996513,82.78733506094014,Squat
96.76117281525148,67.13741959544359,133.39827727410156,173.00918686915725,116.7850058940832,165.77943453162615,96.32595930435278,90.61732173853692,Squat
63.760475150155195,39.573966761484144,94.06618819647898,172.46164527309338,74.30865824642927,153.53038689443517,107.86435524884652,88.7416835218355,Squat
66.20875968823896,43.53452135432906,102.07722017175377,168.38337946649233,90.23747863330414,153.49859195733973,101.25240444692052,93.25237017657966,Squat
93.68103623146358,81.10209583712498,122.32265757529082,156.1243956666721,121.93402263646706,168.2576744850483,106.04554187440893,99.9590370828774,Squat
170.68262023520202,168.10007293434566,178.2415359781435,122.6287859260406,170.88114597693829,167.57492081082916,83.3742690220793,84.67350664232981,Squat
173.53524475840953,174.2861256267221,171.2794584818237,169.46338146690837,179.71430978652765,169.4683721312423,91.33511920390583,81.16919262633076,Squat
174.1061485293357,171.5976349045199,170.89203942851702,174.96698061470514,177.62791926158454,169.65552005516972,95.43032794739996,81.28207086842104,Squat
171.47861520683452,169.4056271205151,178.69284092816432,171.46187739016736,167.1312516147342,164.09372483116277,95.66750566499776,79.34596801571148,Squat
138.56063599815965,120.118026779618,168.16761273552504,161.2646775557539,165.36006429110674,157.11843687752122,89.9135469101526,80.62002208094663,Squat
86.6765628105872,62.320144549314705,114.15714935735632,175.451646411591,107.59671841929804,150.42311979815472,96.21644246385937,90.15716251044094,Squat
58.15085088557469,36.412117463153386,74.91806894758372,179.69776342541547,61.61920880519028,151.62835840360768,102.9176018201287,84.80438064560177,Squat
80.85327495495581,56.31331522014307,113.39741042449818,178.15528221659974,99.77653911398636,151.70006151826303,99.27514257799088,89.20248465563597,Squat
142.29258584419486,136.5310726698263,162.45128176084103,121.61707053509582,157.9006434298833,156.33255507969355,87.3030166091938,82.61994883032698,Squat
173.10297678423493,178.45704390868573,173.49542186434823,178.58469590016392,179.1945118153589,161.3622368209259,102.31198299596343,79.0795892627594,Squat
172.99238927849044,179.57900411679637,170.46155075379357,167.91422811801942,177.84128242476353,163.13844569020023,96.8235268845729,78.04300898957135,Squat
173.06819558288686,179.82562497120884,170.51762066724265,174.84304893032797,177.47941372499588,159.8153744807091,97.3696394032836,75.96135123094706,Squat
160.81516508061395,159.74138546890464,176.9199195796959,172.27346457879605,167.85487906146807,152.3605064170834,96.24404379395818,71.65633106307286,Squat
102.44249222715624,76.4523043218872,138.00160418610534,152.18930426536903,125.61530107248026,154.84693654825833,97.6466393498104,85.46321855730508,Squat
64.45518878544146,36.60582179912524,97.95175582709446,175.33253768921222,83.33309079292195,151.50367264939263,95.96777068564808,92.2554356242192,Squat
68.83393691520125,45.94112501714318,101.8350427247238,177.98976906350677,90.29555617319346,150.66276188938025,104.5070872842118,93.90625980425114,Squat
111.80667669464808,99.48948674406108,143.64885857936093,143.61774784858588,142.9330874523077,168.32760005662078,102.24297531827672,94.59004649125907,Squat
170.1171528546592,175.26415964626665,174.47339466566322,170.8703850210103,178.5502529714424,159.16939786267972,94.0230918019234,73.1303876295929,Squat
177.33760417527884,177.24839700500132,166.90139561345342,174.13393808200226,173.4957303488932,159.55922343665878,86.38421995376848,70.01411715877444,Squat
176.62102887272343,177.79642431062808,168.38882148341966,164.41001860269247,176.45783798356123,157.65950653092844,90.45176984204436,71.01353346304661,Squat
162.16634044071728,160.64554656776352,179.68738584121058,178.4998302049023,176.50194157605392,153.60855985928018,90.67704436912396,73.09641798249312,Squat
108.53222967275715,86.16446511960925,143.98720352039365,101.69991769361776,143.49696091258298,172.96059895729235,84.13016619879012,97.52885417128844,Squat
68.3398793774073,47.89872457237965,99.55566253190396,165.3380102222939,81.72725802663479,152.48108244217934,103.77752163127408,91.70314778978708,Squat
63.99741023276047,31.656768503927022,90.49333254437774,173.61185907237038,65.40587247834213,152.55828390201538,99.1105660051518,91.36196800308043,Squat
88.8240161880543,71.09861689459456,119.74939008359196,67.48103093793992,112.76793665548882,171.71787413265287,92.80977373382493,102.45282046458158,Squat
165.98901943034377,166.60600385306782,178.20406623399134,168.19777111812067,172.63101172048525,163.44114640440466,89.50485858673404,79.4396401103553,Squat
172.87745164071694,178.26293058208668,170.93862568438956,157.73398977378963,177.154067855789,165.3906956965398,92.49900312570291,81.02682011827696,Squat
174.44333751141838,176.80891635904126,171.50970190879812,173.37137415545735,179.21601277575164,160.8545893022933,94.76349370607532,75.6602399531541,Squat
164.84739886699256,165.90618600691835,179.06093840977064,168.14673815588282,170.54191752056343,164.6779489780738,91.15786133465107,78.02342666332027,Squat
111.1839627554667,89.86720285538314,151.60759172450986,176.57155711134325,149.6626721667554,168.61232021009275,96.28044327012462,91.65492842494544,Squat
75.66892086083472,55.60688749371815,116.00538445960328,165.7784679734646,99.82136206156702,155.91671616741735,96.37097846842092,85.32061578614443,Squat
61.79329821489835,32.54517095290191,80.0921948201461,178.38957968858202,63.2669472974801,154.12136620294183,101.48938073899104,82.64659907765169,Squat
86.75595088025943,66.8469173919309,120.16481909595052,177.96205849424555,103.79604798052452,150.02841335573947,107.41595965670425,86.7485277640145,Squat
147.94799369027524,146.8002291386419,165.76220427103627,174.43077011396016,163.0840288536265,158.29310994543175,97.16472499579764,83.31930642295791,Squat
175.47134330873726,179.32496142184502,170.46537247077111,168.59431780831855,178.17737597169028,160.88600277644628,93.44678726014637,76.33657689976549,Squat
175.6697347720091,175.58247288880477,168.7394296124531,173.11956972985396,179.99040101954915,161.4182236777755,92.53786536477809,73.75556579068324,Squat
173.15759322069934,170.7337871638681,176.87959784747437,173.98443150184133,167.46475994254334,161.3337083660878,93.9348727042416,74.88925823047364,Squat
143.01395208647156,128.4785070796839,166.94981124366538,149.91285875542434,158.47701436831113,155.47153668536507,89.45482360923852,78.09392923545141,Squat
89.7506168054192,52.66371389929594,122.56184674874277,149.1431985408752,101.5986156545813,150.6313945850286,83.71425772224053,86.44533049054323,Squat
61.423176404338186,30.04596656237123,83.03470177663272,178.83572955854166,61.27185712984618,155.71148376511007,103.098263406355,90.4254776682315,Squat
76.27848989257394,55.03189036896157,106.4969874480043,170.2872335831421,91.64404008110124,151.39220039446727,103.11666614680146,92.29281634150938,Squat
119.14530898982504,111.94580173060814,151.31964909917087,179.16702855474605,154.40418676931498,151.5349137276351,98.69363020049389,82.53693417314034,Squat
172.89444613702054,178.35767340110158,171.3772378391621,174.94280687595457,174.23894238156737,163.77769335880194,96.15410760137902,78.6082680406064,Squat
176.1473655315841,177.56877518430372,170.90517553553553,164.55319777748724,177.79029442620305,164.62853075799168,90.17826607402291,75.57846364340372,Squat
175.40444260182505,176.67633061062318,171.99030412539148,169.09822848039826,177.04798209327288,160.71261001104162,91.3964768409094,74.63693811518303,Squat
162.29185567312038,156.49904635635482,173.4350316473994,171.75844465873186,161.3713519870906,155.4553887233333,94.31103267509332,74.57150539424477,Squat
103.9289426785888,75.69898440266718,140.47476590858673,149.32204442875587,132.52002793565708,155.55403021850316,99.96743687785856,83.43080556597657,Squat
76.94854940477036,44.26989326103313,99.9088687933856,166.82757452936897,65.10420550396555,156.48791437139914,107.68632296391746,89.47778183148037,Squat
65.9993853534239,36.87443216679236,81.1069784957693,178.19148024147674,67.55561885098126,155.2943701363548,100.78730403945832,85.3019310586999,Squat
96.9220430690481,71.95564375332549,124.05512543982398,178.61837091468126,112.23557153990058,149.41411911835638,102.93369877069053,86.09261750147692,Squat
161.753728212187,159.3359794968756,176.490316552498,151.41826955315005,170.59105960756688,163.1935671562852,88.27537249627665,81.0372445546603,Squat
171.4820882254137,177.8136396922212,174.0638374164241,170.05467844309723,179.25777611724106,168.74249526070912,96.4052963150174,83.78035371539178,Squat
173.04950503403728,176.53044040844802,172.28429524982965,171.72871226107483,177.70996221837717,166.67164143301338,95.59247623595998,81.21561795462507,Squat
166.9707012309068,171.3611330545071,179.8986177588573,164.69536334288824,171.79114177042985,166.33516587406282,92.997467857991,81.5793154012076,Squat
132.4726291254226,114.89281040562896,163.8451926089723,172.61312257518753,152.44943052307846,153.4052183367908,96.866787274741,75.82416791580403,Squat
87.74860705620972,53.58747516451649,118.4714115194364,137.42391657060878,98.52716746166465,155.31872060201204,55.265037862520856,88.24612831043207,Squat
57.24542530146756,30.79153008838808,82.157747900407,178.5070650797225,70.83001649276531,152.28091252567887,107.10238089982884,84.11831982761149,Squat
72.04810363533245,49.71708100617781,101.5182961154808,171.9495687502567,86.98803574637992,151.71307161135317,105.98648032227152,92.27282454957192,Squat
122.59433479670857,114.99761108671944,153.80163294626402,152.5824498866934,153.14395352539643,170.75211854120994,101.7088530676704,92.12735898227488,Squat
174.53636510737297,179.54818850273074,174.17141838722495,149.74649518008252,176.3939709688155,170.15782374923245,85.74767870963487,82.52723657930666,Squat
175.24433249422916,175.62444741585188,165.51072472162903,155.67810458387837,179.75164347998418,169.74942449582042,101.03080471868772,87.80012066610999,Squat
176.0269832322056,170.471069585439,162.56711165731798,60.07086472293082,178.40316164455345,86.28742536660282,121.10541107228984,152.208416989068,Squat
179.34008658720367,174.52946145716038,162.6644551813386,49.33046365954118,178.77073712687576,42.20238737565423,135.84664175452957,162.47482908266832,Squat
176.91077674861103,172.08394483809732,164.79952951117963,41.22911747542389,178.37564271417273,36.906678324863904,134.83151372961504,165.2009243920222,Squat
171.32668146260193,163.52319994816455,171.83014217025604,36.09552348762702,170.4240645121339,40.06296543196861,127.24636159127704,172.8550811565442,Squat
120.2591527835512,89.81506036855887,154.223960846712,35.28485021791647,137.38926818622778,70.78146351238692,131.39382229540945,171.7529329898821,Squat
80.8328963890658,51.72452953076021,119.68056169483236,24.275859355563284,95.8429496603543,106.41653212800958,131.8828372588324,161.6574515676245,Squat
72.69104249794316,42.67761061140925,112.45107215527956,25.790435740345515,92.60915935647074,50.02212803532913,140.51449412444873,114.5012012011508,Squat
99.98527231508191,77.04430665924508,131.98611946497357,34.90405873927517,111.71015174121048,65.86652293758837,140.78616531057432,158.34935590667635,Squat
163.31182571738938,158.25292580749127,177.25926278691202,36.9913992789385,159.35822395839267,38.72765609827373,130.9481121076272,169.7581864806374,Squat
176.59532296047547,174.6462910502063,164.9792783450998,39.15392508284799,177.12272765150126,36.74392870598882,130.7812365744792,167.75589184962462,Squat
175.15329080329929,176.66505764370058,165.00235292990422,39.45917826804458,179.13983312029157,34.15864625303842,131.73201738351918,166.11763008166406,Squat
169.93485907598844,167.31677512828912,168.86189744482382,37.88272711755445,177.7944917189994,34.11990410256181,130.3277164667786,162.85424071539435,Squat
131.2255208462682,115.28599295041678,159.3242181609554,37.511975810064314,136.14765371172808,42.29277791290438,134.7428211253185,159.7571941062938,Squat
85.19947610913592,59.4713523452653,120.63701893867932,26.250464213522264,91.71806471912714,77.25288063802115,135.00528818059584,151.0944396372862,Squat
74.48696712982039,48.53052865817864,103.11951915782592,31.838903889348103,71.51252845860495,46.26762794954821,143.58223313453408,87.2198939407595,Squat
94.02399171956571,66.19510841905355,131.01369253082905,40.94112425439056,105.30677416186724,64.19658611429651,147.2305254920911,158.19608674668916,Squat
161.52737284479556,158.60464466809591,175.72995067437415,36.48380620468219,161.2176140616467,37.7412075044131,134.12713169276142,164.1052466898748,Squat
178.2996940849894,173.47290666338745,165.81438908995955,40.91556256458216,178.24729239290113,33.470971707555975,134.0745831778498,159.38342605441804,Squat
175.31270091004288,168.6014274494778,165.2291845650708,43.84413962280507,176.8869793683159,37.311009880752415,137.43895931581503,163.68482443553322,Squat
175.8111910448149,174.60344937936802,169.22186207170537,42.811151937748605,172.9156453224293,37.520023780042955,136.33762538757463,164.4371721305764,Squat
138.28271035849465,127.79628965995587,162.90398540227247,41.49522764837735,146.68089759608225,46.23465481276182,135.90160601776316,160.52521563987352,Squat
95.0744165140758,60.719839737575626,131.2982779361982,35.72506057583627,102.00233697815996,80.43545582189746,138.04476360905673,146.78984005641348,Squat
69.59461356037035,40.3156078643961,103.14985863959284,34.43344765546033,89.56724942143046,133.7443264945082,146.33391250070204,170.51993895968025,Squat
87.23500593219225,59.716989157413366,122.40470415614446,29.89289532896032,102.78989644920136,88.58741099658438,137.66839305274115,134.79527493454992,Squat
135.8256217810261,134.71122377883583,160.27464914539402,39.489723381199326,150.64993985843375,49.46863712779596,138.05544986101643,165.36346922322147,Squat
177.19109258860064,172.71721118792087,166.62775363451172,39.3775715875031,176.10374336458767,35.35129432826489,134.99793222688217,165.0989632605632,Squat
174.92137998157682,170.63588812557845,165.0096179589378,39.051452714677566,178.17048338019094,35.67562203277521,130.26900173885625,162.23002832775387,Squat
173.96433927260546,174.43326011396718,165.9722833613083,34.80473593246313,178.27722005875847,30.695065473734505,129.5687429488544,159.91843584289916,Squat
167.69410712725087,168.14215805161905,175.60059003799017,36.628296681159384,170.48769288000346,33.20291021820148,128.35056494564188,162.07029771119696,Squat
118.20819218437391,93.1740048076357,149.36948691926872,39.36398167361534,136.05927467984571,48.98249859903204,136.8327770289058,153.4368770170115,Squat
85.76403281891909,57.239627672302674,121.51116292896783,25.68128004192073,100.22064312927506,32.53468535195751,133.2410659430526,7.553146328085332,Squat
68.21629476907054,40.666765875713,98.52496469647588,33.88717162554377,70.70790966829111,174.253550659813,145.1043735555186,164.54587187256274,Squat
90.51088490716964,67.98577658874598,131.78198553406574,39.699546505300816,107.19861597641004,90.11834223738128,144.47648067544455,164.59840363555344,Squat
145.8244135980121,146.41200235717088,165.51754073615146,34.583030093086734,154.03181313143426,57.46427157742131,131.38408170617362,171.0235928770913,Squat
177.56660336555254,177.91500126939874,166.69598942853523,37.48082242853735,177.30785711167155,33.72341381919896,128.1977224989621,162.21041800679754,Squat
176.17375331218838,176.35851970963273,164.6034579079148,37.24795603062836,179.54297399434284,33.74633839052779,127.47481727589084,164.29385252337008,Squat
175.21270059654907,179.40586504973845,166.33623888701743,35.9364646336673,179.48228689981102,36.25620886589813,126.8821168524179,163.8648213415143,Squat
159.71528099529996,155.14790116643246,173.98123047585048,34.495645082337546,158.57018258964575,39.33549864393272,128.91675218006267,161.7530260903753,Squat
105.54935484841484,86.99291592276683,138.9610781719532,39.083587255540806,122.241002469926,72.22052972644306,138.38825059789434,155.47568552160496,Squat
76.27675098137492,45.33910087536822,110.35056987248828,32.130063364725004,82.36028452771097,121.55503330651298,138.44241951476516,112.6099929154344,Squat
73.93373915495805,41.64433842464399,103.35982600839634,29.134195532067626,65.74256988707924,128.52248269877543,139.23712085530107,130.75319465641627,Squat
102.0838582100361,71.40852371611913,135.54080550880394,37.00986210998229,114.191965682145,83.2544694587321,139.6553130429291,160.57721913090597,Squat
159.12450330083,156.38693048832187,173.65783164031149,34.20077389645371,161.2440587751289,39.629665754368986,130.85254035101374,160.50327007049663,Squat
172.99878837574752,172.6152772660166,165.66075584892445,37.76024983275517,178.49081005529683,35.21828493307291,127.07399761142617,157.72083385209095,Squat
175.9343630764091,175.27556452801335,165.2577845441714,41.22546543444889,178.12095203580174,37.33525075373184,135.4264419075228,160.32482124779384,Squat
174.1562154150919,167.20274313519224,166.84182337969136,40.32983939329853,178.86570425560876,36.245668608038905,131.6078707810682,164.54998427614495,Squat
160.88569889016372,152.33723550451106,177.98700395290112,35.729399281751625,161.98210821281188,42.745346808771075,128.49376847063684,165.0620397417965,Squat
103.92602890488676,76.0092995904638,140.49689270064596,40.45738299760228,119.88475974370508,69.1305135393918,140.32435800637947,155.38978052756912,Squat
79.93629054180907,53.310266167879035,108.94518742455716,29.539556491124017,83.4217857044004,59.38259953936894,136.65994563932333,104.76183873782284,Squat
74.21434545541611,45.58079650914766,106.4199336533187,34.20993434071863,92.19394222136896,114.16076041451905,142.8101730843788,112.19088674852895,Squat
100.63273486877333,71.50214108178977,132.97280610182312,37.161258960549446,109.9776239255362,91.87301156396988,137.7975713775505,171.24114967265922,Squat
158.93818851918533,160.67975102805082,171.33213656815096,35.20886024920634,161.96535053240507,44.19184459821511,132.82431133101645,167.25976780556883,Squat
174.74820746882392,179.8689178546797,165.42626855267198,39.05297193175636,176.00677749522112,33.46499835750845,131.4539654470019,164.1822545582147,Squat
178.62300280898765,177.6529577924268,164.27678927452172,39.033562628022366,179.9516636742486,38.21356203222153,130.24412312098536,168.93014872607046,Squat
175.609010988398,176.9032605682376,165.54738695032265,39.86193425774428,179.8969371288085,36.93474345806049,131.7074831836735,166.39564664841677,Squat
166.2264802139438,163.9633383741621,178.4054036262849,36.72436988194488,168.55780868606328,41.18120994218978,129.64102268821836,161.71149254856505,Squat
108.8132294019018,86.59015884712107,146.05344986566917,42.410933308854226,131.72559626026128,69.89461483309836,138.36350055045642,152.66689372296213,Squat
76.28661457390247,49.89715251951844,112.24087232553038,35.17557355115389,95.65360225113768,168.96331848705998,142.42445289003288,155.9792429096809,Squat
69.42923677637319,42.380444844540705,99.9839918600412,31.801730531472742,76.14323552833889,161.6017850469037,139.84182899720838,138.62160255905587,Squat
91.87833480726955,66.37684527080916,129.2791460532319,38.93697609371401,108.88071463396358,93.23674543683944,141.98351123983443,173.5741009965044,Squat
153.22808021315612,149.12003070728244,170.1128225434059,34.10454488730727,156.45720139844406,54.00451138561123,131.48464426074457,173.8321631576269,Squat
177.19927070058858,177.01756321374367,166.42340804775242,40.40855182254376,178.1005715189473,36.17310041569145,130.14596936237456,160.89745467052444,Squat
179.80049300363535,173.10012200596864,162.15162572873686,41.66057575146846,176.7943104330345,37.81121934335433,133.70936460703703,167.1314020033621,Squat
178.84869388412534,176.98228554468125,164.40868227589263,44.43051942153642,177.39345307364735,38.592605477977045,132.47219845187067,168.70068043303849,Squat
164.5847277925928,160.16179603619835,178.8891201670615,38.4294222277195,169.24630870405392,40.22734289056436,132.3338201880642,160.7038043542608,Squat
113.2362055091136,88.3391754393586,147.56721968105356,41.203895717298224,135.25574612545543,68.25495503448823,139.70806583285355,158.79395606013173,Squat
79.5935288582105,55.363857722547266,117.55350335626903,31.207253582549413,94.91417590391018,137.89437102855342,137.4162163813156,176.34672160667174,Squat
70.99820759927239,41.41327756163059,105.92302956989242,27.70239172794561,73.48455501433466,103.76780581804518,137.41310723677734,105.51776965876086,Squat
96.9931626328013,72.2788986313297,134.86558255138004,40.31807094142704,118.05891001304492,88.57706738567153,141.25704732027995,170.7230964131824,Squat
156.702506611608,164.69561567041217,169.63774145919842,35.48970061954685,163.64809202785332,45.100097069883496,134.13541343304192,168.3184121061618,Squat
178.8580169694362,176.64327642581785,168.0147091579664,39.51224890184102,178.44763757458148,39.2055989400299,133.4137151647805,167.07414238663395,Squat
177.1072098320134,176.9597582030665,164.82534777713607,40.1417975204821,175.64153162189442,36.98397696367569,132.62345100680744,168.49453489573665,Squat
171.65453661966689,167.76494447195685,168.91194230351465,36.76691224295013,178.6791102048869,35.579315658853936,129.54012515157757,166.36143731019266,Squat
143.44194724680867,139.54647222891646,167.61850898522653,38.18524933648706,156.64969882703542,59.49245086375483,130.01904342413613,170.73120940006032,Squat
91.90926924987224,63.14274238422661,125.19831412927492,34.14059143133011,105.01069888685822,16.99235505127855,138.58087128984164,61.58027465840359,Squat
69.85858926210577,39.001021634158406,95.5954485915911,30.39888010022861,82.12798799812208,167.88749466897016,143.0620487983657,159.5141951082365,Squat
93.23010127563448,62.20029174276209,129.53296058211228,14.312039938285182,109.78891913522504,37.61393526867428,124.2291444355236,8.358310050429957,Squat
136.52319237159443,136.16972167673046,159.75799985027632,35.4659946295381,149.7615347938098,56.471912786484616,138.6899813914257,165.0793450959574,Squat
175.62799407198972,177.16536345997716,165.22757580581643,35.207455229722996,173.83468985131515,40.83706392650359,128.91037308542886,168.00715158739357,Squat
175.84424270700455,175.1189237841536,164.49240089018355,34.171851683670525,176.3765521889841,33.97508174043822,125.92499273131938,164.12531131406283,Squat
175.60317157505543,173.8693869646945,166.21286352101646,34.8394697899775,178.72397381134215,35.810163598403506,127.1124020871436,164.47431570490454,Squat
166.9281467006119,158.6331903495388,174.77190484726242,32.22712366622608,165.40821171580444,39.85004500393766,123.99799328751207,165.87331167369226,Squat
125.98049285864192,104.69633085475334,155.3785549141095,39.94004772050073,135.12190550642697,66.34435242527586,132.96416168718713,158.9039957710152,Squat
85.14214588153746,52.73598322661479,119.36518438408125,25.807488268900215,102.1723997792381,27.894629074058503,129.75820492990937,18.564822038847993,Squat
68.63766332189759,41.34941576654052,94.63755498853288,32.83813679150495,49.48945355435694,124.08489343361016,137.94606596213728,95.1649582252441,Squat
93.64220063275454,66.08867290628683,129.1008236345872,40.81948447868069,106.06222142667036,127.14273388567034,140.08364265712424,173.9550582315685,Squat
154.0623249635666,156.6634075301818,169.0870343190534,34.37932325993444,159.28543920838356,62.44958118046502,131.70651114354135,175.41947981557104,Squat
177.63237862313255,179.2683022239218,165.5432337148018,42.37685723861017,178.82537168293064,37.69624657361881,136.41324448195385,168.16368242865306,Squat
176.1785437557123,179.34330073053658,162.82592771393038,42.12812688678525,179.61479003823658,38.028596323186534,133.915658687381,168.10044640055636,Squat
176.3050821369891,172.9031741311986,162.813984706279,42.186412986680466,179.98165758725952,39.13072225728216,131.73700543325288,165.518606819708,Squat
171.27648374873752,168.5166017458548,172.99980627272038,36.88209970749341,170.49207069041083,39.72240546024856,130.12346963100006,166.8892086561259,Squat
117.96484986833546,90.84310904622008,152.08498069570726,37.88749139900534,139.6682068711425,62.973720515333504,136.9300403887003,150.1763855748311,Squat
80.77897952929348,55.21417719856561,115.10158608087124,26.95088808822436,96.21880624243522,6.222140125861689,134.12006892192997,47.46840440464154,Squat
64.61033418311442,39.70484360892175,91.81547246926318,27.850830584037112,65.8744040437989,147.6912372424607,139.5408232878594,127.23059321518362,Squat
91.21851544879678,67.77124959046705,129.3373862041432,33.11034364694018,114.43986629674242,89.52473771359836,142.1826546863476,168.88312308475292,Squat
155.00608215800582,150.20839011943335,168.41369606626137,34.15732254803038,153.32555519738514,52.96488971962943,132.12229809546773,166.93792118089416,Squat
179.96351552499243,178.62684337910483,165.47188731037215,36.03992896679483,177.9054797837809,37.077137241934,127.99685264212896,167.19566292917366,Squat
178.66717156529882,173.26750195055152,162.11822359718664,34.77967824983409,179.37085803654142,33.26522004655359,125.4779130266852,159.60212223447567,Squat
176.4896227692087,167.72833202151693,162.6282697585384,34.032733373166195,178.86784886230762,35.0780059317054,126.15086094703172,159.38105717521685,Squat
165.2566355754757,163.24665858271248,178.76945706295854,33.22598721971622,163.36463456724323,38.81557802598149,125.97382387258352,159.47863940662646,Squat
104.60071498793693,79.78717042032474,138.6297074993076,36.986382491266,116.0620267805114,73.10389957900819,138.84796726316966,162.71756026612567,Squat
68.66465622573743,48.37536974371761,97.30232899805932,31.82573487425384,81.12059903489586,146.73493741757005,133.92926549897487,134.98906530402982,Squat
71.26379840384418,47.75973605650421,100.446891742741,26.89692351800971,86.08527705523369,143.37515185511143,137.13413096978877,120.29582045000532,Squat
98.09480417099178,79.12054106290879,131.12058940982456,31.435897202544258,111.2625629211135,90.1930518272631,136.570103246952,167.45898486329202,Squat
163.53898819646085,171.4807086228277,176.16687552743053,31.420732155728103,166.74651459063608,45.585273380610175,128.52605201888818,166.61325951148325,Squat
175.1140674440014,179.70016244657032,165.99028011678374,31.99215115076447,175.83674591284606,37.580018760638445,125.96110145290696,160.53894477289853,Squat
176.4097952437935,175.76879655156236,162.87002653088865,32.968950288874794,174.25891055385907,36.39402309096887,126.2915512179309,160.35430939405944,Squat
171.36751349783364,170.05863473093063,171.37591864077848,29.587214821658677,173.8396122261213,35.359046470349064,123.34320313850432,159.62856714282452,Squat
134.0125894353222,121.32191252274832,161.28763876798362,34.16089314422635,145.23773043929123,37.93847713403895,128.23531050803774,153.06137663747495,Squat
88.68790159970409,58.074882244650325,126.62448649521828,32.400722376958754,102.40758939424626,70.09979010784873,137.3553838333329,156.10666130799717,Squat
67.59736502352968,37.21484270272827,96.28858405092323,28.234207665685233,61.65247635331701,84.49550971144366,139.43381432968587,151.72242047465613,Squat
83.0510735171178,61.53940319026185,116.8420372443898,28.92413934908581,92.22508728125756,164.82449140600332,138.00125461145842,155.13430758165083,Squat
138.97373973898897,142.7893051051444,160.6534389977759,35.74196868217837,152.9235032883804,52.9745185757271,130.51648435593737,164.32460710334558,Squat
175.9300720054552,175.24346766303566,167.43069364260717,36.743566746145575,177.09016504264966,40.1546941803838,130.80288348069686,160.97100642263598,Squat
175.52046461687715,178.28919370975382,165.53874620697133,34.370361541170666,177.86723695515627,35.43877046057666,132.57750455072534,165.51991313187844,Squat
171.9194810222792,171.3361944969001,168.2572309480052,38.2587668338013,179.11277595870436,35.80686009306169,133.40744629961787,163.65191743456904,Squat
161.5485502514686,157.92198743285192,177.0037206146326,35.847707544386765,162.52316513324558,43.02944940789598,127.99132188672768,165.83047908437564,Squat
109.568264690698,79.31614365595078,140.3347263197735,37.89203454179369,123.05071548040736,74.48095704408605,135.16373704129435,163.82775042118996,Squat
70.53458626528158,42.400145375779914,102.81072485652086,29.048965738456957,77.10905905533883,107.56538822423006,131.00895118244185,114.58549673038866,Squat
78.40268358945964,49.71418983040212,111.67568464364211,30.331620494700587,88.02288491394665,148.16744196343816,135.61130761214787,114.79467244713877,Squat
114.49022842183616,97.51040842185428,145.6409995700113,41.535824943673504,139.5354959965165,106.4367810097298,139.36780351679934,169.81525749421118,Squat
175.42535581347138,175.1025721555635,168.49769894023314,34.96731232621141,175.62722764865984,43.34598314734139,129.21237338301026,169.00562287525824,Squat
176.1212398382154,173.4474988479327,163.7982045535576,36.22734489534531,176.98845906149256,43.13643712132451,126.97211513803016,171.17679422712146,Squat
175.92080275770877,173.5819526526536,163.92371471669216,37.163262709281014,178.98465577910395,41.03044089985855,127.13586563245616,170.0954164758401,Squat
169.00710044519238,163.8202113394115,174.11945718211072,36.262977293158656,172.6579271725957,38.9567827803565,129.4602006916011,168.14085837483304,Squat
120.45162072904547,97.64189607523916,149.64959431767184,36.94610683698704,136.38877795095783,79.28388100831884,132.08990764972964,159.23635039528747,Squat
83.54983882995825,62.803481749337266,110.02550227875324,29.389413689758157,86.88169267108321,3.7346828307640334,129.0013429987385,45.49414206620626,Squat
69.09382493806257,43.22168350766367,100.6411146450106,30.172935110387073,77.49483463480192,149.3340431391331,137.49246026794825,125.96031717068338,Squat
95.923567395428,80.21661005510771,127.3959148482892,32.47524063922998,118.7282613630896,144.7083282542715,136.50681465956325,157.4986681130579,Squat
166.23275494560676,172.32807611971432,176.23512595823752,34.586277171567644,166.07543632943987,56.33492071327323,130.24554738400562,173.51972564468358,Squat
175.80390524527917,178.17940055064378,168.4149513324233,36.239411148150054,178.17883866940426,34.209334640350384,131.34002507523977,162.78249022031295,Squat
179.4581013387082,178.43741807107878,163.4150625709398,40.98484316534541,179.39804169967184,34.349179571739796,134.0813913815017,166.29926139925612,Squat
175.75072065141427,173.15555820524716,168.75449510481337,36.766117440090056,176.7006259309713,39.152489961883944,129.6768047273826,167.04089169407857,Squat
152.08460246857177,140.50974085656043,169.76052310604533,33.36788210414784,151.24805968755172,54.628751291694435,127.62109144213548,171.06602360492707,Squat
97.56935069629992,70.54961023982668,130.9749321128177,39.755088687854254,113.06803438703167,90.50604522635705,138.93116501468174,167.3755983788115,Squat
71.18214101966231,42.06672526948199,91.99735446146832,24.979124904550247,46.61194288050547,104.75936715325376,128.13249849467098,121.11674489530016,Squat
78.67962970541622,55.11489846236742,112.12828214461258,29.575989389018957,97.153508219719,171.74443071270613,135.96490051348803,136.64311729542158,Squat
113.9432617103699,104.14339388127912,149.68859311104467,37.5803198761181,139.97404020463523,69.79033510076994,140.71390257693582,157.36062216139229,Squat
174.78560184230332,175.86492332146008,167.53309744337923,37.28576398046164,176.50012141322568,40.874181699840875,134.3686448307656,162.1755105224554,Squat
176.57083847108413,179.7522017570005,165.11220957710503,38.29681685417472,177.4468909227518,37.0716131309538,129.90402405317352,165.4936475555986,Squat
174.5545712739021,172.85422637647363,163.60366946461562,35.50343278489066,175.56964767824147,35.57732705746004,127.54005784646311,162.6350556481627,Squat
169.99071488374108,165.46938743593932,170.7597372021267,32.25266882067166,175.70748078056874,34.75581998293539,125.21261496351649,162.37579545879822,Squat
120.73052657480916,106.2909511719779,153.3571318389952,38.13400934771124,141.41983955688275,76.13984140762693,136.97939299657506,154.26664799299368,Squat
84.21167046257568,53.430743235022874,121.79470450866788,26.240775632854135,98.89576444603227,25.665469636121028,134.08329840884014,22.823655069060298,Squat
64.85959618588247,38.008172390433344,96.28641062643112,31.903960326931156,73.44662662721635,137.2598157381366,144.22175036752827,171.64942325195932,Squat
93.04247040289232,68.62536320257612,124.52479639111095,38.58701124761092,99.02425694934,90.5553698449221,138.79696524778106,169.28240199629548,Squat
161.66325879748365,163.14057146008668,172.1008840431727,32.30493989110613,160.3935727936665,50.513401386852266,130.19692314860154,170.89797272466646,Squat
175.6371413667323,176.1094094109417,163.9564475350257,33.24526934800008,174.63780316568318,35.086423523164655,128.5427378635554,163.7028849998303,Squat
175.66051348616824,173.2776891494617,163.36987627664152,33.49935494058275,177.4724074468072,35.031425908057884,124.64128888318048,160.9229808886838,Squat
173.7089427864272,174.95607607378537,166.18245924049833,29.698101642952736,178.92689323841006,32.39377053202121,125.09018124776206,159.50375052767302,Squat
151.16688723090846,137.41614735231576,171.220945791985,31.75184524960389,151.58397613964502,40.26036204469614,122.38976855131835,158.228717266538,Squat
97.8824108541327,68.70819932730939,135.48529532080485,28.66678828153005,116.69261647054194,57.38550405347641,129.7113388761037,146.36643419928888,Squat
71.22513035104416,41.69970749005336,104.25268498780122,25.211816241278427,64.82542723493475,108.95764203831656,130.5262746403807,152.64917572004754,Squat
76.87218681515233,50.41118178406572,113.1340549805824,24.04639155465634,87.18517746705584,156.31427242855202,130.3500989031374,119.05763162752118,Squat
104.87724355877754,87.60013778635488,143.50766302632147,34.41661261768786,130.5748081316982,66.74316109906691,135.31499203432864,145.93857664215116,Squat
169.04320464546112,178.0344586694363,173.0493636136561,31.624599035144172,178.0970821002969,39.61361611990797,127.45875991110633,164.972444425023,Squat
177.42454750994733,178.3796293991981,163.9396194947089,35.3151762804506,177.88252319857435,37.064056527647715,124.87641580245328,157.86462671830486,Squat
177.44563978762946,175.52557296224666,161.85488901050223,37.69434825013286,175.3443400640986,34.7188528626718,129.01868325347024,159.56241816650115,Squat
170.60929513111756,166.84583389073947,171.10600735551864,32.51916181582425,172.91201750701302,35.48079206351685,124.57344865652678,165.8515608471457,Squat
128.18305284597497,117.09184167773344,159.22525952794368,35.70152414415679,144.41270417746242,48.93142750485272,132.16289446516743,157.9400050739321,Squat
90.29766420903483,54.818087813420505,121.9460518645791,22.785370794452547,105.6196671319182,162.26886637721896,129.28911819328815,152.03136600693895,Squat
68.61606262838897,44.37345612824754,98.0103008584444,30.875490538807412,81.63874433165432,136.20418670399107,141.52228671679777,179.421774851947,Squat
88.2430170864392,65.52922982928408,125.43474822051796,36.32975257772,103.17933360702506,97.686725256225,136.45514917680714,173.5731350129485,Squat
151.30367514904032,151.67037512658487,169.00327295080044,33.39707617842373,156.90733789859803,63.99378639077235,130.14571220341463,175.99515659582505,Squat
175.62736666592238,179.2961559650289,166.94427086763568,37.65252855499534,177.60230853821994,43.92712991504019,130.61399839438548,168.22767337608252,Squat
177.69310944270026,176.3937007549841,164.87101818589983,37.34937913415689,177.76059287606822,40.23162746465906,126.75218245934576,170.15804070869694,Squat
177.7852047383653,176.33296471145323,163.28788258913835,34.80238823752711,178.85508291874106,37.468660216304805,126.21199548034296,174.39749168249247,Squat
152.82040305881074,138.35996546703697,172.84786062854505,32.41862744748073,155.06877229946227,50.950297752903566,125.39212385847335,166.3496227464059,Squat
96.7834947018021,68.43739130061556,128.11577878548545,33.82510079267968,108.90135327826717,90.48774790038684,133.15986706082714,160.7724179312177,Squat
61.30523244883383,42.87104200207125,89.30121286672674,33.4068291374914,75.52203411945737,24.189016841335345,140.8168574556285,13.367688943478838,Squat
75.5748725247127,50.34735505144255,104.98462834179313,28.49748276699154,86.13700943482536,88.04180954465764,131.65557292457586,72.33067710448898,Squat
117.5332386888944,102.32648160486804,147.39402794672105,31.059058870895345,137.76943984046525,76.55485901220668,135.73403134042047,164.43163841669607,Squat
176.60925789458346,177.88160004469177,166.1142872252031,36.27367394626282,176.09015715848022,41.96120432377914,128.78789285346053,170.5751507040039,Squat
176.42561707393168,178.22340579677987,165.46575509209845,36.029290806010806,176.83418208989667,34.38346255784414,128.2970161224901,166.122800343137,Squat
178.42737950858495,177.68842257741088,166.19993727133067,35.3176403081888,179.394643133069,37.10657012071021,129.77741402769706,165.65441539955444,Squat
166.23642075985163,164.23637187592712,178.49309980045274,34.69856909948345,164.80740624077214,41.44199685728972,125.8894151779435,165.07672546636817,Squat
110.77853182708571,85.10169070964548,144.09618325159147,33.65531999321689,129.19401183999096,69.68703652117276,134.18167956687913,159.064470756652,Squat
73.65630270445406,56.18114109675304,105.18772196921672,26.41789670367683,86.82468272345193,66.47006064147263,133.73635966667362,44.688954572736506,Squat
70.61373801495088,39.38548454284239,95.7486456695751,29.47850194524108,73.39840769490792,106.50685700301328,134.58107840139778,120.59056524315862,Squat
99.5281817476763,74.84614167368721,130.7797890834623,35.44246642730627,108.13027047234266,104.73419145005508,138.68229220069955,173.07988174175236,Squat
169.1254661878418,179.72013998755418,177.65015356267773,30.544535471080223,174.2292407935895,40.7098483256604,127.3914834020547,162.34823785824068,Squat
175.80011699864315,178.56467173290596,166.83654667186573,30.70621226215644,179.47960332732592,38.928899658297574,123.31368628630844,157.89409951649168,Squat
176.6782143007093,175.68817668645366,165.77205553631737,30.698795001267513,179.31059353525674,33.58356875804571,124.7014328882424,159.07349711506265,Squat
169.6296371939854,169.88698446071234,172.91945257859996,27.780333702905523,170.71763592030976,33.84011830850935,122.60019991289477,160.23723879359653,Squat
118.96211902499708,101.55693553365096,152.00868627497212,36.16560512320018,140.4811713082917,61.79507327083448,131.8037886885386,148.92401952412476,Squat
77.47243617787795,53.8392053387164,109.77255018537896,17.40927024464567,83.04398902657198,39.47214805694651,124.91309834064133,11.80278525246748,Squat
68.22565877854012,41.043458111777056,102.36347348068712,23.722806702818215,68.16808673989055,21.36606574141173,127.15987628549412,26.109663323211116,Squat
95.7846837017264,83.43554892631477,130.19337110911607,33.19493512272891,111.09064157306452,86.26118490631512,132.51524510889337,155.57617688094402,Squat
165.14655277394056,174.04190176123754,177.59816888443535,29.736689829506815,170.0801914703423,38.35222916094727,124.06132414990272,161.784378037627,Squat
176.33358466773188,178.49459630658444,167.41942022610385,29.36710601862029,179.92818955236052,36.28137345441065,121.39636499974448,157.32454164874562,Squat
177.7215199213361,178.40241822820698,172.60606771778794,30.60860034487738,166.971956119947,33.4092224940192,77.97370539755505,97.51884533185564,Squat
153.34318070326998,141.34457241569373,168.50112153058217,137.6350610729964,172.68258754692428,155.36367156059794,11.238340446509069,30.087160478354814,Squat
162.8980361878587,177.9401402042013,166.69282078508482,170.18206424368702,176.32598581404113,160.7897193287917,14.7237635123713,34.27844129684403,Squat
161.1436059576692,173.27831960588222,177.98632984701274,158.78967973363527,171.77087873657254,159.17216185370285,19.89048033266607,28.615504477145016,Squat
173.46497173502067,171.31565579519537,160.68122804585516,149.27803457216945,171.79009607627398,145.69784694171156,25.405757275712386,54.211794886679506,Squat
166.2732089208,143.0274142002405,167.87566819044838,159.17961143407277,161.74358476952654,173.9722381882467,12.825721839060584,62.22491840559023,Squat
159.86380353688622,161.67459299425713,174.91881670664944,156.25487909369602,175.95104396151544,175.62290517931083,17.693784827226633,56.38263438306499,Squat
127.4415431991262,150.57313663028827,108.47799344259673,151.69501624719945,106.57967717838076,147.0289411415378,16.68647169193141,13.567985645183985,Squat
136.9119564721534,118.97185957638747,150.100467611965,150.34207603930187,134.8933179357197,144.55055636317138,15.953680349460477,8.437994910446479,Squat
150.61230284478367,129.66627798885153,162.99028477012823,153.55504764840182,142.80776008313163,157.9824303782557,24.692144651674937,18.617218123015657,Squat
140.75121187208566,121.19891696958358,153.64588538643568,149.23697935432537,134.34113206598235,163.85828063500415,29.67573541666304,24.90608411359719,Squat
158.2804577744534,143.80792501045363,164.94570646406038,168.75109603795832,157.0332861013003,155.97134297764504,63.00461275372382,55.38892110622701,Squat
150.70426812933658,134.16123916131875,157.8015198392374,174.0930603332404,144.18309219184118,173.1039117160884,77.14942437016484,76.0730440131519,Squat
153.11808209833106,144.73674361470665,158.4868167943064,174.0328592218819,153.90524562406176,174.45449002379064,79.26000025786303,81.11811700082764,Squat
131.38155038597708,116.3104389609912,135.80657351830118,175.55561227634303,124.98144340317906,174.5995149644894,88.47870280019059,88.10273648307115,Squat
80.06306572232228,61.24557734303555,83.96082960203995,176.77365637527822,59.25947021192889,173.55515324089558,114.82761622221008,109.82873739529286,Squat
49.459572927134616,34.86482851032002,55.28007947692328,171.3961308948054,40.90788144826525,170.75354147464893,125.59030243762211,118.03821740918812,Squat
69.49749734482543,55.31368577200904,75.1566886997087,175.18739588213683,55.22925026458922,171.2638373474267,116.01969464667044,107.21976304604595,Squat
105.73523253737385,106.77080117379752,117.68489956344683,177.43978881786768,126.113404121333,170.5952355081688,107.9795972164022,73.80857205524153,Squat
160.45064252386936,165.7505280897692,165.4544359561644,177.26717743702957,173.73620682157696,171.55781158867208,86.85183548249067,86.02760687752922,Squat
162.35662446401977,164.30829979406516,165.0510734293971,175.62828445223843,167.74372580013733,171.45239177009572,83.47152934051246,83.40999559475381,Squat
97.14025979889692,91.3464608776336,106.8203699090308,176.10365081259707,104.11971206921072,161.1497117527893,110.7940233002125,64.58364388478142,Squat
62.423360403392,47.60457695159243,67.09557489451726,173.09381089289948,48.22217896702672,163.08087023180872,122.62968911168784,108.61775375684844,Squat
53.58667125561311,38.82907605652384,56.98482269498692,175.01227796112994,40.24855189533851,173.82720922854685,123.8844166773611,118.03631932763338,Squat
80.5422358773958,76.17644910797642,86.98372379381584,177.58976703233697,81.68987039898538,170.70133717287987,115.70161008578091,107.6338032174128,Squat
153.1596979691338,165.1113521072941,156.20107074330198,179.11467912301634,166.60930593886252,178.84290342459738,94.29868110893614,96.14797721865672,Squat
171.10741149834453,167.17737566105106,177.62987966694945,177.78465651042282,172.81249303013698,174.21049288657505,83.14969957335393,84.54322404737712,Squat
147.2179071319086,141.19146010570904,155.01312298062632,177.3371285767834,149.83159784565953,170.37857266619392,91.16221977391793,88.49580471718103,Squat
88.68172866027459,71.30313659726183,85.61693487781571,177.66319210130322,74.94414812705737,178.64390903245086,110.04321135147929,115.03559534088625,Squat
60.4128049849254,40.53253521489509,63.81951615083494,176.88055208039634,44.54398213285745,177.43896121106627,116.3325793512348,111.82471178989344,Squat
74.32934470939142,57.921944216890545,77.78823320250189,176.670595320958,61.2287085054258,174.05212496802164,114.24685172745,108.022749752807,Squat
127.73000884542051,130.04057825746648,131.77612074699277,176.25770110744747,134.4558666686806,176.33886418928165,96.81829284308336,95.28084741036686,Squat
166.5702755996763,169.14386023399456,172.70566613854956,176.3569190294698,173.64723922425873,170.2843192828286,79.85961824454537,79.60204100929153,Squat
169.37971305847628,166.78199802132045,173.03607263620455,175.2479937947283,174.15599649689975,167.63700384232004,78.25379259066277,79.0260035193897,Squat
137.51783659067513,124.68926746298754,138.37983103463114,177.4171598589519,134.14791652379185,177.53493930320073,90.33114895266868,95.40601568277587,Squat
76.86104264392992,62.95194940412592,79.1239378679727,177.89666504042924,64.16663720244097,175.69936476295612,116.58118381376369,112.64792313124026,Squat
59.04572320999017,44.30555853812129,63.26005852593573,176.20040000441216,44.03081360378992,175.86042632036347,121.5675473597706,115.0455287574106,Squat
77.90618122345592,66.27611381486858,77.23882315045694,177.4132187387523,65.61253993623231,177.6686350899563,116.40133821854285,117.36416133325196,Squat
135.5531139646249,144.8086174116336,137.50049860006754,173.99270194170208,147.395294656997,175.6001665548523,100.1686214489015,97.02144588445424,Squat
167.4197757454209,171.3673190860642,170.22250782930718,175.92873009751136,169.89456863973697,176.36497842427175,86.33262806547614,88.73112559524006,Squat
168.6600282173025,168.36401496645487,175.72382936727968,177.98787408717592,171.10726168214924,171.34520580393675,87.0294919201756,81.83425370629267,Squat
127.79696984469274,123.01577920546065,128.11232484519363,176.99249375929483,129.38164819337155,169.24440367347086,103.17472846042496,97.58577580620351,Squat
76.42381364707984,62.70904217827714,79.98791056602653,177.26831712552436,61.9105749052788,176.81671302977531,117.3246602908962,111.85788469170096,Squat
65.64008033658644,48.40204945059749,68.0048446970597,177.77275606105852,47.20400158960858,177.89968056274105,117.09642376975565,111.15080724780724,Squat
82.94342130530038,73.81980058577867,85.56109012172175,177.9265876372439,78.2735612503293,178.7946451326672,112.47873811868784,110.49041269207304,Squat
140.61640465050257,150.53677530868674,143.06872092244427,175.4536316556456,154.34995947212275,176.95958730145406,96.58107669751487,97.83635872929524,Squat
169.23986287641344,171.99946928017806,175.79601521718686,176.84341698274417,173.05627111078846,173.9713813706184,86.34434908640448,82.61830282357705,Squat
171.43766406572323,170.2064393133924,175.67857578134905,173.03815402126594,173.13991235164016,175.86726861822595,81.28127754295913,84.90274350631817,Squat
139.93256065480125,137.25950916318243,141.96009281982688,176.4349765929543,142.7232817607133,179.03353442795844,94.74918028446804,96.4672362195301,Squat
76.86887560815228,68.41804389517877,82.30311419104447,175.52171436246016,69.21025230153658,179.5790484711477,118.33770983019286,112.27311054941616,Squat
60.12184394267376,45.68932009574992,63.60557983452384,177.90577458339615,47.97768700181042,167.88450100259394,120.18464528442968,115.6098670535916,Squat
77.74172584169929,68.70732602940978,79.95229726040577,176.29096142904783,69.86140139548071,175.99567425484292,114.85783520317734,113.5663526490502,Squat
147.13273242592308,158.94243248501525,151.74372907810786,174.72391076964928,159.96269564320903,174.32587526070807,97.31931571552384,93.80371087396642,Squat
171.24771695237405,169.8013474604291,177.1370946745005,174.8045564188942,171.5255661633896,174.8301950442788,79.92994672717344,81.29035152357199,Squat
173.06705358668555,168.45968744640535,179.85344966814628,174.6787946802668,177.25317344994286,171.21323365262302,79.3030271135407,79.57420502608612,Squat
138.78692934128787,139.72602220664115,144.21691900940772,176.2300776241202,148.45364271638144,170.56089299092454,98.15662408345032,90.29823303411492,Squat
79.86021204486246,71.63155896536654,83.13526463624095,176.35658379391035,72.54827244348978,175.715194184978,118.0744088274074,116.1831966057104,Squat
59.96480989520262,44.34684143160212,62.5299868791202,175.81776488703613,47.674750619318395,176.12831538789635,124.03097802763308,119.1399125928776,Squat
71.74168927566404,60.50483896916111,77.64812107012688,174.36214849971012,61.37591619982596,172.19545451643847,118.41960144080416,108.39576066290664,Squat
119.07220265500412,122.90118986313452,121.29064509010756,173.85621311025207,129.34077773783076,178.62819713122366,102.66818327800034,97.8561757518898,Squat
167.200658696941,173.02302284117374,172.6706710853309,175.65481506552348,174.23558734799713,176.60667272119375,80.90866939698503,83.49500470742699,Squat
171.22309134212236,165.90142690341418,175.7041159803022,174.0300453309218,172.52095715359525,174.58745004816808,74.24872822925762,80.26955556632602,Squat
158.7508915875289,154.22231950129955,158.56531954747584,174.56159632078715,165.79088931411428,177.2889372549945,82.699078043033,96.27955898183843,Squat
94.85787079846124,80.6283759033011,93.13583134208716,175.9458880056411,87.55640564520569,178.81120311400178,107.3678116489748,112.21965573929552,Squat
71.71412751001458,51.63138955172615,68.26441778949174,177.79051154341803,50.18672318982275,173.72108124205857,113.9959555156568,113.51167783631983,Squat
66.08216710792419,49.84572323691466,62.34958598428699,175.90624357066648,49.04417289754977,177.6603890685223,115.45953083248966,116.4236879817412,Squat
91.64525869746656,80.82460286441486,89.2255233704895,177.83547379389975,85.60458423701166,179.2996293402323,107.58003112961418,113.99747761909477,Squat
155.09140089648994,163.9695752806293,157.2099869953445,176.26352049063618,168.06853181009654,178.99654425123765,89.65455900350904,98.95069776732764,Squat
168.67366764035037,168.92018039326095,172.06227132579497,173.0812896881449,175.97399322114947,171.16185381242218,81.50758501527545,87.1175276743538,Squat
170.03791972213725,165.60613291894774,174.72846851867445,172.8418178001269,176.0045346419276,174.6062102557,79.15835453607987,87.32760641695239,Squat
142.06426016787367,132.42875583736253,135.6834609092176,175.93536443433538,141.98105651735688,177.35182732033658,88.60814207895181,101.71650105933436,Squat
88.31798300697398,71.56303275325223,84.94265059625025,177.6471533135623,76.35541691214105,178.00674224880933,110.2834980869006,116.04510338595423,Squat
62.9147042679694,46.88995162630258,61.25829252806352,176.6457246972883,47.34046397378841,166.9064682262351,117.2119709455516,117.57843480997332,Squat
70.09305100114528,53.64268883080386,68.74498010203001,176.7609906863549,52.26693208989395,174.73929922384906,114.13892416728262,108.48271478871597,Squat
105.582015130314,95.82623383800424,103.04893039651108,172.64417853123905,102.79113404703182,175.6965182935137,99.06360457811697,109.1409563617923,Squat
168.17435049812627,167.97290733934645,170.6825855738062,172.98378865447185,175.81312519251944,177.4245295165354,81.89685082949622,90.95381363769006,Squat
175.35877445551876,169.0972649851013,178.16503270552118,171.2380854743013,174.9870255977176,164.26715998412345,73.84690967331085,75.45598798860316,Squat
170.82468044481854,163.16960608944407,173.5502275502817,173.09483475640525,172.20004293273456,175.06406114763797,77.19702541534363,86.819418761821,Squat
131.13343959440977,125.93479641979968,133.03252589977598,176.13606321043287,133.54317617088466,178.12470250485418,98.23607653546132,99.73047265112484,Squat
76.98793149893987,66.46161074895859,82.8836176876178,176.95197915289512,68.48958229512829,177.91850499205052,118.93629537464004,110.72560365299532,Squat
56.412485801091464,49.10239403730916,63.78181224871594,176.00340567568614,49.01498347397204,170.8070328215978,122.75253046816738,113.09317883650044,Squat
72.44982316302332,59.78335311558938,76.1580395804994,177.68599134692644,63.43976323137284,175.8762990815308,116.41272887289118,108.04462586467533,Squat
126.75263925307988,126.94322004569707,129.99602638002526,175.09129187630032,133.9598794435114,178.43050484450558,98.85455627839484,99.70194964449348,Squat
173.973016856138,173.08715881585613,177.95376338993916,174.08752352728612,175.03850565268948,172.1371815441897,77.9798542335133,78.64394428496546,Squat
177.05145859761558,166.75152523810593,176.14672504559323,176.1841722543022,176.5880645797423,179.07186082384965,76.29545142586191,74.55890454339642,Squat
168.03198249789634,158.87748466243858,175.91052152374613,175.38552323871127,165.71987656882615,174.40284302692285,83.51339592442714,81.28362790353609,Squat
99.21670051037928,79.43438716133358,106.81886878970528,175.80479269195646,88.08634823411644,176.38961498971045,107.09735350665882,105.72468132473811,Squat
64.26226663959187,44.49784494809984,68.42214966706769,177.33013730845627,47.08252638603008,170.94925186409725,118.33681413570268,108.73095694319288,Squat
66.85990845461936,52.09329949536209,75.19690968247858,174.8065997452279,53.38595502433433,170.7249843639954,121.69983479907438,107.78502217005372,Squat
99.44802927144276,95.17628848151698,102.66352414857488,173.4915511212828,100.23601539381274,177.90951567561666,111.72905511617331,107.82005586832756,Squat
170.20935257634366,170.87521400257978,178.22749855508744,176.0583955052764,177.18982096191908,175.75420380961708,91.0934041817816,86.43044807157845,Squat
176.02537225268168,171.69489843585868,177.61212131010484,176.93783250803654,177.55100741669213,175.285922285443,84.04312918078,83.17464681674466,Squat
168.3646920552631,162.53471761381914,174.8544974257933,176.9135115585506,167.6963847517441,177.09705653368826,88.0927989625,86.79974833860766,Squat
103.39871903355146,92.92762017155962,110.9490940824374,174.34271496192414,100.84386662118384,160.413225744087,110.88151475826668,104.7650742680832,Squat
67.52255949405838,49.63879906382806,76.19541165443667,177.8822792082121,52.346055440316896,170.36714316534497,120.7150939923958,107.043790245628,Squat
67.73455769665077,49.23980341065846,74.3495751855807,175.81704932022305,53.248571727062455,173.2084482798338,115.5404780231267,105.47089246544802,Squat
89.80063194546528,80.43489638274602,93.88805056395574,176.21365307905592,89.81589599436532,167.9456944447842,112.69982533473896,109.2556825909498,Squat
161.25890458875855,169.03881684318904,165.11061109843257,177.07483962442177,171.14038682899766,174.71426416812196,91.69057540668489,89.48933833421326,Squat
171.45927769642665,171.06424579162282,175.51300180520218,175.4124646398634,168.81104012501396,170.12314114085763,84.64719378037528,80.42696572155673,Squat
169.23106502070573,167.65324400989655,174.81413113953698,175.98443885476618,171.89713417676177,171.94255388502984,84.65023150326746,83.40339919612947,Squat
146.71012076732745,140.8449127133048,147.33375882849265,177.33069304189567,146.85352438056515,178.7610503626821,94.3310712029702,98.585906963376,Squat
84.65691684254148,67.00800241147755,91.22880533216572,177.1439156972262,68.15943019365001,178.03152574074687,113.94617314620238,108.57996551880406,Squat
61.29835363572107,42.723284262518426,67.6239582497405,177.99795775565414,45.629161326709024,168.61485280920965,120.03305496849056,111.90573719453448,Squat
75.32227962727546,55.524771320999385,77.71385715583682,174.69089964247422,58.024574259773814,175.75940917936802,112.16687929365966,108.73648676655552,Squat
127.4779908537354,122.73703445002216,131.56535314203072,177.51643292401613,129.08053110075895,170.07639373978392,104.62286973397948,95.60300098435052,Squat
168.89712572725173,169.49976526583737,173.06855697345117,177.54511832057526,172.57465383046153,170.92601964773823,85.61816599541932,84.00583799207874,Squat
172.10463923456965,168.61218055678603,176.53252518394703,178.727329077004,171.94259109391996,176.58715409262385,83.9808495322755,84.93970265133238,Squat
165.08508325154153,161.45165841930597,169.46929331114274,179.51240918124577,166.29206630427456,170.59902618011512,89.69914603364502,85.46319598726379,Squat
102.44515301582982,85.94891715705938,108.13877643685451,175.95005700297915,90.00283518287074,168.01908716398435,108.8847263339433,107.40506023457743,Squat
64.39008603107624,43.29160942850623,70.43203622137617,174.66203338913655,46.38758059984531,172.37006560018423,119.52937188518986,111.95673560283888,Squat
65.6596139623764,45.02466165835283,70.84199979472095,176.2071428705273,47.65318262059772,170.10305996552276,116.54000530162024,105.4039047389146,Squat
94.89708489502851,87.26759419107061,99.9211301679302,177.70284483378413,95.5806830111098,156.3486900296876,112.66265968962182,112.26880450868944,Squat
165.64113708155497,174.15867496626754,169.74448562615837,175.08223451312605,172.6036536203762,170.78085169627835,88.86824822108028,86.3575569950273,Squat
174.15368201483113,170.04759094065858,179.3480400151495,175.786014504956,172.6500767687116,173.984882557611,80.68661169496717,82.33114866584728,Squat
166.38211942936564,164.6697904781648,170.75499568387428,179.11945036342178,168.38456050573947,175.3398738767646,86.24806163079074,84.75049490220886,Squat
110.1918181757529,95.08853717467646,113.8768527591832,176.88132583755086,105.63079187408272,179.53559030062797,104.6569061175419,106.52617465467732,Squat
70.61505608884488,52.62171349381516,77.14852692728687,175.2157517977669,52.89728356465586,173.29280798366162,118.02109939710736,105.73808493006952,Squat
62.858093122099774,43.43176935464027,66.13629900659845,177.51729463882913,48.44965698809537,178.12435255011536,116.9071529593021,111.43856064774704,Squat
87.64622930512695,78.85019672952535,91.11356036423882,176.11960981837262,85.4427121586505,169.06217138003137,111.52739743041236,111.35183607158352,Squat
164.9712346846995,172.58767786988312,169.30400594586325,175.17342439962988,173.93312804503452,175.5673865370733,96.03072069033176,93.3145620505068,Squat
172.5345766017312,169.9750869658281,178.40265312965735,177.440308288549,173.9253934828095,168.9721505224416,86.93700515300787,84.46862317099887,Squat
170.80616085697034,166.42295004810794,174.67745345781827,177.5376988862511,170.29768453705705,177.85750669531976,88.57913765681565,89.12195763005025,Squat
126.01311645629627,113.24258458881314,126.91911660922162,176.68061098710945,119.91701424613086,179.55957292302753,102.40967906494798,103.3313047374578,Squat
77.5068832663207,58.58181015864594,80.99514437415002,174.31946528542073,56.57490383179865,172.83044557343192,115.27210901846432,111.25798203732568,Squat
64.251678182989,43.00203696616948,66.18381280363502,177.8671343636442,48.823889739702125,178.77353810955833,117.07745469322327,113.38237466508288,Squat
81.68763882508483,68.2078560031856,80.77672738798776,176.8007235798414,70.38120427031822,176.66474712643915,113.44850769160028,113.73153631235732,Squat
143.7642241054079,154.96525243850112,147.48721231048552,177.151314606876,154.8913008874727,176.65148568211148,99.527115622983,99.72296705816731,Squat
168.74659531965904,165.10695518766374,178.21242256688186,176.38977649172767,171.74016463463693,172.5094000072331,82.3854694519001,79.87608483374137,Squat
169.6899722980728,165.1127009859977,178.29586981424737,177.6597073245362,175.3448986799892,174.6882051654163,83.37552199628749,83.15232837276616,Squat
142.12115760802166,130.95983664597173,141.61256742822908,175.60107249325716,140.97308959722443,175.74689843660286,92.8254699234032,93.63233621835072,Squat
79.5006750840056,62.943786370893136,81.75188314350834,179.76432716359162,59.47918546223799,177.8449041921537,118.92156914287996,114.34785640369488,Squat
62.97917124829746,43.41339530826912,67.71409896093473,176.34533166653267,50.422036736716635,177.13121868243863,116.55944028311524,111.42207958912364,Squat
76.02770928819103,66.97688590309544,80.1414648058917,177.70362595651463,62.95403607841392,176.0513326395223,119.69149876800304,111.55692292276588,Squat
151.597620975728,165.2732341829477,155.7283846475852,175.03577969529854,164.00248847677176,177.11645880496835,97.06580814303852,92.02292286920502,Squat
170.74598084471532,171.2852515396908,177.04546214989992,175.78884823270226,170.95887751862833,172.89923723373232,86.16859621782724,82.91866246873641,Squat
169.36792936740218,167.18289753960812,175.12535690902024,177.38828687446966,172.55939983274493,173.7406163095033,85.66542959567342,85.54428251158217,Squat
156.02678774092462,152.58939309930466,158.9186376288931,176.17378186975245,161.01690731931978,176.36175169380817,91.29700278566104,94.61251753061006,Squat
94.3530827398622,75.92800242650314,94.3761997899316,177.1091207927575,80.33813577574189,172.79192098681523,110.3720172286822,111.00941193432554,Squat
66.14597834572243,42.42343960703053,66.99023442469934,177.65904841638192,43.318975472245775,176.53256880580133,114.817704213838,110.83400954966964,Squat
69.36253485355098,50.21190773995063,74.03513055948059,177.08441683940106,52.63139679882261,174.16022853597772,114.56884106887053,104.44884777484224,Squat
120.508339533087,105.60925547856012,115.13744643415436,176.9093072100923,116.65098266334525,175.61048134458974,100.97686512124956,111.53963343029972,Squat
175.789315816682,172.18567362473254,178.6736429172697,176.56201157981215,174.949087592174,174.32308689267035,85.14751217058352,83.1184425338198,Squat
179.38822765294944,172.99447521143227,174.19057112257636,175.27942828296742,179.02763284168648,176.653481451793,80.0646962728762,78.8684486236848,Squat
171.68421657295323,163.8459247061112,177.50901488121704,178.60891582897509,171.34207805980796,175.46276725469644,84.27261056174105,83.57171240890814,Squat
119.5096926444132,103.02934843203818,116.07507312886564,177.8535733861545,111.43005520543711,178.64627798748324,102.90721537479892,105.83386897372829,Squat
76.95285217437737,56.24815403375647,78.66596526434319,174.40375872927763,51.14462329880665,173.50005699112134,114.75091265552196,106.5958311548618,Squat
67.68655458308228,49.77641549298673,68.42583253916098,177.74293453500837,47.63488666942547,173.75480137811442,117.98108706392232,109.62332569763892,Squat
91.451743638962,79.0678989487032,93.27194921361628,176.40024114598305,87.94522253851311,170.77336635566004,110.14445125206984,109.60581226898762,Squat
161.80917939198935,174.03285253804987,169.19390296377324,176.12912082778962,175.41335627259906,172.70041124049172,91.40157452149307,86.92222626836633,Squat
165.5372453511463,171.33850832978564,170.5791650307562,178.45232874742126,170.80815508550748,170.62868539450102,89.15167882898,82.97083602217661,Squat
164.63163106887328,169.7179811847747,168.20545904681842,177.73637464575566,171.63621088723696,170.38644783210628,90.76232422203724,85.78960241800972,Squat
129.29470892680837,117.21981095274286,132.74920566389684,175.89122407925265,127.0947092557451,176.52721063417516,97.739963635117,101.01158788372592,Squat
77.17418640207029,59.73357211597822,80.61642761153814,179.24410298918866,58.19474608668367,178.58741065715623,117.5055615459444,114.2867253815318,Squat
60.486979857887775,41.92076113421183,64.4804077853338,176.4225657168779,49.44964108376084,174.97291342293406,117.38168501312852,112.47248366701176,Squat
72.01933651975332,58.335806666766075,74.07823811444473,176.86608583069426,59.251591433785535,174.79675370113188,116.34640225443384,110.62876834656352,Squat
115.13074993661895,113.71509451505877,119.35355127716574,173.86535346302836,121.73651063262244,179.6748311067122,101.20052686007982,93.18394395464496,Squat
170.24809409551898,178.45573201900785,174.3609269182467,177.57690071845792,176.9160735581402,178.79144637423732,87.16204529711084,82.77020649269701,Squat
173.6007334544925,172.0472848976102,177.53155954234987,175.09489624228178,171.03306669766226,170.2336506066094,79.80566649845355,77.40556140348477,Squat
168.2934311848159,163.5526157724129,173.46711848015633,176.19915971901244,167.12579480374043,170.5081647828873,81.9745547789402,81.10669483428758,Squat
123.44326575214284,110.54846386364868,126.12172278947432,176.6698402617212,119.9053705650747,175.00809029914407,98.88720457602754,96.6459923682156,Squat
81.76311712590041,68.41651942276228,79.87094745814477,178.64797424905592,73.18738158211349,179.43524866703495,116.83425757511752,119.3897135375396,Squat
64.58365211922785,48.19700933465063,66.34770622385463,177.9339929910454,46.82128367356842,177.25094767488036,119.2192622993809,114.26951011747074,Squat
62.40345890448731,47.53313724011861,63.38610154379745,176.7585141036889,50.12315405435487,177.8418949001421,116.3392797706449,111.50963895241752,Squat
76.48833087685176,70.86019326349333,78.09520156843399,176.01718222754678,72.08674798194392,177.5480094967409,115.48613180519143,114.23670760190063,Squat
124.66349048212729,130.65478074316664,125.41795231371157,175.94450782507994,135.98268774601215,175.10363680082827,99.57982659715913,97.77094123705928,Squat
168.08817238931553,173.53602579109312,175.28157572572337,175.4420263029625,175.9955327774558,172.30718178227036,86.86578313279581,82.35105331083392,Squat
178.67319512776783,173.71484596235814,170.7938105945934,176.11921417802205,178.63871755942915,170.18664128198665,76.79259178960564,75.34509731673313,Squat
178.80583165263326,171.7828797977424,175.78593845576935,174.21904318321805,171.90715977721945,161.24257160931631,76.81289807881724,70.05590120317231,Squat
169.51008641650935,158.16093398521576,172.59330663944425,177.9863947378796,166.27376415569265,177.43507739267895,82.54260236759221,85.63808174400579,Squat
109.59447367516591,96.79065427938323,111.45724389802037,175.5472291872825,106.44108290548628,178.46360441719827,104.04375283642294,107.16999283399558,Squat
70.84459610778549,60.1209445486373,74.33239371173016,177.24463506875588,62.51372668862303,177.68996593982305,121.84988525408102,117.97710784242892,Squat
62.962222937063814,47.32440231343792,64.45644625658821,175.98265247120173,48.07911019729543,179.40381479538075,116.81170127798188,115.16722984265736,Squat
65.6407845127764,52.43072082516273,68.09610370761243,176.84964111734885,54.59766935749172,175.466019200743,116.237203810971,109.81139888136774,Squat
92.49417879369815,91.76818935953916,99.93591844217316,176.44065742678006,99.08267705844578,179.538745654869,110.0643306145908,105.82090641078294,Squat
158.27784466020177,162.89274419880795,162.03008859292476,176.51961806443933,166.3629614572319,176.4029710876711,84.97737101879903,86.33264657866783,Squat
171.45027538220128,172.50540866014958,179.96561636210896,174.160350493433,176.66461799756283,173.05133761739424,77.75708705831738,74.8851712903056,Squat
172.82256163527472,173.34091125644875,177.63011879544163,174.0609824270691,175.07364215446486,170.50414079465384,79.77926943917463,77.83272449791421,Squat
172.7692382288772,165.9346922867892,179.32299185620687,175.3279754427466,175.7705609674382,172.84122301631274,77.73564480039742,79.36189579659286,Squat
125.62798451710302,112.67630390068142,127.3466787965256,178.1460892149574,121.96828451399742,175.79745897730737,98.82333496100487,98.26983351564826,Squat
73.40496446491301,60.512373152087555,76.31191584206647,176.82306931508768,59.78089119401519,173.97247683346947,120.03150204450664,114.65241438471163,Squat
62.19005085392763,43.67456039313389,62.83476381933764,178.0980565736051,43.649371270521584,175.70847024402576,119.95408408729487,115.59045960855748,Squat
70.46727859981428,54.33294413496792,72.60060594083512,175.7486424983822,51.209679696849534,173.03222740632998,114.61339153718448,104.95036679001272,Squat
99.83376723520256,103.84195422917892,106.20453724971358,174.43545786755172,109.69534517736494,168.8092531068271,109.41212200539194,108.74997753412252,Squat
167.6181188871197,170.6737220202488,172.64131420944273,175.49879514641012,174.93990383127874,178.06646551418186,89.69165290980122,90.04565268517474,Squat
179.43291327586942,170.09695459936074,174.0220179104782,176.03024125259793,175.49490308084006,171.2376447287809,81.71195155012526,78.72981318526344,Squat
177.5378180110335,166.9540873602426,177.38453763286722,177.82244644991954,174.41765527502332,176.2290753994458,83.2231297698172,82.84459649010206,Squat
167.5772819852997,162.1967696945573,172.3625296789664,178.10638999861598,167.0976177262769,177.38229316750255,86.41527875003624,87.98122743008264,Squat
103.3798670378219,97.4330802027534,105.44164201392717,175.40882800094872,107.71189528071235,176.9759853219685,111.20338857474368,108.35497592945444,Squat
70.76025881782914,58.52385986835238,77.60110581565596,175.68816270443745,57.51553139454996,172.79055307737136,120.19515874931533,111.30514371406782,Squat
59.69210153331568,42.30053695847605,62.65729952650139,177.45040129350824,47.92193197706828,177.7763996731022,120.55970295939944,115.94701962801128,Squat
73.8688489818116,64.58232240955832,77.6580210547803,175.3228231789823,67.83840750848942,174.5281631586951,116.9565626746312,110.98190234819754,Squat
121.2608097676752,131.04405600791304,120.71196207191218,178.30438115244252,134.25371692148633,178.99450278352953,108.1927341392065,105.33628059940042,Squat
166.34324264495552,171.9661313390395,174.3378150524976,176.82387135222154,175.1445719093032,169.6832066068991,89.76791766397277,83.06049706867682,Squat
174.6498308444274,172.4703381529211,178.43303581946373,174.45420921680474,171.10659906493493,173.3458510843049,80.46207767158761,79.76053612926466,Squat
172.08686164125967,168.2231511434865,178.84906504512873,176.38630731609803,170.23502894088276,172.61866286704142,83.32951214742175,80.06615082962516,Squat
154.69855761390858,149.16281755747605,158.27025905867157,173.60733741550845,156.1732728574944,175.32454203899024,88.1393169605576,88.48337340606966,Squat
99.15477179385368,83.5513164636423,98.41836929313388,175.6466834286063,91.31707966497724,177.0170624185168,105.02644938279,108.77968960773964,Squat
69.23781204688794,52.412431731311166,75.46169274258165,175.69996286798525,55.40412595029422,173.14349324795054,117.9460918308518,107.35993436873568,Squat
63.72272717826854,45.46628896839909,65.61885707193545,176.40438185342202,50.528178209960856,172.80317432963395,114.89829273142858,111.20168949388646,Squat
85.25220181648098,74.26364396795182,83.24650778125903,177.11765405320713,76.70947882106628,179.6123691887685,110.30785135497662,115.14279887761548,Squat
140.53292611289183,138.5222333196671,135.4771117625067,175.23391450796385,144.08689447552416,170.45719430021543,92.3545080582206,101.02284895430044,Squat
177.26895022964186,174.25575181733626,178.2661339392714,171.3681835340021,178.91304531670963,175.3950793948029,80.6910968272551,89.47918867774119,Squat
176.1537906988325,170.84643200498977,175.71565747990297,173.918604896045,172.82722239198932,179.36187150840766,80.34986624414688,92.27041597949427,Squat
173.07025449094544,166.28359831709554,173.39162300632103,174.25349690403922,173.48655870223033,179.90173283689893,81.79302372623545,93.20617116295598,Squat
135.76340506312465,120.85897218195284,129.33409116808784,174.89878469726253,132.8349622450918,179.2002218024653,92.6112416827531,108.97348575270524,Squat
82.04469649846811,65.64053556225744,80.82554796137799,179.18145804347824,64.5777251045066,178.3907239826786,116.67631213073798,116.3570126159567,Squat
63.31139778498948,42.120732519703175,64.13856066825326,175.12536730056706,49.67078357981512,170.49144996732431,112.27145234406017,111.93167523712071,Squat
60.66405568895141,43.6842938124382,67.24364359513606,173.3014119330805,52.781682733648246,167.68470563061223,112.91202879642069,103.5588951531111,Squat
87.06728309906964,77.46981503979508,89.8590706110449,176.20713245791327,85.52318376678129,179.63695830104916,109.48375411689804,110.96999734110696,Squat
154.46844254785697,164.90922335621758,158.9037881879483,176.30245488761727,167.8744359925337,176.0842091264233,94.4804354332,93.57400827544424,Squat
171.1959196807473,168.8977091521095,176.46475135854052,169.77874026148424,166.49115176928305,168.17170492748272,79.9951604346474,81.86118004524583,Squat
178.03514319797077,176.20398239411375,170.88694115128865,142.51299388606475,176.74574103555,115.78564672958709,121.54142595231131,146.52313585248316,Squat
178.0594061953781,171.8244842208356,174.1637112064661,49.42912357190604,175.9420663777165,70.13836586533954,143.87108677580673,158.13734168325064,Squat
177.66623058674995,168.97347782456012,176.30584303219925,43.66631059091952,173.07146588779042,65.51057575353043,137.62165799647298,136.22670980460674,Squat
155.8611561301663,146.58198662043523,157.9573137570715,35.873512256021336,148.57788323540018,68.65772982920501,136.45137533588945,145.58019202358506,Squat
98.87930864351809,80.6226183305895,98.95544301476104,33.28454176067974,81.34118601787875,40.53020089692113,153.8128613361367,153.7104121689625,Squat
75.59091742440881,53.38567632940749,67.76137641992472,28.411162609976433,46.39090701550346,27.51015459432183,142.68340334947064,141.24475002589529,Squat
80.20537058712091,61.888189392478345,71.42962849415068,21.99304404558581,51.26163482012556,16.62644994449122,141.75930772260952,136.09135945948043,Squat
104.70819719572444,97.53561983723252,104.88079868746236,34.03991866478307,103.21324488634038,46.46854205604683,154.1390316234566,152.34963260770115,Squat
169.84949072457997,172.3633934466969,173.66049272615632,41.645880903917714,174.3163899034751,62.46768025709125,144.46008314020324,147.89835964946792,Squat
177.27688102113288,178.2514069298572,178.07293587568495,48.63227755660125,172.96376017395332,61.93632605339051,143.31400852864675,143.90416597205186,Squat
179.40497442866018,172.76719231222165,177.61737349551564,42.55673295925568,170.74690834574037,48.52175806139311,139.92637119579138,134.08948964677856,Squat
160.624480721851,149.69196272799107,162.05179766147404,39.93448383463361,155.22269370353854,74.87754772546342,145.42213295710113,161.33350730809752,Squat
102.0204609380106,81.8811202122254,101.67579273971984,37.44819358648924,86.7194842776871,64.42759095312556,157.13689019261503,148.7038064591518,Squat
77.52425132086961,57.991546474808914,70.92002294309947,27.25707194016008,53.93163662368416,28.423155807379036,142.16743606570708,137.3430849571982,Squat
75.5373920291263,58.19124579592817,66.01190928696553,25.801088057954725,52.06658902469712,57.09073226905547,143.5115566383154,137.78058502378673,Squat
93.5993253090665,89.13632295548052,95.9562298866179,31.436889384225143,88.79676288338437,50.572124330041554,152.38861825897465,144.63631933309995,Squat
155.879159800348,165.33980196988472,161.43518894248024,35.37053304323536,161.89624161236412,43.349861429450094,147.03917284131708,133.2115367683151,Squat
176.64210124399932,172.69724013397058,176.95535615890267,42.01896833264943,176.53764387550532,53.46199898736039,145.58668122892965,139.84326579223506,Squat
174.59915627786225,172.5124317166187,174.51881250923324,43.73980556113198,175.67226457228122,57.37433104867207,146.16795526480306,143.8338841306411,Squat
167.52963436481755,167.53061320151372,171.69960037806865,42.929051036813696,168.41991682228058,55.3567485471866,147.2470831785332,143.65570789545134,Squat
130.1777406378297,123.23758188291345,134.7957114547558,37.34726503914944,129.61005577447028,32.13204816260966,149.44586793731196,137.08526823919703,Squat
83.07955915930768,66.70262785460402,86.10703169985351,30.48035334285372,65.50730034878849,46.6013993683057,152.9717516510527,142.87421169925946,Squat
74.49858145111989,58.05368127444405,53.245335088917315,29.936415617363696,48.038609933088054,30.60860340996981,143.13428672776442,147.31030856634658,Squat
81.90052979411712,70.95456208094018,82.00587498465785,43.015238336205925,62.002680921164654,30.190546904001977,144.80551996588548,138.9705042222492,Squat
140.92730590830624,144.50137936800274,144.34269478812465,32.89885358253662,145.4258654101067,58.482561341297334,148.12844382951948,158.2265421222762,Squat
176.11553251436553,174.66460651685662,170.45495468024149,37.76676080835711,179.49385056777788,58.89594374641856,139.1318952999957,147.7091386107886,Squat
175.93925005867794,176.64245664451957,175.0587035366907,43.39715166372328,174.4460544103638,74.14374092512412,148.1413420759866,149.0962902954649,Squat
168.99730960933016,161.6085003254671,173.24603749821446,47.03008817606277,168.38889237691637,7.542636479102328,144.47885115015913,114.84110123896896,Squat
111.02769776278316,90.5721054428356,112.38362455582444,36.44741122283759,100.93690716208248,37.65440129688124,153.60682863051687,155.44314234836867,Squat
78.07225059359467,57.458776261041514,79.61834035450573,24.74344032404609,56.01655640367763,26.92575756749478,146.1071662540994,138.71467301274498,Squat
73.69033151322486,56.74756991395041,70.21502719731308,26.991357976103664,61.93363043730549,26.026371087889174,146.0654824398825,141.16958539745596,Squat
96.87498390215484,84.7444580498753,100.1613174272639,37.55223749839542,89.1906330450786,37.91011728918735,158.87376209259529,158.441416341346,Squat
163.4270480092739,164.01857150002647,168.21345125865548,32.46444952792661,163.2348307969343,55.5625423502139,139.5834162727741,150.18958653587717,Squat
176.6885918866805,175.85092473676974,167.34756575424282,32.49121047988905,179.75046953507746,58.27054414319863,138.63706643251453,143.1957118197374,Squat
174.7667819735511,173.36902043250942,165.84950804768414,30.00190530299695,177.16471761261676,50.839731894045656,138.09869295816142,152.7360618364607,Squat
177.53207327712212,166.54443477156025,179.32553221465372,40.86218655678908,169.495576127708,67.16777639909705,140.18573487190304,145.72596200133444,Squat
131.2780765228389,115.7278919720761,136.23743558943332,30.782986140568255,124.43959126991106,38.87452233081688,146.06756457646603,153.59985802599593,Squat
84.41728837352002,65.52373646902801,84.76366213914758,28.797837256806595,62.867345144322854,44.76827808340549,147.2923373937381,137.182927135401,Squat
70.63469302758375,54.397450537407934,55.40029323904643,28.163280871069084,44.8542101191165,30.324011691200184,143.807018215888,139.81089021500546,Squat
80.00168618683415,65.77423774501503,78.31286481196861,25.286707136464297,65.6300912980813,28.313731905474953,145.7921231044603,141.9726768169387,Squat
132.16577125343335,126.2498947414982,133.8751821026852,30.952235615224364,133.57699548732413,57.38357995228507,146.4694679969194,159.02409441945355,Squat
179.98354340184775,177.23748362953026,177.17318300279126,43.94532765325988,174.47287671214963,65.78368600871215,144.1789214917044,142.48085197979435,Squat
176.70325599685086,172.02457927184463,172.5606407770533,43.239319413502464,172.8747875450778,64.59744144706755,144.4731988711756,147.51069211185245,Squat
175.5251038134359,165.67205342153034,179.13959848788255,47.33631914009099,172.61587647197393,73.63714309826896,144.21180192626449,153.23725960062873,Squat
126.62383909062436,111.04942926777386,127.71416125462054,32.76843399148687,115.92050675912192,62.757420427408185,147.46600810035795,148.43645493012426,Squat
92.50666375699244,70.03125160146541,81.44533427315844,35.84022685684792,56.30924557770356,1.834019182941062,130.01226307366096,120.8888662097593,Squat
71.9392050810136,53.6897638923117,53.3192446365034,30.679863957781315,49.49765442776415,33.15821543695775,144.41577009427704,143.03817665198238,Squat
83.58753575342274,71.83238982816098,84.74152822409269,21.959838463156725,71.12496618132802,20.51016864366603,149.6882595452739,132.79976474466716,Squat
140.38077120369152,145.44191660322414,141.34040563464967,34.57935144719492,145.8424434899978,61.33092330405567,149.07438438570267,149.02192169320855,Squat
178.18452301149085,173.59325306052293,174.87530763690842,44.60346164807531,177.97995988176757,48.000295176739144,140.7833157293449,150.4667012153824,Squat
170.8134577557256,178.20273709278493,166.78337171503975,34.19633764638371,179.20959106377703,56.24275566919646,133.59570924797254,146.6500570328126,Squat
178.84313910090114,170.95928027383596,175.95126902728936,38.10778137377902,172.06398253224185,44.03855016933848,137.45846968424885,151.60732500832012,Squat
160.81895662746393,149.82029199970205,163.54512828828376,37.53608576517324,152.75485219347095,4.7238398708926965,137.24377341443423,122.62951463577946,Squat
97.24297332225206,77.39416786508511,100.76297555727848,31.09573573246344,75.23315171305539,34.88229918356298,146.3457938529274,147.902583830884,Squat
75.78979924820385,57.49548199417846,67.37258608832866,28.399050125244667,46.65441784999514,33.16325323063722,137.94029889982377,135.57847223592717,Squat
78.77836941782851,60.08448647535401,64.97856283778037,31.742443845425047,44.344582095795715,13.481623097507365,131.89743486034362,131.0423472069284,Squat
105.817864040926,97.02314254435736,104.81066966359028,30.557417708934185,97.79136634733516,29.56494930525701,145.30564107165702,147.73883728247395,Squat
176.543045680676,175.63423550826462,177.94443903885931,34.53357910728178,176.79728251673717,45.42210236260341,133.5535389903007,146.80634307583634,Squat
177.1424829667598,170.88020617550563,172.89706635566986,42.62055344200233,175.05568050476944,63.88234593466814,141.94940815954203,146.79057908065974,Squat
175.57391568905678,168.59696705681176,172.6155507883774,36.03055796690006,170.99899394165303,63.35763571765934,140.61444923667827,147.75218167709264,Squat
164.80331970184776,153.22478799671586,168.16502055333962,33.10611351187097,157.14920040932248,70.75715161867865,140.84646167094223,157.2979619197749,Squat
103.579557143971,81.84543809376875,104.42012273891882,32.19578795977213,86.1002087588001,42.80358990520907,149.9807559688978,150.81750546636286,Squat
75.78406992007768,56.39087568416116,68.53584518282116,24.510688785518035,48.8288770226623,27.83174031065574,138.30793205766966,137.1072347377394,Squat
75.45396429580745,58.43465379606498,66.33591902155786,27.839998342459673,53.00104776456664,33.37521771475098,138.36927408748454,130.8919463985785,Squat
96.8150926822803,86.38157201515955,101.4822736969844,28.120769400887532,92.71200242360496,35.29569951223555,147.1382493789587,149.3356987027818,Squat
171.90354687364828,172.4984037540077,176.712068395792,36.080201172171705,176.6044650531908,52.54382225185709,140.92143588684877,151.5781480736796,Squat
172.05562485545673,176.56451825189976,169.38179229058312,36.17859797813187,178.59096587285666,65.10534471366633,140.1960776261233,155.59646958218698,Squat
173.18534398859003,176.70010696422014,173.78803607776285,37.0852431570187,174.65883335901313,59.09106819109729,142.577742698874,155.418953507924,Squat
172.71289833025932,161.6840123653613,172.63669453971403,40.14585399860067,166.52664617348177,66.25916984914606,146.93678367065812,147.67904724770364,Squat
111.38396193276824,91.96170027576888,112.5205709053034,34.96322631913181,99.80650644887052,38.63174186291481,144.75606935367267,149.11139830904713,Squat
80.16286941850086,60.535302458322,70.48917443417463,21.639624883651393,47.86538710116641,19.47041269154436,132.16500437182586,132.86342285108898,Squat
75.01709274745099,61.09252044844613,60.7604940398972,31.727918097187633,53.10314372487334,59.922628266475016,136.77810087956544,131.83829575059426,Squat
89.56461898456865,80.23291580706095,90.66966834602812,25.991161286176403,84.50305052599464,30.667285470994244,142.983929577561,149.55850435791618,Squat
162.68260850404596,163.22895196344749,169.69802391651007,32.43659850342544,163.81281145460136,57.09451800615307,143.35599334693617,155.79645586517205,Squat
176.152769012604,174.04169531057792,171.3607105792491,45.410367802860335,177.97697806717005,56.644105867863786,136.826639086458,139.62704069824252,Squat
173.1614014733701,173.2282174825153,172.71663916845068,40.633119322266275,172.4304121354703,67.0250886185657,148.15099611950802,165.2922266120799,Squat
167.53289408468987,158.8908001195154,170.56708231943745,38.542920138386755,165.86846817644005,67.80811628749485,141.97264570862976,155.67199784611165,Squat
112.92348725485787,98.80763861675716,116.49533455726636,32.18942400751951,108.06644847623085,38.94319062526833,148.5812444506209,147.5464500368586,Squat
82.92510012980415,65.28739478042951,65.92644460952926,26.446761698274383,46.711742955009214,18.161420267061047,141.11552447934923,141.91094927496104,Squat
71.71373379933465,59.17299113165981,50.59921171437051,34.581016864291385,51.12723646526491,40.09927782703036,143.34705436252244,135.80540700652878,Squat
84.27882937453421,73.26694237326853,82.6394005950877,26.813894040747503,73.3317667008905,33.56610067964125,145.2965817648374,147.509093251136,Squat
151.7851353831109,152.62517040121386,157.38206417275754,38.69527902835666,157.09859251822496,39.30218739070233,138.81347950884984,92.98379900742395,Squat
175.71443592428685,172.04246554248374,166.86324821797712,37.799475204036135,178.2622179178013,49.6696854527414,140.85145539761663,148.793158165984,Squat
176.44218842844035,170.61728620428215,176.90043078800323,39.00178840909312,172.98793107445323,51.7064306354922,141.95230581877715,152.73668175590674,Squat
166.4431327145247,152.5830713581545,170.87743228887422,32.93213671460284,160.1441017207849,46.262037669483504,136.8942543670328,150.4580261132091,Squat
107.53482542102256,88.10105037589325,111.2084312852834,33.26534743113311,98.47446442810612,37.58605575850579,150.64821026119742,149.72145711151114,Squat
76.97360606226817,56.50034379229816,68.82730740518588,22.3016321231374,47.59817346561953,22.656567610831704,140.94855738888222,141.96677349714412,Squat
68.58121777928051,55.1660742770994,61.01448940498642,31.68780942292221,54.893504443313056,31.797936169725315,145.59057883608455,139.38288541989823,Squat
86.98641363868933,78.07530012372769,89.00500967874666,29.53147117694602,82.22798136382646,34.90370945778825,148.6139559344702,149.07725010338862,Squat
159.36474872025434,159.35469761457972,162.73763607807464,36.062820869488256,160.60876727725065,29.85500609041243,140.62714616527126,135.58030681290992,Squat
176.17047760784737,174.6585380269904,169.16112976575008,30.039358604329276,177.46411094047693,47.02858794425669,135.98529991570544,149.96401071664948,Squat
175.60136176502718,173.55846646608367,175.12034019628425,34.11279712580344,173.34196731972196,54.50450883217566,140.08340264493623,147.5099807413538,Squat
169.80192184760506,159.0728367849007,169.31958142997595,41.09754115835435,166.1203843175616,51.201203705410144,142.66377034245858,157.99905285239868,Squat
119.53379655463807,102.34370643343732,122.50068703043216,26.12475559507675,105.3751917695212,36.248582804937506,144.66901737958847,104.10013752834844,Squat
79.68119946913009,61.02410745836366,77.39785099652624,22.074146948803325,48.5475532886069,23.394424370208103,141.38085655428782,138.33681927569015,Squat
68.03906474543874,54.49425832798288,61.94315412680521,26.910365931393695,48.859495783445155,27.026922198297097,142.66790718096152,135.99983675138992,Squat
93.88309954485776,83.58944762530889,95.92914126277566,29.1282072239715,87.02064832125201,34.99894793404133,139.8397194949246,146.02022919838254,Squat
163.08930337248182,165.019145861223,172.64052296335524,33.07547486129403,170.4334438542759,37.888660053892046,141.76989441367778,140.69936428272445,Squat
179.63102541828786,170.7602655211343,177.69639584928893,40.536313379056686,172.77234206697855,61.54314046871245,150.55668283222164,154.38760305614232,Squat
178.75304032610785,170.57658507059423,174.5855319862933,33.990120613608056,178.87415598052937,55.92844150242187,150.00340574357935,150.41036797339387,Squat
135.3654384532175,128.1740649493815,139.72777701083766,35.155490337628784,129.66411313224654,51.94135310970742,148.13363788210296,140.04623789363555,Squat
83.20718860298496,64.91161042707142,81.80518291621354,27.257723502760825,65.01584771725196,63.38910753238278,149.74036178206086,145.10110008439568,Squat
71.60683391828593,60.88314857369534,58.29496972957942,36.800520090848465,49.368162936395954,77.37523147903934,144.7351897624597,121.88224636840536,Squat
77.28678449287787,70.33328479234063,75.711820683935,29.89598663687693,55.05949106519856,28.33918518410948,150.70230084430833,143.533541438982,Squat
135.63021604224906,136.44316316047983,136.92515366314558,32.70629995280351,137.31816462155618,52.87150077676018,146.33681177403406,150.75544028147286,Squat
176.89658420447353,177.62336109219953,171.86755075436412,44.65427160704751,179.32851959263985,51.8359461801933,145.57362940569843,154.68821563666978,Squat
172.12969806700974,177.025523890091,168.3113898115374,44.18503212227444,176.76861964688612,65.36420650133483,143.03088821404927,151.2437389757772,Squat
176.0861079146816,166.82000504178964,178.40673360777058,45.01984296234537,170.19403687956216,61.164090071703306,144.85825022444556,150.56284406920298,Squat
122.21918950827666,114.3426622428557,126.7831369551887,68.88057127474782,119.36796448214636,56.74303222304692,143.37234564495998,88.84271087009816,Squat
84.05967933132206,65.58257788247877,75.67870525067605,23.59691303910652,60.95859822847999,33.074486031573606,140.97357917290637,140.55016762802506,Squat
72.00017313875685,59.841308870359306,55.019030513717254,34.47576759356979,50.75232060847743,67.96169922430475,142.17882935418282,129.61591694586582,Squat
80.79574544606936,73.46021053180992,79.41673741082928,29.406867666344617,73.24420624685274,30.84690633930853,147.55906203577135,147.20524254388204,Squat
149.23568182265006,152.79058864809684,153.81287848528638,41.12884800512134,154.33220248159,49.878673200274285,143.87390400501144,135.33405093751625,Squat
175.98641426631644,170.7354549368988,175.4958112358254,40.48497162699314,177.83139796013862,54.95707459405476,140.76986316256725,140.09258833976077,Squat
172.09768997833066,170.41842352608987,179.59398755873124,42.54487228667355,175.19022879831988,40.78040502076666,145.35168428273693,138.78470051545602,Squat
152.23207714056642,152.22013002040404,157.56200628899543,35.336500509775526,158.76175766658318,8.284391961358045,143.11169449417466,125.5693544245896,Squat
93.05696374424332,81.30733190457785,95.6965653808346,35.86743411882917,84.58898827525779,39.39591235128522,151.60370545693246,155.28291689623663,Squat
76.8741947356915,58.86287068944165,70.21797799823202,26.85883912639887,58.71865237923196,27.20761802843092,136.0667556865037,137.7522830773328,Squat
77.7017065174822,60.42603729512836,68.95172273664429,27.55908958677974,62.25758102539719,52.24762894449988,138.95301646053142,130.60284732455233,Squat
96.39359958179556,91.16678280428684,96.94978707886357,29.591848902569495,94.5304424790463,35.29450298808797,145.27866482308767,149.1402622765102,Squat
169.2328872366257,174.1852383712896,173.54678551153205,42.82152931163368,174.56882899847295,55.01647981931715,141.079346012877,156.0437211894782,Squat
178.53328043681458,173.4911062042753,175.06110627820615,37.23526323147271,175.42414541758984,59.994925428255215,142.05557172634872,158.87158072171027,Squat
175.81554098880355,170.13475188865033,177.7739263473756,39.02570484892232,174.08668923942338,65.96218238597233,143.307115315129,152.56657458832626,Squat
128.40413899131946,124.38289954847016,130.15272924455715,36.50992142288276,126.78749842592084,37.12297071124515,150.0993812832481,96.60633727610752,Squat
81.30573979851391,70.5320025335842,77.5565371354777,28.51931180864341,58.61388170632096,12.131350175696374,146.2631449351945,129.5830909722511,Squat
68.04083628303772,59.488302944818926,59.18840117134471,27.074150579061307,57.45497635325579,30.858676490839414,145.06133316193026,143.9785630207157,Squat
84.9874931427774,69.76373057432946,83.1135079419256,6.87175307184244,70.18284751981453,20.733045200144076,128.1756160164844,134.35544935274118,Squat
134.66703442364127,144.8379253252599,138.42903965847165,27.883907340632756,145.1632645258351,41.51742315850986,143.8993003444084,150.76211032873675,Squat
177.6231188630084,176.24379902321908,175.4110537878955,42.07568882721189,179.02189751130658,53.56369010121751,145.44667276358467,137.3332502192765,Squat
174.2613533619724,178.48156462692938,174.69876537380006,38.79011457134277,176.22414749459463,65.57668962574846,143.24041346970915,141.898446219753,Squat
156.56122461244405,153.17772999425864,158.573221405523,39.08079058030206,155.11693266750302,6.707395748040239,148.27978463308517,129.93496938959217,Squat
102.73567405237844,83.04556446988661,104.69888827607356,45.72670399950517,82.88597274218964,55.01581397287874,153.52423113304891,147.44100197070577,Squat
74.72676333128902,56.52415826781789,70.11472514213739,25.199756904928343,52.98658863772121,28.75499354201222,144.42994360440397,138.39823513770403,Squat
79.60260546889185,58.23367682865004,73.25954485871102,17.709253204871505,58.04681116503167,25.280174899323814,135.52208445787576,134.57601286326883,Squat
105.40470731525131,99.34762334395052,105.81746970100104,29.495409882718633,105.58584748995024,40.24666471233743,147.83875789171077,148.99284559441583,Squat
176.2018848670636,179.31762894799593,179.55361061460198,39.1006289495223,176.30324974095942,65.54618377997255,153.75526934221875,150.85303858791087,Squat
169.39405373137842,174.49622296163594,169.6052792680234,71.90605602732074,179.6925709512668,45.76859478582987,163.48887186769667,125.87372690453884,Squat
174.66939139336858,172.2703001670348,172.21218569600757,42.92441499861756,177.7322049762621,39.199658001309515,175.09495521035558,126.68613572679868,Squat
170.18628783681578,148.29707338970343,172.2077557047146,75.89199052304164,164.3400677075817,37.84231261525225,166.1818668366533,116.04931103346765,Squat
113.08738566931186,78.47671424749564,108.53625306699767,122.99545105463622,81.71921973983422,41.10252003350652,131.4619190169159,131.33658876708478,Squat
75.24908649888658,51.4134186211996,70.13232247630219,58.95427192189979,48.98857680241091,38.52444124056295,125.80089573504831,131.09996819884947,Squat
80.97805724243403,62.954512283927095,74.13285319914013,91.02107081000224,57.7462114979043,26.491517485969613,117.8570806863693,129.02063027813,Squat
112.74507277262626,104.15617456736688,113.68790077494876,119.49169165082048,115.26330445882589,54.03477336379644,104.79256544048222,124.22298314410642,Squat
170.99884050609867,169.38507603934914,178.81894480524852,54.034809706461765,177.12260189631309,70.2471170889391,146.09517760684977,145.41230784402717,Squat
174.91680612964498,178.0994759914591,174.0763387016144,36.26596610279017,175.25945367802558,17.853726469748057,136.95884470618913,123.27710135938568,Squat
179.38996387345173,172.96626088570218,176.94915394438485,36.44376388498833,170.4177194225419,10.68377341660832,140.62041210708287,117.28454355208372,Squat
139.9970275431652,127.82732727902012,140.6456972719247,30.0335992342866,131.34788353218266,54.79653677384884,143.46694826602524,143.5108863528938,Squat
84.73388324882285,71.56097478550865,87.65832003974265,28.100010007134895,69.70277430383899,34.473514441539656,151.17615841291305,132.8719846991761,Squat
71.86106744675277,62.92478327473493,62.92738246496606,28.948053340275933,61.00101671309717,35.81129859657796,145.0728607328207,144.78015587708106,Squat
82.0667669664611,70.55406132024525,76.21711728415954,28.07334059048112,65.1756283217051,19.514944224776688,138.50593998358457,139.1163846957694,Squat
131.66904351460803,134.98600380204113,129.78376647783094,30.814769321365148,134.3620655912264,66.30628195120224,142.74058959220525,149.23890952636629,Squat
179.05882770404514,175.50128343653043,178.95264547193972,39.016879886175,175.37299429628507,48.32372713034083,140.60490682964777,153.43538571080484,Squat
176.30835324524702,174.07104596569116,173.913761629885,42.422656526629574,173.05280042837836,47.024941299864466,141.47600328247665,151.24397923971108,Squat
159.3629505005459,151.5309594778597,162.9263386799434,38.518176032315246,155.92052828084917,48.81189725320743,141.73804700245785,155.016558730632,Squat
97.19968101262072,80.38814351677085,97.1536567097425,25.810635437315653,81.63368560336875,34.02873315121187,147.319222332776,149.35762660228204,Squat
76.93435417462211,60.50123273331761,68.66820272613427,25.436159020402076,52.07691453593456,58.07963859102292,136.68915570457906,133.17933350395688,Squat
68.25053870958186,55.23950533108985,60.72327250530503,27.908489998677823,46.907450123683546,37.08464802346079,144.25889317396525,143.26911774509963,Squat
94.41353165452222,84.1828030861431,94.34718829326908,31.475723344529616,88.02125150222659,34.0798819341709,140.7549897106889,150.67728221777526,Squat
166.06771561024595,172.8295892287934,167.73806839002302,38.185971550203696,167.10879735732811,16.484969040629498,146.75636873089746,129.22078418208187,Squat
177.01157076905983,175.91717330413653,175.81056504879416,32.35996324578815,173.63549987136338,54.5681490031395,137.63977095784392,141.61995782881368,Squat
176.02503883853743,171.34390918768577,179.76730908586376,38.22425134114239,175.0238396630208,24.973127454249145,138.6955749088495,125.97283743619772,Squat
130.47309005512585,122.23233657663867,132.33875134060335,33.14415156757027,128.82524058146717,58.98708823525569,144.4410091475243,140.31351628426577,Squat
84.49824901404645,75.47051214093993,78.56191244868353,29.420312840044605,62.4427672183529,5.446048228617887,145.48917915749723,120.20228789139888,Squat
69.16623921254944,54.68162707419312,57.58525430553442,26.844686233276935,48.17784290670984,43.664096850512216,144.10404760541232,142.20809421480985,Squat
83.7463251341033,66.49929176208302,75.83357317197465,25.301510780638637,65.20079394821032,27.655021970329333,129.73503954788583,131.01935992620855,Squat
126.52986154357832,127.1628054445091,124.25825896487028,31.856858694930853,129.2139142035267,42.80089789128372,139.62058899990848,147.08097064749282,Squat
177.41999122299748,175.53385002953465,179.88592454741,43.2097007485571,174.8444435609995,1.636464006121178,146.07792720570242,116.81494379538071,Squat
177.22751121784358,171.75369705750387,174.70686472301222,42.49130381938479,177.2821359257099,58.963384793144904,142.26446134877273,143.61205830738186,Squat
159.81697265292826,154.5408780555409,160.5547689607926,44.36470283087779,156.0700784626295,58.85932578263622,144.89827037755273,79.90530598675994,Squat
96.15208091844204,82.3200095577525,97.61150232567849,31.650699814503,81.19743776875211,32.40830839864903,146.52545297900522,147.80339576551694,Squat
72.3894424514524,57.94657616078189,68.35004959023507,31.11028242977326,54.09341563183094,62.715001909249295,141.61022667197915,132.07487972899185,Squat
62.75645183875696,54.09964157050505,61.72802492976945,26.02557904628583,49.49755336039916,33.47692247348366,144.49188688573884,147.31799721898275,Squat
94.63430799568272,86.5390430854853,88.28585067634782,45.46709148799743,82.40035435498291,71.29811258813402,141.34055305109322,159.2284260802986,Squat
173.712596521176,174.29146755862158,176.55580585395518,85.4917195287962,169.3447150937063,68.06260015840758,140.62594758430956,151.7945329277371,Squat
172.1238728195027,172.96391816982765,170.19361471761795,64.65536352759085,177.05153995286915,46.07987566585779,165.5281400249283,132.64796911409056,Squat
178.82646128302602,166.79937473627717,175.02303934090764,72.22459985165789,179.223179256456,52.379577010909685,167.58985272784844,126.99517565443134,Squat
135.2038864702706,117.02292452920284,140.74799099717387,85.04787785362383,132.81356004125703,39.42261623697779,157.92709426180517,129.29062691541395,Squat
94.11501478235208,67.43665377430753,90.43371670943168,83.44380132693173,71.328734751072,53.794072862100194,114.36458786908813,127.6229242031118,Squat
67.87153629226907,48.93991168921087,63.055230869313334,73.18277469127874,50.49178302261193,44.249947618392824,125.97901144711548,133.4917701058598,Squat
74.91349085756013,65.89206091838005,76.2021360146839,23.567800238882057,67.79492818801371,61.06798702840201,123.0315562595547,120.88589359000356,Squat
123.64336288026044,119.55896203740316,120.37927096476574,178.4745269205873,135.3568358218543,53.16026943990077,145.60479089706337,133.42452318778078,Squat
177.06765301372,175.48762939496152,178.37675936550758,174.7328832507187,175.86121205447012,65.98904248886527,141.06707322352904,121.34239650621056,Squat
174.84517921843857,168.8511390587042,174.260307730879,109.25071523682304,177.10947015936208,46.922285845734,160.62249714626236,114.18307033629988,Squat
176.344561558165,161.16885036031647,175.7679907349565,72.46361525566368,176.7418375113847,54.71695341773719,114.32827875423187,114.63428551559034,Squat
112.14494884533426,97.56203733814272,111.43454186017384,26.561832751828316,100.12058771174732,4.535137447928182,144.50745907190398,123.09197632650744,Squat
80.58723173656557,62.621234027480035,73.17483061591821,24.394426461772763,54.84519354512405,25.98087125629229,138.85070480899034,136.39963793276942,Squat
71.39108811834325,56.29294649741002,59.07020338310332,30.855064007663852,46.619859517155206,35.76207506447587,145.26058469172804,138.45458029672855,Squat
87.03499783729757,80.10717820571286,89.3517653748624,32.25904376724678,83.43565820248844,34.38869351505081,149.62706787341034,152.48095495117423,Squat
173.61194398961703,171.4607207957039,173.03319594254745,116.47676125686908,177.563004071263,64.13531512943285,126.14321095665704,120.94368844333934,Squat
174.04053920296295,176.84650466083775,173.9366634920408,40.137092833153574,177.67188977241094,35.323382294354644,171.31790915066242,121.9194405046566,Squat
175.07932848861924,169.57040024894275,175.57736559839282,39.11653078094077,176.75559249290183,33.224596036191286,178.44611928634373,117.69027389421854,Squat
157.18463986096972,140.49873456471576,160.44018373534294,67.4924938289581,152.78377851639166,51.67114363522922,120.93631455755668,119.03104648638876,Squat
93.725359375702,76.01683495861187,95.55876818912644,23.349631957040867,77.16513905192826,29.443125527749935,141.68478191749236,146.23163505039776,Squat
73.86966759162254,54.75549358065258,66.1144360906298,27.92389282886051,44.69424487659606,27.92078802759598,139.9506148718533,134.6752050673912,Squat
82.89729592612639,61.570048861454104,70.38378561522211,18.468749980207605,56.40530358869315,18.183661244750148,126.66247063111835,130.09621038044708,Squat
120.3497042618548,115.9014260995634,117.7945047166348,41.62561133054993,121.66707198657384,83.2852979954111,134.0769922607229,76.18010681297127,Squat
177.34748368468448,176.0814847221056,179.69631663801692,47.31781451829202,178.9756441466371,62.680767085293226,134.58837204486844,152.8982406937837,Squat
162.75480676157164,159.64343270482868,164.3789111093744,88.34854690018534,167.25397860272966,98.79166471747976,22.13188905255705,12.71298364545258,Squat
176.6723513028753,177.3270200525313,176.62218045569804,176.4852267445795,172.20579171626662,173.08868405312222,34.1026704195923,10.636464471421522,Squat
173.10405468307235,179.67589562884802,154.45432826106,178.78730614745987,165.79570183500468,171.44690350431446,23.973659747931976,37.38084734950728,Squat
152.85222050573867,129.3443126794182,172.5078228395095,145.09091628984487,164.666783941087,179.424636590969,14.223834649516975,47.0275089684965,Squat
148.80694612493895,157.3754867641056,176.564590235925,158.49678742574548,171.99826847934946,165.32805924661074,14.430147270848789,54.14154840516921,Squat
147.16528917477248,122.8367573647176,173.50855324236747,153.9888047558032,164.7855597349645,124.8752050562803,16.718664694183868,42.51561171250796,Squat
164.62330106655537,160.28308746426706,136.9953546618385,98.13013936118564,138.03988834227346,138.9684746651628,26.197578192385393,19.991382495952564,Squat
173.5234376604651,162.69599742759934,168.64908223606588,169.05539786481032,161.53307787507774,152.03041816386164,20.108899569518588,10.945224207989654,Squat
167.80045310984593,166.38893560741133,172.54625182302178,152.1458027597322,168.48245541995243,167.7913652726872,16.607063427710447,0.16148922760849518,Squat
172.12818228558496,168.18669056590883,159.35612060443827,149.14574907007324,142.09855745639345,162.3307024044065,15.533988155582906,6.813668420124782,Squat
178.07092736254202,152.8573488930151,162.87732430705807,147.806797177104,141.72414445377197,170.0173594322605,17.029986678300833,55.62620229843518,Squat
169.65016128025314,171.19606451123676,175.93975292643842,168.75075526542247,157.55798662929735,164.21626393888008,65.73751949110081,73.5816009622942,Squat
179.74586414443323,166.94330512443258,164.37812341471528,169.51354953570217,160.9449406122052,172.56123296454177,71.69846555566535,85.0293387612631,Squat
130.7596345609523,106.61659777887508,111.9520089527682,158.0371107471343,89.37956037653014,169.49846077735268,81.90801078285713,93.32208130415138,Squat
88.48439743698378,51.9897341127956,77.4072699612147,153.22743618313547,34.41594891047541,164.87703434112336,84.5156037750027,93.58197824974154,Squat
78.69452884549264,50.773497559566586,73.27196225243591,159.02633286124183,34.029373687934694,168.8705689282684,92.99065965907486,100.61795216282414,Squat
125.714212850489,117.82513640043148,101.21651780355204,154.45666280978253,92.39017753594923,169.93000855160017,78.5378935946764,98.86988744450616,Squat
174.93926430014335,177.30429605000108,166.48904038527124,172.56005876137775,176.45965664270895,175.25107721359737,76.46545110015691,90.62155429812596,Squat
171.22950057877506,179.13415829279015,172.56001011894145,172.3938699379134,178.3644696962279,177.1400395525105,75.76237777871958,89.34852751287276,Squat
153.5943316296788,144.87966696777417,123.22516070596356,174.38958284412595,97.5466244996284,175.36645197967292,88.29539478962637,98.8728937348765,Squat
111.2407009165533,92.40620919323136,88.94694398072932,152.80864907776058,56.4107691494469,166.07085614534256,82.31931054583865,93.61001732496418,Squat
75.70754390446086,53.32902987383746,63.90031676187107,166.4861563207258,32.72106203842053,170.5023812292565,94.6852294136389,103.58289564367472,Squat
105.07910923618644,90.63873496509903,85.09313495866013,148.97283126312553,62.5709115468115,168.86688291446094,85.38039087688313,96.39270859098524,Squat
157.81647921814113,158.06627922444258,131.26434921866934,165.4987260669574,125.74504380294272,173.20208008006082,77.97312786715018,96.68952789595494,Squat
170.10888126442646,179.22337943788824,172.58282673188836,169.8390798104288,173.676184348452,166.46263675275267,75.56626057457807,86.63409056515117,Squat
171.38718413503534,177.7894571363025,174.0319761660558,168.015667706273,175.19411510504656,156.13672249556103,74.1297618776448,82.76141146445619,Squat
174.53484832319918,161.10028376478968,148.8351935761527,172.023283002215,137.8661498420942,176.77928442477238,79.30764672402461,96.144459521222,Squat
111.6377138489044,79.13133305344965,98.287060931292,160.8762087330222,61.15811821926667,170.83233340504836,88.70172496683335,97.92646310981011,Squat
92.01657536788564,61.96548105423648,73.17885060491335,154.2284060787411,36.020037499912924,167.22621588084104,82.68066398042382,96.29417938407596,Squat
96.86433384088627,75.74655074508325,83.51500094064579,154.82066468909153,46.56995411832218,169.27908692565728,84.3305715514097,91.5179160236537,Squat
134.3064587919565,127.02462039979451,100.97557521167464,158.43021907417756,90.14384520587647,174.62716183647763,82.54272915187737,101.9904586973787,Squat
177.7283930133363,175.6671654194121,167.67457847640347,172.3731530915099,178.37333559919975,174.65671122263066,78.02769303567703,90.4328686735033,Squat
170.3654789128445,178.56490560565177,170.72100116756167,171.54705983179207,177.50795929742824,176.1356826800906,71.6697600086512,89.39960397660747,Squat
174.2443460105036,175.30324462010046,170.47340717109628,167.19665615002316,176.5013943793052,173.25721373300098,74.15672285838546,88.78999017963173,Squat
158.65551636726926,144.00703253219436,128.35725712389723,160.81275498576866,107.85823996903812,174.38818746449886,77.54061630209527,98.08968150341998,Squat
115.59891126230085,100.97890649016163,89.96910124376535,159.6137300035068,61.940441308830806,170.540512689098,89.9619823383369,98.35271727977307,Squat
88.67797919794805,62.80978385028311,72.68626072654428,155.8861168145576,38.47090585908984,170.07011392538587,86.15239298642283,100.31166672720384,Squat
107.24502509872512,89.3444652790631,86.28527517152224,157.99218347316318,60.23381520333216,168.54449603615794,90.3995319974644,97.27357679299288,Squat
152.7732848532263,150.7325953197687,124.32665157473492,160.22515972785496,112.08078367270332,175.71807100571158,83.31144348239089,103.62217143736572,Squat
167.69361103939212,171.07523216856416,172.37851124305234,179.06457204751737,172.25343089829113,168.2853942732396,94.17720594581397,102.3820936939416,Squat
166.2757262355847,176.34008838201038,177.509253308329,176.7448916229563,177.1591158421946,165.7055950959781,89.7444258758697,96.98902831233484,Squat
171.52544318493304,178.18804007964786,177.84919684653573,175.02078855915005,175.05861427123108,164.41985062291965,88.84554431290013,95.02275239473896,Squat
159.31027786620052,145.35102497696096,133.7321832176711,171.79144770025465,112.84226517919046,179.2005723013886,88.22373238064897,104.26685559730686,Squat
105.72272403922496,81.22385040642254,88.49200505454746,158.98323569751756,51.62356690703437,171.77954744812453,89.11849762128892,98.90560655665772,Squat
72.34872085263834,57.83491818933557,65.26404904815666,148.03947277631352,34.11344090231035,169.52170058977097,80.7392256388682,102.55065150488063,Squat
90.84075620595814,72.2667457170822,77.07720997472046,154.0617530376935,54.014855316172785,171.71039033038508,83.60514772029516,97.13799540619912,Squat
149.83025330223717,139.6439913102,116.94772475553236,161.48778775068763,104.79037525246493,176.68718030123176,76.060224580796,96.83426245252268,Squat
165.30127140290696,178.34022080908542,168.9936650572468,166.95524075261127,171.78962890814444,171.09378113722917,65.31809850153034,84.69088323450553,Squat
165.1923388086567,178.20314356720573,174.0389359710239,170.36702752402522,168.45254033468183,98.89749160833084,67.39667811977112,71.64883459961369,Squat
170.8898338166959,173.45490344023088,170.0713771668031,170.29541620209187,171.2810734133736,169.39721348040428,67.75096587966486,81.18509175091387,Squat
157.02285199657567,144.0127406789219,131.20049797016569,173.45224589637982,107.14494385527895,175.71667296740222,83.80797391835127,97.23926125554648,Squat
107.28605711562751,80.98157289193115,87.87987300095472,155.67880930735237,56.260834266623526,169.24131423430373,88.33125595667741,100.23306256928214,Squat
93.68706482307596,75.79972893857952,74.13985331843202,152.04071085193343,42.38329125880308,173.45551657233628,80.64999919858184,99.48602590176604,Squat
103.63934172298616,93.15076690229444,88.84547707066241,148.74106376504156,63.77253769894112,168.5518975613022,84.78629682267815,96.76132586655504,Squat
165.23578387133213,150.7276352436338,143.4990807710259,156.96367202770725,141.04709089228987,173.33961883088298,69.06046474361763,91.13387756725174,Squat
165.78305782067395,178.5421551792653,171.48470474502187,171.30667631739018,168.9920318061898,171.69578983381018,70.32865548593308,84.56308008363365,Squat
163.41121428980625,175.74837939456435,179.49442559446535,165.36638945287905,178.50723759865295,166.36176798851744,63.59188326568357,76.46985594323537,Squat
170.19936864474698,172.99576957370272,172.12306658145914,169.1148894059012,170.33606612727422,173.57314792999858,67.90014855729088,84.28100552661004,Squat
154.76863615182717,145.5142644637251,125.76208068856648,158.39599223672954,104.487531647474,175.30252486405388,78.34949465143661,99.31326404147204,Squat
107.30507736988396,86.59765338540294,87.90804957195058,152.4561015998301,49.72742549216596,169.85078699300965,86.37937682864141,96.05499812844924,Squat
83.0131062865143,55.606018995722415,69.58011669474251,160.65134155532635,38.57454713063386,171.4898986875628,89.4513121118667,99.73967503305586,Squat
102.90326426834524,88.77609239673713,90.24581273104866,151.28639412351666,71.09704684495821,166.04062905548452,85.87769195310412,96.14156708193616,Squat
174.85220891650027,162.37710838216827,155.28761700797403,171.27114672936423,156.88972455952788,175.0398871388373,79.716007033844,97.36527611456752,Squat
164.29051827980405,176.14288276494145,176.31176469324186,165.19650951023948,173.26466024252622,165.70066634615048,63.33916363621616,78.37477705379217,Squat
163.68560076189138,177.4884399763658,179.48638372725048,165.06977588487442,176.07872198158742,167.95381981672642,65.38313716628255,78.34912906014878,Squat
174.21833672217585,170.65956546901876,174.82452418242875,162.921159658985,172.9436666498452,172.19722178527738,66.60169658547376,86.00870933761213,Squat
150.69959298945497,128.6331434482827,118.92597757644155,161.7334903644247,82.04458451190986,175.7605698971755,80.0554075687259,97.99450422868075,Squat
104.06318256117392,69.1749459035292,85.62377731627925,166.7289232221391,47.37968245365486,167.72438080196363,90.2417457076286,93.72347460222908,Squat
84.89520581894863,56.50969926020822,73.37001430080238,154.90736148902295,36.01301265491718,168.2681185849539,86.8891768568652,94.74018292921023,Squat
128.21680264329837,118.18090698025448,98.29410055330747,155.95522750902316,87.63363086426095,173.44082647265174,83.96311135992381,101.37099538288754,Squat
173.21000704907715,179.3557553277396,168.73336360220247,168.5149681247334,176.36273748114934,175.69746815035433,72.13238472706026,91.17491267852498,Squat
165.01086424900936,177.094546877033,176.1421573915055,168.40998874057297,176.42029698768508,173.78428066841116,65.83778692881243,85.61440535925279,Squat
166.30001175524225,175.77720325851558,174.88153927108374,161.5099012289113,173.98579785754512,170.20391042448895,62.26564663139684,84.84187488699239,Squat
172.66407327005516,170.1001256118069,170.13933254652727,171.79101212867906,168.8605485771825,173.906672314186,72.22575051816756,88.66414237127046,Squat
151.17869096844151,141.30415725685262,121.24231737563971,154.79827578502432,103.42420292556535,176.1354335190637,76.99454046986342,102.06390669746057,Squat
104.78714094932184,74.73576452014814,90.21562459547891,159.07288477589452,46.66867695722183,167.80436703931562,89.77493996700429,87.59445617043255,Squat
93.15139757531068,61.49830576913644,79.67286123937947,157.73791170622772,39.97898168244236,168.7822087263137,87.29960454459925,91.2646291554831,Squat
113.5897920030375,96.27113375160982,95.59057761938726,158.04667202890457,75.26691419252998,168.4707064460025,87.15568527671947,96.66120410381134,Squat
173.92961189653153,176.38045720297097,171.02937967684684,165.24833844877682,174.66339009938687,175.6883754330214,69.32427093334655,86.91343309803678,Squat
164.30680285488896,178.89308062717453,174.7343499080092,165.5052851052525,173.13490574856087,172.03749985374156,65.68117059918082,79.71645247886008,Squat
163.52497234885067,177.30732566922487,179.53455618186342,161.52336364362554,179.38308828651375,167.8420416073837,58.26383101021914,76.04086099163817,Squat
173.9210392655066,170.6695890694733,176.39071323532596,169.72600978369826,170.3123125706038,170.50494512163814,71.3344520167296,81.86424508120282,Squat
150.69575873262886,133.57109837444852,121.97012131592714,147.91473396925463,96.51608115339448,174.82734364361792,75.8766124717068,100.57951684819788,Squat
109.69500035505084,87.41109775851659,92.27720849868588,159.69697259199208,53.229073159748346,168.5349422359596,91.19063555066256,89.36727126881222,Squat
87.63160244593871,66.9565700879725,69.81038414762634,158.04968206523958,41.89663706276883,173.5247767012398,83.94500341970091,100.28911319202108,Squat
114.79217894278082,115.6133390436261,95.23500411750314,151.41569967494308,82.8206749781591,166.32674954131153,85.43771926923453,97.05923595338976,Squat
172.35971314635157,167.62515868810794,158.95443152899944,170.37304708242064,162.52406865155595,170.94227589487522,77.54353712377522,88.29491624007613,Squat
167.99437473321774,178.75429914169712,173.5596772635141,168.79744507482886,175.36550984682003,169.60682507700295,66.59158017987507,76.46608722140397,Squat
164.68067062562105,176.68137076976265,169.10405003368425,163.7293554742821,157.7663316464438,174.47175870906798,61.89922516360273,80.21110724022617,Squat
170.11968474003737,171.69546390179732,170.4585504640126,166.27066010898776,162.5659540434512,173.078777913232,65.4173282910431,83.13590063709152,Squat
165.77836031451014,149.19277624610768,143.82433385372013,170.63540384307657,129.42247083865334,174.06884403617573,78.7906440655744,95.11930823458124,Squat
104.76422180993409,75.03438738588822,88.12521169291193,159.59373657062446,53.10112385341069,171.43667460225885,96.027133499946,100.3087728615088,Squat
77.86986330669367,55.407411868682935,69.28396170699995,157.09778259515485,36.629620620948344,171.0842086549407,92.12140802280088,101.31225231630634,Squat
108.07986203428544,89.72481910715979,91.12451139030604,156.3206631506436,51.723974038936866,174.05817144718716,89.23979731444669,94.30655303167713,Squat
156.83495932148742,150.403508595991,134.60987995437074,161.94819802178793,118.01379880211412,166.91362163688004,73.76414439983579,83.27615008941984,Squat
166.56530897249067,179.41167425202093,173.51626788766933,158.31716547691417,173.73875876063724,165.1747139505971,62.302764238626025,73.57917825990872,Squat
165.15256161275713,171.52139056997703,178.83904218118096,162.65426072930947,172.22415608850707,164.33416031748365,56.27031708097489,67.64096796505966,Squat
169.6091924201578,176.5040979341027,168.62639620022247,163.81017223594938,160.5214234046932,165.20337819810476,63.99702196717093,74.45994374827661,Squat
178.0999213288531,160.11702857048536,156.82592404747996,170.29785827738695,148.1909934839278,173.38004843759123,74.46440876560455,91.55476323841002,Squat
102.9786568220751,67.93625787782109,93.33215455295658,165.37759196412694,55.45713665341011,175.61070086705834,99.85563801708474,102.69029852143495,Squat
82.72056359189048,53.52151802725445,72.08360929598581,164.9049582032615,34.49096742002909,171.00378983166306,98.445999101394,102.8065562447815,Squat
101.33527128887856,80.50427091237044,83.09157283343978,167.10285678849917,45.9249932531766,174.29429723411235,96.349966442236,96.59205046027932,Squat
154.35747898428212,148.05434061790936,126.55080404457472,166.706351029098,110.84668336930578,171.07847402091932,80.57987432083569,95.62476013522146,Squat
169.12901581615404,176.9432658658276,172.52632117238522,164.69884572938614,175.2597691125246,168.3980836241335,63.704171543644186,75.9037322795433,Squat
164.12657162598097,179.297904446746,172.82182771115924,166.18289394542393,167.4188753035905,167.59160888666028,60.829372977146946,74.85051276504815,Squat
167.11529488642967,174.56387373678854,174.61182325263837,165.8682184253662,173.96234325504804,173.59414155115618,64.71179173422435,83.46023603859832,Squat
175.9522972147807,164.00997990750412,161.9596984984268,165.9571566536939,157.3464059970557,172.99950129747697,74.88674758620888,91.88849170018403,Squat
123.96235505005929,107.3445188140618,100.3273012699068,158.16597642604302,67.94384379608961,170.30246687192997,89.32897325775201,98.1198770972105,Squat
88.73336707976051,68.25933596712855,79.73661742567157,154.06694131058387,40.06036588012519,168.0251840837543,88.44532218129588,94.95703705907952,Squat
99.74935912053616,79.73029113541601,81.44504172216239,148.54926855692517,50.21389356446256,163.61972304996473,83.6888249570018,95.2683062071618,Squat
140.99677385182443,131.570020278936,114.14931134852908,160.36141574918847,106.24788217566324,165.20371771598494,78.99915746799168,89.64279312297643,Squat
171.60317585219653,175.9792062416595,167.80086975442188,154.04721762170536,175.455327933083,170.47384248044605,51.528735087277795,81.16096241059215,Squat
164.85137584527556,178.94172446886114,173.03979679314008,154.55437563435464,173.4591941054272,170.0506944345968,54.37901489131069,77.50699332521113,Squat
163.64560950071714,177.55621700570018,174.74460415839735,165.43118790005207,168.71899506826992,171.73152576884038,62.82421424461559,76.08725011570418,Squat
177.90954144234257,168.42156582117843,170.2487068852837,170.39444199349808,165.86963082888434,171.1549553255944,72.01242551584947,84.6232038729798,Squat
134.91063367717484,110.411243903784,109.82487191553682,156.31735985375516,87.6117614748295,173.90716910724058,79.79759687269694,101.25191266404948,Squat
99.64865055043782,72.17862202510169,86.6224345115333,153.788407969241,45.644267576953965,164.52274844673536,86.35226314325308,90.36370814597817,Squat
92.91609060151052,64.73864252483467,81.49459467675797,158.46931956136544,43.98323081014701,163.94840746377133,89.34875104241588,86.98434630943112,Squat
139.96758946046182,125.1510598812146,109.21450325921488,161.76932482332614,92.70064803313258,168.539941673321,77.96708936719656,88.98426154796876,Squat
164.9665599967743,177.36534630425345,172.1308983077337,166.7883512504468,170.37155624852727,170.53909165735976,62.70631144447251,79.76957496585185,Squat
164.62298653141215,173.89689525128006,177.43243126144014,146.25108777776757,179.48161941715776,170.53104508933808,43.3733141249722,76.6788343690253,Squat
165.21952689797268,174.17652445342483,179.35388503322224,155.9034388435291,175.68077139680926,179.73413847685052,52.75460310293855,83.11501919959696,Squat
173.90522938837196,171.97459063889215,169.48660290926347,163.29089615857663,163.60135182331726,173.37348275876747,65.95635160859553,88.89143869707785,Squat
149.4890982499382,136.4452674685105,116.96349442819158,155.27206009164374,95.38937373911176,176.1053377012358,80.24076651235276,103.3681501696138,Squat
102.26206895894768,72.24093104902917,92.235897797125,157.40112253003753,52.901245415950115,166.20361053218207,88.27662526623783,88.74942069914901,Squat
90.09560537859544,64.12478643214644,81.02650641245623,154.5414193357624,45.04785035377632,169.41947318690194,88.2533249454572,94.53312436967283,Squat
143.06074694943808,135.78491020758742,112.95120075780628,168.9615085227253,97.47476517854804,175.91561764443483,90.67587329780297,104.85016708772078,Squat
169.84650055561693,179.6371351491349,169.5912503494496,174.08500209376808,171.02648163576285,169.40474772384903,89.74208728998161,90.27561393861596,Squat
165.58749809575997,177.92770836786582,171.72238603916912,162.49146654851634,176.37034951313117,174.60928579937084,67.64206645694847,86.52614368270869,Squat
164.5515676636274,175.97998101208086,173.80981085341858,159.7636598181007,178.68107038971263,174.32901823771712,63.77994793542048,87.15026246547147,Squat
167.7087835926408,174.99216275535602,172.72002159306206,162.91436540716367,177.1893003231897,174.69095253947913,68.04618990699424,87.4494284948816,Squat
177.78333744146926,159.39481520619887,164.18118763489696,167.92500626020015,154.44063710245555,167.23400954259856,81.82832590409664,93.06647232096392,Squat
118.797505299201,93.3204386497564,105.07066542871658,155.95379185056277,75.8610623841951,175.26570260824676,86.62268729237762,105.9919327742337,Squat
98.29465132940852,72.70483706480289,81.88491154481164,156.04226735752985,50.759106851724695,168.66796913052704,89.17465514186632,94.56842439831738,Squat
92.6077468941262,59.2838039848954,88.79381784182652,155.21753262223496,51.921923542574966,166.0766750666405,87.19854984982268,91.94522757852585,Squat
150.21983863365006,140.56394594973278,122.32179140957264,165.88163021047097,110.59520437430412,174.4311704040253,83.74299521503556,102.20013330685344,Squat
166.32513435065607,179.44007958616487,171.5687428495746,175.31707741847757,176.15936800228,173.00150936101332,86.65388475502192,95.13092171197655,Squat
162.46938232019878,178.1704821447427,177.79890489533977,153.46710595525283,177.29110984943634,172.7369342470537,60.75179165898346,85.15519406474655,Squat
162.66825930091505,177.06258145776587,178.82295679885735,157.7363904811926,175.7478855032669,174.0591829624306,64.04218735813147,84.65885639573163,Squat
166.23660370273836,174.82873741517025,174.09831044794652,166.15321742454134,164.2582923163911,173.2894228319415,72.85777899103628,87.42239811502837,Squat
177.4847360994748,163.85447352543184,169.22205899749238,170.0018598250602,160.4769315233346,173.43530976940914,79.4176216851219,91.95075174795052,Squat
125.23368655508524,108.20817373590434,105.93891144439384,149.85128216130127,74.50734048320265,176.162139669095,83.39349988934252,105.2660190396712,Squat
96.9490884902732,66.93321216881449,83.27887339722122,160.8890926323041,43.1829697973709,170.25635837719796,89.69686510696566,91.52007269236212,Squat
88.43356173482277,62.49921821199569,79.43188453602158,153.88982925249067,45.71958458193082,167.71755514251322,87.2957010809195,96.4008189228942,Squat
154.52406062594446,145.9235322412867,123.55265938356392,173.0884640368821,109.43615225715278,176.9373247776312,85.16331904328311,100.68314277086851,Squat
165.8533994697184,179.41440684620687,179.25166329043958,172.07770190771706,173.54932896487367,174.55597187335243,77.19878874917794,90.02393689560476,Squat
166.0453082503171,174.18048634159177,178.6185432053338,172.23173912171396,174.64626461973833,170.8098015018223,74.32976487299135,87.00166838041562,Squat
164.51506222768955,175.31899877060656,177.26378199325006,172.57957489907017,177.35151177363988,173.45261769345606,74.0220810583257,86.56078662016412,Squat
177.36276192139653,171.13746866664044,174.50128919013048,173.64861361663003,172.49823458520478,177.05544133142064,81.591515849931,92.55199206799112,Squat
141.26911680426485,129.0484033873182,110.5725784992043,156.140571380054,89.80748996649689,175.91433294852465,82.76569030433332,104.00970646622858,Squat
104.72790237994148,87.54506334007623,83.46869979987338,148.99746413431183,49.35620250283795,166.16031099160375,85.217268409153,92.9526287645768,Squat
94.31914205574328,77.788777803845,78.47983399144834,148.4661241009783,45.1723836714595,170.06764487319126,83.55797361196954,95.43346204087746,Squat
146.90843214098228,140.81184127797454,117.86342877372444,157.1684302546685,100.37561335020128,170.47477775069368,76.39448829010303,95.85553639798736,Squat
168.50363773566082,179.1185818319543,171.1195094102309,163.82356233354474,177.60493886202153,169.53564221949523,66.46980571146435,79.08802165509137,Squat
164.58750909635458,178.34419575683475,175.5783736161423,163.6855119505394,171.9633242035873,169.50176479542148,59.69370310354299,75.17324581560331,Squat
164.96374469614713,176.83649318643316,174.94854370763446,162.16214041839325,170.09751283254144,172.9322525576907,57.67071876054263,79.44201570617477,Squat
169.9875938984318,172.5000021750873,171.63928709886713,163.90554432624154,167.2871540458832,173.53617240258532,66.63198093447818,87.11218942377411,Squat
158.6954264223068,147.5369123355222,133.31584723684074,169.04523627673095,117.10503682288736,172.31705872242924,81.95240428509419,97.47130435784558,Squat
104.1037420841548,81.99940601496041,87.90365464354346,155.65151358432652,47.382072286462666,171.75229231824696,89.49504111029677,95.18162749675368,Squat
79.98742867376654,64.20682987925476,69.65801943656857,160.89925137768688,43.65898594611494,174.35488308649747,92.14617601213496,102.4205847975936,Squat
123.59435716698876,117.44671903674706,97.03048136695396,154.2073424797692,79.59751002280491,169.46888676145545,83.46344674495893,97.42917650280368,Squat
175.98479148332953,170.24001194794243,166.09224528199047,161.39343704615982,170.85892501999874,166.65900663943265,60.0690662005668,78.56377470701938,Squat
163.07154958050694,177.65789320898392,174.169363236403,157.7207333653445,171.15883808862696,170.3814262227881,45.85921224823221,73.41936759780305,Squat
165.05220024524613,176.71334692619695,174.17926307572523,143.590126629464,172.7044762539473,172.509945406567,38.52008577814437,74.75860494270576,Squat
170.82421445154426,174.0594256907698,169.8255124125002,164.6724531203868,172.36575812558937,169.7218881466317,61.31191710195168,80.83654034852752,Squat
162.75742633887202,146.0642110312891,140.6711533758749,160.6203858450463,135.7965824890303,170.04599245230295,71.85536308541916,90.89683766828551,Squat
111.99099337655448,102.9710462317322,91.40043292700916,156.4447032127945,55.923833361912955,169.35828113924362,91.34563059294511,92.86385740834088,Squat
92.69014122449806,71.56806296954308,72.07602572153053,154.29037642364207,38.57553861513671,173.12949839730337,85.20874022947068,100.70583655162618,Squat
111.01741316086702,91.30123588526584,95.75270405603726,157.94263083050944,72.4390915576398,167.1628356918864,85.53817236361523,95.09441435854724,Squat
177.22651384331002,168.90505774075896,161.95538307876717,155.40729728227163,169.3999149151067,172.5534235139769,57.76241459155313,88.72791196389369,Squat
168.24572268243966,177.6862844611654,169.00901662596837,145.4433987836892,179.92623004276186,173.31065851877148,39.98803474493338,85.58340290669362,Squat
167.8686889839429,175.89241101976808,169.89181317188826,152.1164771408303,174.19030960226715,172.4513816568222,46.86146763719753,82.70906382390982,Squat
169.57211165939935,173.11370826075563,170.49736826060186,157.01549815844845,172.2967484920638,172.81613322862083,58.116143004819165,83.8986853444442,Squat
155.07382344491722,135.25460489590668,126.5186153979013,160.87940751510337,103.16484432698522,171.90893957530247,77.06468714583174,95.2388553213617,Squat
109.81391516498442,86.18311214874737,90.63817041161246,163.7767618369241,49.03115867749614,169.40601917012614,94.1322611025197,88.715375113287,Squat
80.08759764108271,63.75655056918301,69.21319775053149,151.02682578730523,34.18318424202716,172.6334626171206,80.99140174414394,99.46786464459068,Squat
112.69029021078074,98.85010995281073,96.25049876712455,158.85335382190968,76.62058581771689,165.61530070201718,87.90030854518356,96.3958236931077,Squat
179.5856380841494,169.3455526747877,157.68551350825467,165.53699930393282,158.67786476844694,169.21098166466604,69.2775859830499,81.83808003820266,Squat
167.56799924026868,174.23150544647652,172.8719120552495,160.0180728550054,174.38841662466018,173.02833354261708,47.921958663641675,78.2464741962246,Squat
163.51310983383783,176.03130207024353,179.43412103511008,144.15887759066106,175.60765036340246,169.1467185313408,30.42002699952466,75.09343855357724,Squat
167.9503555227752,174.72030147039055,169.91585402428623,160.84954296487277,162.21488904271055,171.1606423652755,56.62444557893944,79.8960252657462,Squat
159.64414236428163,145.1299895151212,141.9620372060773,163.0910846254129,133.44660374060794,169.4774348142818,75.95951875770767,92.33480099253538,Squat
108.5754800544074,95.26521196016142,90.95735930054644,152.40389543585735,56.12597267558244,168.24675098685884,88.12446397433537,96.07404683974369,Squat
84.34110345174321,63.72601394103104,73.89109690023935,149.6912053765883,38.67154122337607,167.87708234916042,85.77948295115942,97.27459132342752,Squat
126.29412865520813,125.82514608373158,94.64705925667118,156.32647861940058,86.94424928882799,168.55389192322727,87.36091842334328,100.68012623333112,Squat
176.16329449578458,171.98621933500272,163.782567812371,166.36089215227062,170.04178081190574,167.56855832664908,64.4607423503687,81.90247108435764,Squat
163.14278538179778,175.46187656748114,172.31319027856216,146.82441056978604,162.07176056330098,172.81104457499805,36.40570042812923,78.26980199783148,Squat
163.06475431183594,178.2302680179168,172.98224893605192,144.58940106085535,169.10249142011867,172.5076063067182,36.78104420654459,81.4485419841418,Squat
166.14507783872753,172.07071910380688,171.94066823655598,156.0502964430901,169.1441604582843,172.6138178424144,51.700895105027456,83.60174636843566,Squat
175.4884449014165,158.81837563090406,150.23335790413773,155.6950533535005,146.63544162235934,173.15056156945502,64.31718215189706,95.49803403449997,Squat
106.97662997309251,89.85043532289909,93.75702259622466,164.85328122431306,72.3160273086868,167.20209488046632,91.6332424843404,98.14491342284136,Squat
85.51402754603475,65.10846015213453,73.99839762941042,158.1587662334707,43.41460984227261,177.1330148620304,86.81736222441933,102.75298253261565,Squat
101.71833294122666,84.00659276306918,82.34999670017811,157.39312314897555,59.034346502823354,169.39906985636532,87.68079502057721,95.77766828277085,Squat
156.3430195945489,150.66686679879348,127.00722126535442,160.73812365955808,118.47334157255273,171.6342063197292,75.01918316430476,95.31725324872924,Squat
164.37708489704815,179.95817489412147,177.47573568658214,160.86378454188286,178.86577974245455,171.76656597654605,61.04996339375454,84.00363568897188,Squat
161.47660711823005,175.17012867887334,170.4710006411803,136.2519142421139,165.89210281811594,171.21062843088953,25.27494492345899,81.60501758974151,Squat
163.83541539028357,173.62991685924592,173.43584526071268,140.78495625764978,172.79707577836302,172.47369123437255,33.63530669808524,82.94936991288976,Squat
168.1950985214779,173.17157351120954,170.8336153058232,159.43625082281858,165.83256947261816,172.0106722064631,54.74666537784146,83.5451818567999,Squat
161.06990460166998,144.80888660832215,137.9825500164547,162.65626417952674,127.15968453948928,169.6695157200839,73.69949271333097,92.25221806813217,Squat
103.90817886637603,82.81877675964097,87.6797643899938,159.45730845161032,51.823689536552784,169.51517512206345,90.08281533178582,95.84934981117608,Squat
82.08020717626403,61.5837446302251,72.18410041868924,152.38771939768802,41.74463937149675,173.2078302920906,84.38488376726376,100.60329335322128,Squat
102.09844700279716,86.14550837258048,86.76015260519722,158.46872577165695,64.75317263602321,169.47280253304066,90.82513907073862,98.34540112125434,Squat
179.4318904470655,170.44575716579283,158.51340713054665,149.8596498719096,164.70014760757186,166.13970401442432,55.30307064956061,83.65068335607819,Squat
163.90963182871056,173.9665751512005,172.23478508064963,138.01811867697538,171.94810718924094,171.4819650344002,25.485884727012248,77.78801611241983,Squat
163.00268900476595,176.01931643638486,169.20818617021712,135.6831005601435,164.58440828298134,168.61449947891978,20.256865048647533,77.00823652241358,Squat
162.63745156937762,173.307141016152,172.26340281447355,30.41162540098635,163.50772391508372,118.77557290754908,90.5156364383928,70.75433885476382,Squat
165.1086041664329,176.43739708621882,175.3893105228002,44.86298896937571,168.48174753366916,47.20572732236535,148.05277609139438,118.622093030878,Squat
164.75740839425004,178.05283914530045,171.4309169514202,47.89686768299275,161.57641174145652,47.66377260394992,165.2761754858442,125.40272319284117,Squat
170.05231883453078,167.4144703994751,171.87978431440425,43.01087621062842,165.1386330439524,40.66142441877363,162.7054771104374,125.51711240277764,Squat
172.46002557429128,167.0038079237866,174.03420307680085,41.99109928836839,168.0939608821782,43.579391012200766,170.1830771863952,127.24219960023592,Squat
152.92066663830295,135.70810318358485,124.636691976533,70.83638328496421,101.32772861502156,45.44081410239048,167.17683995495634,141.4003089130893,Squat
120.50000337524938,101.23067400634017,99.05527252428284,172.96535591555966,54.44915163738371,16.164729536536054,136.93239164500267,125.28800324938568,Squat
120.35931178374526,91.09212734579836,87.97721681982358,104.1868591519496,48.23650166510102,24.931135133085835,77.48821103919803,137.64483947973713,Squat
144.97630547914724,125.385346708547,114.99725428241972,90.08268270323371,94.70048067261548,42.985208240684024,176.21799829081507,139.6483486847236,Squat
169.4993804417339,178.31792732452104,172.63764459350523,51.7343146941571,172.17121684292985,44.29083272676743,175.25432403473403,131.5025357316612,Squat
163.8551922691838,177.63882917596956,179.20763098283174,53.6575278452903,174.99574236769325,46.48971257476008,177.2704244842942,128.2195036017635,Squat
164.3257005989038,174.78977924141623,175.25169588605107,50.09460854415483,163.79150439974137,45.7557339527466,176.7739847495089,127.98051902297289,Squat
177.12803161849473,162.25080210189347,161.28584853327845,62.11688662881143,154.33184848866554,39.61449309763278,176.15724421141513,125.72010013502155,Squat
135.60025483789292,115.18848916586818,107.35672285051862,117.55541849959212,82.83251919715941,36.31246868268574,177.99408847043233,137.84049747854675,Squat
110.32274945939466,80.33440141014347,86.51514111574556,109.3118833973506,53.18615022561461,23.219970729693177,81.14540617557093,132.24535958528634,Squat
115.25746449433387,92.15741821266,89.14753422897536,136.79968071575786,54.67433914395189,29.31855275047244,117.94627713824296,136.47201385985417,Squat
152.84891380536646,135.67284057193302,127.53896444319516,94.36356585248473,111.38546761307624,43.81828643846996,175.07351591449986,131.82331292000086,Squat
165.9644666473777,175.2414525039308,178.14309418630847,99.19858869557538,173.8157663677401,51.71753005253658,178.39918807558615,125.90335119319508,Squat
160.61632998026676,175.82379295536896,179.63477933881973,101.70702067224494,171.89501633065447,45.185819316889194,164.29482127646426,117.0695881618498,Squat
168.13587342251793,171.82836139335072,176.39692859661997,90.67066817966491,167.74250797609233,49.234479559058386,172.70120248873556,122.41238246459235,Squat
155.33879300668394,127.28781187088414,128.70645496731044,122.4686586525274,102.42424119770762,46.76904083799513,171.51561861673397,124.66466865547588,Squat
125.57101242708116,93.09308188687112,95.27431675488174,51.01308314758253,55.422150269482,16.15837615152356,21.56840072410138,126.10077907240968,Squat
113.47472047594977,86.62554964820585,80.9086668344687,74.36509062014002,53.15221740248628,26.1082271005354,59.98280521469679,132.6934534968117,Squat
141.57585670325918,123.94959512681368,110.63642510096489,111.4045085101246,92.81417260087768,37.01401609180262,178.22819271994732,134.44481259314117,Squat
166.73346192155884,179.52657898655207,178.43118411564922,43.8789246458252,178.06980396410637,46.24852025336868,169.38947774982924,129.33506475261916,Squat
163.90709556403527,176.0583461639127,177.68536295445966,40.578322273091295,175.00974610544202,46.53851507001263,170.92224447940228,131.76381410837234,Squat
166.1851170249273,173.47112859848306,174.92571432231512,42.94634553945996,173.49616016625288,40.34849407354433,172.02019402390633,128.18966006193534,Squat
176.78867027854642,167.08645945340757,168.5894078440011,52.63769480879312,163.30365282611055,35.89212119205718,169.4028058975584,126.2816379849178,Squat
140.23359456828592,119.08279905782152,110.64514211256818,128.02863428745653,93.2959258868077,33.88426129669132,175.81471717841436,138.6799848976855,Squat
113.79959521545176,88.2879814686838,88.57231640929677,130.4265084787372,53.857989777112294,14.792251525979482,106.17614514131448,126.01337150526902,Squat
115.02787335913558,94.22006336101512,89.41043523095948,129.64849322097265,54.017857794517354,21.35018378788442,106.77806692634051,127.41592989536622,Squat
152.34835824410325,140.17103163939458,123.0310680687684,102.12982349944176,107.25051066629804,44.27800291095633,168.98521457153652,134.75236434966135,Squat
165.86060476573115,179.96486608285653,172.30300393708683,49.669106674663134,166.3356824085674,45.31736078476067,174.89920676797635,130.46193308849115,Squat
160.78845010612426,175.16058737853814,178.5473967134997,42.042469581839185,175.5659055846684,44.261641034925965,172.76940370036235,128.20466488913743,Squat
163.6114050478173,175.56084629922017,177.59166747460068,42.067211329663394,176.1443660444814,44.03411361338851,172.41345392531406,126.53688788850178,Squat
178.1153429931667,164.137137501884,166.2441956142842,43.02862182644093,162.4349037575047,38.036883420425234,164.88725885789216,128.47094219595684,Squat
137.8143140820768,119.2667787979494,104.30978373366968,72.0844864904865,79.96679868133454,36.49014937919336,156.94241208959323,141.7586221640211,Squat
117.53786519887784,97.84474015816188,83.61550849127605,160.30918179432527,52.04753301087021,31.03204014548177,164.29105247966868,140.7337171105803,Squat
124.35438004747044,105.13578143702313,93.00541149589976,116.655977416745,73.70513333689387,24.60111754242576,97.12439001848308,133.54809961221804,Squat
165.54387558663907,155.62904910769345,139.73278252522067,68.32156725336279,133.73812124563233,42.4930387630175,173.52787733289787,132.1834315682941,Squat
165.31841130602504,177.62304430543344,178.52432684752978,42.53805607710457,175.19849926107827,39.77676513052537,168.97259665728453,126.75494498148382,Squat
164.90995206949754,174.52421181160818,179.11085795561164,48.49129810446514,179.9085434241533,40.1114667822555,171.10024230820807,125.77964178570548,Squat
165.916524282943,173.98112730161546,178.62730231886044,44.14973821719389,173.1306013911443,41.26712938895756,171.80531100578628,125.30288850348008,Squat
166.4840570169588,147.04091236464043,144.01810647613462,71.32416078338076,129.31834392681404,36.01088795833209,175.04081802153917,126.46468374601044,Squat
127.61333300423836,100.98914073771448,97.3946455493707,142.8645840012517,65.47798996100403,27.808440494223717,125.15530219685157,137.0344662214336,Squat
113.26126577586228,92.37097393670189,82.1171113791624,172.5004838820697,46.81644082924231,29.615021426646265,134.78545852710937,138.91788872808095,Squat
130.73859191814643,109.5651203001421,100.7046594087508,140.8656967177789,77.90128416219417,29.751375865916,176.51555200423627,136.91899140936903,Squat
172.44788723924842,173.62588803213973,168.25310923837088,51.176925538040486,171.9613541422238,39.78482531231709,172.72229064601584,134.61955131176833,Squat
164.5260481173379,177.6538689067125,179.5058351250698,50.83623189582172,179.9347093384532,45.90490244712995,171.17583273504815,130.8069670441997,Squat
161.59656185712294,175.448357668455,176.04438144905274,45.97694753364439,179.988925827814,41.95405569102841,170.0351487864449,124.48863503723769,Squat
163.90447588577936,174.76421810069698,178.20745429399642,48.25809235517766,177.516674717961,42.5442992188057,170.1650139345898,125.92400842755832,Squat
174.83613365282747,153.75441681358762,153.96229301625502,69.30657841911797,141.30341922862232,39.57954474611747,178.66486540991207,127.15232849246952,Squat
133.54102042667802,114.08792757540506,106.1585672713314,153.02120069044605,84.10913764972958,29.637689211855417,160.25379616198148,132.81777169833018,Squat
106.67132961147183,76.8201583102215,82.68777353851169,127.85320655746308,46.21567496177705,28.47934023167374,89.5884668806998,137.27655590763905,Squat
113.93606614349284,91.03964365627792,95.49938462760144,115.72008506852848,67.50336630356873,39.86349689543444,89.22289668740873,127.21640477630932,Squat
171.56598169002646,161.08269539951488,151.31595732710997,96.30356612558612,150.0068856959757,40.77410660010192,165.2220045676804,131.16307656603462,Squat
167.8226471423994,175.0669431468198,179.38029528907785,55.55389058875328,179.3658834032518,41.92945647140259,176.98875941622248,126.40179194819476,Squat
163.8702363293646,175.76391281614286,179.75672548619357,54.54969252873917,178.11919625878883,40.78073397011705,173.40154404344892,124.26627701204018,Squat
166.0346720581113,172.9706346374196,178.85291909923052,49.484168235707926,173.19560292780463,37.8585810074764,173.03442129047107,125.30437922083968,Squat
173.6948871750737,155.38712981252428,157.8964177478789,65.22535613551088,149.21098574921237,35.993363322563255,177.50987767251945,127.52633091072784,Squat
129.53039737899755,111.04254005233727,99.56812918419854,166.4162109198826,79.99271698388068,23.141043753759742,129.29737611255058,137.2752644921972,Squat
113.80908184929552,90.86755655715255,83.48556828131217,68.32900939998868,49.22141196608628,32.504407736313134,24.14600346456513,137.43132027907114,Squat
120.48132314981896,97.73153911633516,93.7887283629367,108.64291659820962,62.47200954522389,30.470541730783417,99.14506228042391,132.93035223084132,Squat
174.3750608696005,158.5178533040832,155.2822992558799,65.31492429745882,156.75710862277444,41.186490070875664,179.63409444911971,130.42338599250317,Squat
165.34169715605822,176.64796011390615,179.7016148630006,49.93623355613269,176.27634249894416,43.20988740055938,178.44679206345464,124.60622321051255,Squat
164.77144816248355,176.29461583980776,179.13225441771272,46.796472216901726,175.6250687707588,43.14863125500848,179.69639527102385,124.24455979558432,Squat
168.46084239707568,171.30076823098764,174.28491854048468,54.04626963567319,168.75443342644368,42.299111388042974,177.85413037984978,123.78459903913384,Squat
171.09001429135574,156.4574498391312,148.52478877756758,79.49869434059313,143.8439807513932,36.88154404655554,175.95224311296565,126.54418626136464,Squat
129.89786384241657,112.20294886891487,97.53866558722392,135.97951735081045,73.35945400230104,32.297555979325125,104.9559163483063,132.34051871554752,Squat
117.2259081138863,99.05730086577474,80.40383084970341,103.33319727178775,53.248358642589075,28.803611202030467,67.34161735532685,138.9551293301769,Squat
117.0370979770124,99.92078779393488,90.64917693583573,152.31505499433737,63.38144900142452,17.21787597029413,113.61852718929563,130.45767005227682,Squat
166.05617330686894,156.4981044894563,147.59370313284194,142.20546720470875,149.34837089489216,34.398604127173435,149.81841529907317,126.9421209181167,Squat
163.45362948889635,178.52925845078474,178.6340567390779,60.55118692125033,176.0824514259771,39.18094960117848,174.63420321579156,121.87936685574488,Squat
163.6402528193396,177.0591280337038,179.2159834551437,58.06699147262053,175.70868846615184,41.07660734879095,179.7577696503866,124.1957181217672,Squat
167.72772673191082,174.67268972174304,174.0346693263597,55.86110313205089,169.62325736280064,36.46286514162944,178.31595351713187,124.36508839197666,Squat
175.52966699876092,157.19975154500565,159.56521315921734,103.96254274042344,151.34561546938056,34.37888581848231,168.84485310747957,126.989292459043,Squat
130.46496898283365,115.86106010330536,98.22653423032988,154.6731887134762,79.42820687100712,30.827157343767908,118.67459241878302,133.94920025969898,Squat
119.0626039762012,101.30403281516992,85.26866695244343,109.36936297129328,53.231680268801945,23.61855180221525,69.91621357667908,135.40244543256918,Squat
113.76952926170792,97.08386551513124,92.65234162080492,96.30394098926534,61.64335746550631,15.347348736558535,68.41059620174386,120.15183238421984,Squat
150.7854535603409,147.50813137986427,124.70129170989858,138.46690762552942,114.26260585766413,39.27756206065342,118.20034600282918,127.86180648571413,Squat
168.170623687968,177.9427404936948,174.3008876127583,94.22827007856958,170.81714249387957,40.223376895695935,167.9237018703447,125.1473491516613,Squat
162.28839294438697,178.52351449110344,177.19659705458125,51.95689200123193,178.84873357896984,42.767831902460486,176.76767659530995,125.60156037439646,Squat
165.56595244675367,174.05479595725356,175.47028186565586,49.389961408255395,165.77529404532098,41.78710396817538,171.043367056431,124.4816066581624,Squat
174.2228018200501,168.33969693112715,168.84003362511817,83.65368790781793,162.3535760144109,37.95367284450265,178.0701822048504,124.91230453341156,Squat
142.10659244801474,123.0003977317088,115.26983049930232,176.11803109922957,97.87607003281694,42.81228753438265,143.40782150287507,134.46634640027486,Squat
113.95513083900664,90.19734381450304,94.40043502664452,104.62440771852472,53.963068991153655,12.315227149220274,90.87298014981964,119.68111349478065,Squat
101.72556208088008,81.30414611727495,81.67320149232603,89.90241134234566,55.32492753338875,25.803583224144703,70.20814932889766,136.79592966720784,Squat
133.52456595634058,119.70338051091022,103.48201308793745,163.41191808369962,83.21158332155804,32.79309159234608,117.89622764278158,132.6968393934045,Squat
170.6551300280433,174.5289928405907,173.70342324147933,139.7020751561266,174.35933058460833,34.598950903622416,158.86835480451592,122.45540065511574,Squat
164.36694129202849,177.2850138868131,178.68494573287407,61.559525985154835,179.53074671734484,41.79523799801777,179.02841040034338,125.4771379031612,Squat
164.75969017557895,174.66088713556138,176.1338783938235,70.57580393095296,169.4050793559957,37.372359131286,177.6811989903249,122.94770682065273,Squat
174.74296779682012,167.50020057868224,171.15694532966336,98.76191437005608,163.1252583006128,37.495229062577145,163.00408417377128,122.99060973460362,Squat
140.24044777805145,126.81704892618366,112.19310993331727,130.59525117470037,97.34597964560574,30.393084833947363,124.31613148747624,131.85574146669367,Squat
102.90414621689833,88.70280085882018,88.91478010378324,95.7443322118402,59.10219673106652,14.63503873316438,82.44803655137663,125.54825053122228,Squat
93.3388052686068,78.61354455753481,74.15468572293486,113.73024674427673,49.364848630800985,23.681446491020445,103.55257163517656,133.41664094804767,Squat
123.66716265412694,117.34156123109892,96.58859482819992,116.74534347199688,81.67017728273287,25.836440326915746,109.67181193902962,129.6275303962123,Squat
174.453949367762,171.75026529405338,167.37194926934131,132.21458005399862,175.3514146407946,35.84202028852215,159.4500870114109,124.9393859668275,Squat
166.88696531978476,176.6415570992403,175.70537758606122,57.038524273651674,174.7993231036298,39.020032431817576,173.02879649708964,124.87567545650649,Squat
167.18179303924433,174.21072536769012,174.3783932894427,54.40974371304699,170.45218870355842,36.68921287304733,172.8266505956658,121.12174394554783,Squat
168.89846923261777,176.24214576357932,172.68868990055043,52.50481665993215,166.734991982069,33.29077037988029,173.67018979357067,119.9885421169952,Squat
154.66730626182954,133.61040253253492,126.10991990899038,117.38699874798895,108.28862337589524,32.39430296849536,169.47183554513686,125.19137058638802,Squat
102.21184207820852,80.47101998516652,88.45601369057403,112.50306249197848,54.69908701904393,11.274370934782368,91.04840342115804,122.91340509035244,Squat
95.04467807865312,75.75327323051707,81.29944101661516,111.58168156744266,53.47769163883695,25.2140373375285,88.94742881088096,133.69361846612586,Squat
137.32042740352443,123.87836402430544,107.9370160192586,148.95263128964467,96.05188985608278,40.76599912377325,129.1456205579261,132.4282263135744,Squat
173.55856982976354,173.12734374533298,171.65682754374583,64.12535469572161,169.60978191935024,37.673025035162865,173.15499131034872,125.44160728416114,Squat
162.78116870819653,177.69113899832888,178.79716399864208,46.01909947344137,175.07939340847503,35.865843486340225,161.58274283931055,117.15555178749176,Squat
163.26890730420143,174.78688384852074,172.82049576871373,42.78288530304235,163.74359835686195,34.92566850139722,163.20887859376575,121.67798649809151,Squat
169.3724571766394,172.31395559821644,174.15224108893003,64.20607325282975,166.927397016482,33.300311731699544,174.1466248500113,120.38730982644933,Squat
150.78174169307746,134.94415532528657,120.28116266004176,144.51898736526516,105.00332799373764,30.88571457724958,179.0954090533753,129.09099518337,Squat
110.90727683625624,92.57428953843484,86.92959631409832,136.42571327525482,53.832984161951615,29.36645789589145,113.70291001510026,136.38774524844047,Squat
98.98638625372696,79.5085164257886,78.89382369044966,98.01168938982494,48.618830050489315,27.887635081235313,74.78385793304946,138.75437611714037,Squat
123.82385153366673,101.48176235502189,97.66984465639575,144.1700422257138,69.92455600900456,19.148760475713427,108.83343547292792,129.4634766262304,Squat
176.20861765811165,168.59815136265655,165.15401440691525,87.07191407720188,161.45529323325337,35.414132410298635,174.9266260502575,125.01279585239509,Squat
164.19221533982406,176.4117829020597,179.7650546308759,52.42250360123222,177.92086650637225,42.81266663217773,171.15394803510864,126.23028905930757,Squat
162.1867625790649,175.51847342659624,179.09815271250378,54.09094583032281,174.35283146328698,43.35520119215417,172.90977659305148,124.28253534579142,Squat
169.2176294935979,170.36800861998913,175.11640897666135,56.06118994641851,165.72292981801013,39.77856161092479,173.79735515770756,124.52451177073536,Squat
164.94442297067832,150.90196887747726,140.9213895083,167.31689616334165,127.94666529727648,31.08015478219012,161.21010936652405,123.30962367043878,Squat
121.08289189900177,101.15739121361,93.8485123416554,149.20603287260613,75.42245699397687,24.868143586760407,119.91351144255395,134.22590742089704,Squat
117.90458109439548,99.65895131604394,83.71424705932913,151.53544967489768,50.7826643449667,24.040384206710428,113.27630499125058,134.48733593417853,Squat
121.33593380466117,95.94478252700856,90.69143949055422,127.71840681040892,60.27620432120096,24.86774440383417,108.55490478478409,129.48266731333194,Squat
171.27069174238397,157.47503209622505,149.89280712438855,91.83450844996048,148.812591256303,33.13248618235477,173.7078530144335,129.19340345567534,Squat
164.07591143658357,176.52078279718503,179.46583146476706,44.33492229170559,177.60332585240258,37.38134452504834,168.42685996646028,121.97799461215882,Squat
161.89076870666773,173.33890651600225,179.73069142260712,41.56607990440116,173.6164166391431,38.53772840794315,161.72411461556294,122.38843176758326,Squat
163.86201485663085,174.23684894364052,176.47419200643188,44.73786544767209,169.07259218921442,32.65864735711148,165.42227035366142,119.3781096778722,Squat
175.24210023258004,157.52327500551087,158.4078856615365,56.190423919898905,154.49080664023978,34.99412106577641,161.1814987906144,123.49225238066948,Squat
134.86665328525308,110.39298719093266,102.08988403981137,98.49954759347396,76.5053860325044,24.53379183719928,158.81950571567214,130.91418365948658,Squat
117.275918243469,86.29497169816021,78.8556712186417,20.773163018734785,47.67368559903129,19.18317388603382,59.22021107032669,134.36291617303277,Squat
118.0467596557468,94.94709344673288,81.39208211999642,59.09263488822463,51.795332473993646,18.33362402832287,22.06783044718116,133.09466838308944,Squat
135.19390201797856,120.47019995466694,105.11379482640746,173.87953916360112,97.09369899115104,31.0813782662893,170.99640373826827,130.25001196287846,Squat
167.86089236710995,179.12131407768268,173.07500537816065,63.01340620861886,172.23881464903835,38.52546069108451,174.42202338566588,125.78489816262967,Squat
162.12579809092313,177.42769789252483,178.3745874454316,47.88376568545236,172.10191032076918,48.29238831984583,172.52963637565875,126.62649459601798,Squat
165.27239127181005,173.6291815368504,176.90233372049497,48.802278983664294,165.80182730673573,46.32058677633905,172.45761411290184,129.0742354802293,Squat
175.65009588693212,167.72961310097708,168.671582525332,56.61714020415731,160.47418328530316,41.53756292248677,168.70881345233084,127.16818244044724,Squat
143.54195724437005,127.21620201320368,109.52336322651706,123.56565317908704,90.55918889127274,38.797370888672006,177.9747121631753,139.27251924184517,Squat
116.57221240000052,97.84262602468462,93.93995571917634,126.86429367346528,50.888328509870064,11.733771641674352,101.47400590238196,124.8462528996491,Squat
115.3751494162112,92.89002289556612,82.83641293695774,107.63381111902642,48.27601397262693,27.72666277022986,80.49940195222236,139.77211554813826,Squat
132.5355155226603,117.68768434301964,102.75511621745352,128.58291771572038,85.27247287635284,27.60516052375927,170.23657383061908,138.12882949742396,Squat
169.787912030513,177.2348946766777,170.8054852557917,51.599355340255336,167.78677547583388,43.07542978932928,171.02826586732917,127.53708242513588,Squat
160.75189640044383,177.78972281669328,177.25968912851187,41.037469279596216,173.93766292058226,45.725276294726584,165.50788410850276,125.84672223469252,Squat
159.84391903989484,176.43726954168295,175.33533364422482,37.96307306809671,174.8458983864165,48.44796991642017,163.4034334741817,127.14494555288968,Squat
162.66510637134533,174.72831693901892,177.85130668501418,43.57836162155476,175.5540524735678,41.451771482769,165.95245236309208,124.59864089241528,Squat
170.30916629908322,151.2134440358311,145.2497822238341,53.61912453046532,126.50776741244256,38.58827728505477,167.09844363135556,129.91351957372586,Squat
124.55659832921498,97.7106965274128,98.47073680330703,168.26696854082277,65.96782298947875,28.864553314637643,146.02337806824062,138.2128123854774,Squat
117.89624587409476,93.5985668802119,84.63434980020378,152.40401706676036,47.65024698727402,29.43513260464106,113.87819783202517,139.37697916262582,Squat
122.69810111562794,99.9820375094082,94.8322636342773,124.02010213972484,66.5201260740583,34.79007576968178,100.0143859394493,136.41555146052693,Squat
172.32125026460326,158.12728081142086,150.93325076210238,94.8292176972572,144.4283961113112,39.54633802903326,168.60752082596636,127.79801338431932,Squat
163.8848141581591,178.53933390896017,179.782402833172,48.70000145775288,178.60174442689342,41.040118229237734,173.67427106782716,126.50633750319896,Squat
162.2231846862402,173.7689348631891,175.426590234554,49.8304343766484,177.08895394221082,41.795942025607005,173.77044086149394,124.11072601370992,Squat
160.70554826050704,176.78823884653994,176.75490618870586,49.57721509798476,174.39630873070837,42.21830659472465,175.30956012196046,125.17636886756262,Squat
171.61745673768846,167.5442967935011,172.12798706518973,61.79369474644075,162.52579911417882,37.70238479907866,177.6847118554791,124.41748303801106,Squat
144.78211700772545,123.61742602595422,119.7151145193912,163.51080125458887,100.33078789410948,36.23966629105874,163.43545087136977,129.8080952215805,Squat
116.2419792844045,93.7625396817096,91.96624758569816,105.9014114083026,64.56353044154058,22.094653064425557,83.15914611943214,128.25609152901873,Squat
102.71769922603085,83.5870839152123,81.98061625228405,94.26693618709643,52.25267317573406,24.594487671118255,76.71693767676533,134.17926159739204,Squat
131.7742693629016,117.86554513506915,103.37432482376062,156.0749608444821,84.14111137636746,18.55496520797652,112.36831648690654,130.98347652155044,Squat
168.5181584108137,174.9691070849813,175.63100555269492,50.72995465384068,172.50930679382645,34.79813572268898,173.70266572592772,118.85634146996529,Squat
162.7183287158977,173.49359914295994,177.39941413654358,46.44740009516452,179.64248990936633,35.32062655201314,165.84152046684545,118.25766250637824,Squat
164.28917603355276,172.90238087065148,176.2502820227615,49.49463888825717,170.18945766143435,35.39947012291715,166.36896108713685,118.79998758355003,Squat
176.94733553136453,164.45938278255335,166.44050806834082,59.58516264104205,152.9216385789255,33.60747126060012,164.79607703612186,120.852842067755,Squat
135.68146778815088,113.86715489523188,107.91231691041844,134.19399970402938,90.45301335948736,30.668217937908615,173.5598262973398,134.4604803990865,Squat
110.8951497283806,89.82131365730586,82.95616321841226,93.7004404245328,49.55823457925084,20.086985018032912,62.135055759157375,129.26491085326035,Squat
103.30059303423452,83.86861413479622,78.88598486286031,126.14029843947957,46.67704678913201,18.02820921363085,91.90914361539888,129.7790225435663,Squat
139.50887681819944,126.22819136029035,104.847270867791,95.04023647497009,94.51720874807852,25.23478724930475,123.50007369873084,128.72694996679738,Squat
170.87111187625746,171.07609132520938,175.0521568031174,54.166093390023704,172.28909922097003,35.482620359138615,167.8147506388151,120.8346252263419,Squat
161.94893122908616,175.14119364481007,178.1687129120788,47.20091007218928,174.32948283387185,34.93995295269579,163.73950682326108,117.55989439942104,Squat
161.90869351263854,175.5912408885445,179.9092754948737,50.204496703538354,171.09554862473465,33.380869269159874,167.29789324688403,116.5518660480762,Squat
179.8123601530012,162.48139743610085,168.7933487189619,69.73668910347676,154.12683169047898,32.54812360211387,177.25150100879478,120.23002570767818,Squat
132.3496690322227,121.31698397809778,105.4139948823827,133.6762293296825,88.61525249196251,10.251961774587429,89.71835294159933,120.78064077302236,Squat
105.95282980578324,93.1772106148668,89.79856474718247,83.85606133326742,53.50639826063246,17.174306001203092,72.31808372891908,123.41798609519948,Squat
94.68991538843756,80.5190475889501,79.70447827921402,68.77393463652419,55.34783290389377,21.846115954368173,44.380373751171135,133.03973327436267,Squat
135.55582771244377,124.94184919565166,107.7265844218615,122.59924593135928,91.99438387971225,35.661623803393184,104.8926093320218,126.35058516531114,Squat
175.94444105172246,168.40464202122496,169.0503641554527,46.71249003828224,168.0043718613552,33.91921138194854,170.22836841503502,120.9934817949934,Squat
162.96923300951295,174.94602347437478,178.726706064739,43.39267004550043,172.11510257588802,50.29764647202448,174.09492986451542,129.73706795828488,Squat
162.44848412906887,176.86313582644436,179.95992428668183,47.71021216214171,174.06053519164266,47.054895528412814,173.16626069480532,129.57858217477084,Squat
167.91101974205048,173.375443338162,175.06533553589747,41.548523853876134,167.09921721523747,42.49565934013425,163.45027201435866,128.08782964882118,Squat
154.54156051708807,134.1044099997966,128.03957699335442,152.88258305532807,104.55835029195704,43.5412300099292,162.58617304147495,132.07434047714025,Squat
121.13350505882276,97.00578286688288,100.3349998775015,72.40925399109757,70.3372056451393,12.181115364255994,49.69062931520747,128.49747307750445,Squat
98.26510950815026,82.0485735589379,79.9920210495331,77.95356563705602,49.67632825023882,27.45694984772859,55.92170683706863,139.2622388184001,Squat
114.27028646690864,92.69709539359194,94.81453070425896,90.20531898823114,60.96801292405278,16.997738701980172,60.00917949384974,125.78866412753334,Squat
167.63561451714264,155.2174321175049,146.6371100055661,95.69190069475408,143.97183720366235,42.08026790040635,169.2299290025846,131.77144577990543,Squat
166.95343503632049,174.43378335269378,177.6886683509275,42.95543402270455,177.76961908719133,38.43816837560941,168.09821047987603,123.790737873082,Squat
164.71456022491378,176.39818807804576,179.74194141655047,48.374363832572534,178.5376193854962,41.708507263986995,174.17769258821966,123.38254465380118,Squat
171.4722494478009,169.26560958506275,175.4308116674043,50.64529306069392,171.9185784967329,40.25688433685654,177.60403669797066,124.15861424947067,Squat
154.9760016530235,135.11164213588955,126.10322177057309,136.36134471954918,104.7712546254051,44.303883709418166,168.69457133155754,129.38318619505898,Squat
116.42482465318744,90.19676744203866,92.884601546608,117.03063867400684,56.686936197828096,18.182038990132675,89.62777056826906,129.9389837992922,Squat
104.24246793959776,78.86264623845535,79.47833286654725,76.538520390336,44.40043012189867,30.180941283164817,42.367563293955335,139.172507732268,Squat
126.14518001771674,111.86929713210978,98.15620758100886,163.4597164585472,80.71919303334003,20.399295045136256,134.68966266783997,130.98002185346812,Squat
174.60719939860928,169.08813019986334,166.779262865401,38.262468580374424,162.62530440459207,38.884315199923634,166.1983578548819,126.9407014057108,Squat
165.1532994125779,175.25100846610349,177.45764648263255,41.783822538431075,176.68054765887112,39.589187951448785,169.59612254144733,123.0819416105572,Squat
169.72019481693746,172.53588473063536,174.00310974610983,52.47332839413495,176.48491084813003,39.25296931710111,173.12561985345826,122.66686869700276,Squat
177.29435624528605,167.3643361252156,168.5047713314612,55.10672601851386,165.97773452656097,35.23074883132644,170.9526254717131,119.98298335898232,Squat
142.4421719718329,123.94725618024349,110.36995403489274,114.73943121621063,96.55307935089338,28.84277433989214,143.69279522472155,129.52312967870284,Squat
108.3891002528342,83.87286517380964,82.14905400747818,81.18429330122615,52.81839942312313,18.156955365623837,51.56722325294943,128.51291960247897,Squat
103.29553031701796,90.74995983918156,78.26046438481711,55.68238926450833,51.129767351949695,25.002823081644127,13.506071474212533,136.58805692805632,Squat
128.49659570074922,118.84251019959878,100.25204751661704,149.1795501739758,86.59356695198653,14.912325114313203,119.10659569061542,130.392853499489,Squat
175.1655278890626,172.80777177766257,167.08818703780355,60.04231158054799,168.37129276064766,35.29681340301135,169.52709930301094,125.19228415111112,Squat
162.3608883252261,178.42676185221674,179.31919143600237,48.75822048397808,178.8777909614853,39.03494526159877,169.15518400592376,125.938805334392,Squat
165.08872119518912,174.94312673529456,177.10300489305445,48.36962411598116,168.4880690237584,36.39789136699219,168.14269505686005,123.08813471637362,Squat
166.818326701103,144.4198857296644,153.295461219338,98.18161106748327,144.3108737626828,35.249370638543,171.57077439749676,122.27908897873957,Squat
125.81805967092728,110.18380898437034,100.39223477981768,139.91578879830288,72.77948312570989,13.043642207639918,108.73107706562251,123.20669785464511,Squat
96.6198236430106,86.19113865670639,78.4325570235099,65.74240798680047,47.77115015726342,22.884155249758813,36.44300381972978,131.608425556874,Squat
109.49426381912934,96.4246113423852,89.8628642359705,112.12901136302312,60.32191874565543,16.88180216703996,99.53675283637877,123.97035356658338,Squat
167.22491801136195,156.30943706692415,142.02336225507082,63.51759229679629,139.47603903366976,30.657793858118033,167.56609940042458,125.08294307883594,Squat
165.15389645841782,174.4342047544704,176.8293114767557,34.749426389452424,179.67825917887816,22.63136678752303,105.88251693974176,101.51320765339192,Squat
170.38130570619208,166.91905992724756,168.75339099806777,170.574628963453,160.59755037582647,114.2371717662345,27.848641748198578,9.15476809554912,Squat
169.5122552682324,179.2922790050284,158.17319260240996,169.59693308255797,165.99581773849178,174.1746631718526,33.63581153880133,25.34082738715984,Squat
170.6128352796809,152.4276562073443,163.9661442297341,153.8853938539466,168.85241778781605,165.0924067899897,26.91668639082434,42.97715741478693,Squat
144.476195712481,134.75168278669335,170.68050108110927,166.3985660097839,177.30243766852303,159.89068901207264,13.958074409566988,52.02009241128257,Squat
148.21686303818166,167.72222492583313,175.58917872073124,167.238046215465,177.71703745300667,172.27875058327368,22.50899788739393,49.378774828390505,Squat
163.99970067940302,174.40693215682933,175.30906412229783,158.9216588737522,173.55006222416364,178.63864061663003,22.20117868264522,45.1336132877741,Biceps Curl
170.04722142140238,168.32710629900944,169.34168048653288,155.137235463642,171.5605055294959,173.70942681248053,14.950595683967824,34.7932994511026,Biceps Curl
163.01507970031207,159.28364191690113,164.91359615154477,164.34200043337333,174.8857144676726,177.83977858959028,22.16706019803697,28.95204453814275,Biceps Curl
168.17818795709977,174.16690058613727,165.1150152330228,173.75551268623454,173.20259766645955,177.6776980269382,25.383861369350903,23.116751653105354,Biceps Curl
172.53513953342534,174.28541235627736,159.88722903556086,169.10298144994528,167.72532094047097,171.98481816328908,21.0640604399839,25.27069141638381,Biceps Curl
161.9765780754052,171.25192320934025,165.81331619124109,174.22157242587008,174.7690943825205,169.8421576912001,23.556688231915217,26.910092631131853,Biceps Curl
163.5405507158367,178.05997320088346,166.14006394607446,175.21307885563445,179.72985340374916,169.73717665497696,30.676852731195066,23.03698516163485,Biceps Curl
163.13256010711993,179.3642277096112,166.8099211568885,163.1696414333605,179.57325588748597,167.31986809054212,25.201614926204627,21.40241205711873,Biceps Curl
161.04145817435835,176.28473016489954,167.90836118418835,159.68730914979224,177.73986678200225,162.57563880571857,24.883743032205505,26.49237180141115,Biceps Curl
163.59821041765684,177.10417528386267,167.5935556811923,32.52645558596741,176.7760592699553,51.035908606226194,26.998782124627077,27.386897072011138,Biceps Curl
161.64690457374712,177.58311150100891,165.58430776179273,14.511123497461488,178.26008120255108,20.69753477406563,33.04908053858567,33.740245712423224,Biceps Curl
158.88962047230723,170.20180789758336,165.76445662237754,96.57986919933208,178.523845475919,71.95894425322479,25.90722877552084,31.469567276237935,Biceps Curl
159.2284452256924,176.09282612701708,168.1980149717556,156.79136070651444,179.28384488498222,157.53269836672567,24.184020334593324,28.60823431059687,Biceps Curl
161.37409625106383,176.87235894036957,167.3099300643389,162.5497644855562,178.2494393946532,166.95592568619884,26.68311320948965,27.77121999937715,Biceps Curl
161.7415365655497,174.18334121931468,166.4512358395992,162.32513673241456,179.52122174795684,166.65316268867937,27.92688425808999,28.01560569630779,Biceps Curl
161.97425059811587,176.0408516426838,166.63510131951696,68.87220851737578,179.08221554738424,97.28146679547788,26.38626114360245,28.32079422563195,Biceps Curl
162.07601036896725,178.31735498013444,166.3810470120466,15.982916168263138,178.27855988653923,20.175676013058993,31.504589552600745,32.82868078604666,Biceps Curl
161.90864839615972,175.8991009721757,167.22688468657233,22.68241692140482,177.6949726934761,41.39034401442892,31.145155850785464,29.365366280884647,Biceps Curl
162.73600679904496,177.11800286520776,169.05786411976004,152.18010479345696,178.33114343812443,139.3177884580513,26.916236913395583,25.318844848674143,Biceps Curl
162.5286757317955,177.0653674430279,169.07171674861334,163.37610966899635,179.22925438958518,168.1850074706867,27.86668460728883,30.203844078743053,Biceps Curl
163.02978179871772,178.11057261764935,168.22060442441168,164.95705968745156,178.77295869379483,165.52582711797467,26.64540604742637,27.320603723526993,Biceps Curl
163.95783686994224,175.01263267378678,165.22053744693594,150.22731210549185,179.19092087944395,153.2623081514336,26.85395143186421,29.375310942443377,Biceps Curl
162.30473429448594,175.16480790563529,167.63302698957338,23.98007057497174,178.61491836785973,47.75570932435301,30.64400305661435,31.301153716498927,Biceps Curl
163.29596437053664,177.33979937012583,165.45564224879726,14.09366744338147,179.76545156572493,18.820896765652083,32.27002947247093,31.42192206705475,Biceps Curl
161.9945151623626,175.98150479829476,167.87546761889448,89.04161212581751,179.15695934122675,89.71161733282473,29.023109580110916,30.422855999816782,Biceps Curl
163.74568405913303,178.18055168215315,168.30160586502694,162.24399551780513,178.92096075842252,161.21053649012995,29.72531818937409,29.444378262822536,Biceps Curl
162.8618288149524,177.30874983369344,168.9493923186598,164.91607116496954,177.0763761972203,167.1366245742945,30.131744020943824,28.859862800483985,Biceps Curl
163.59917984722156,176.963757521432,166.23687604159727,160.9756249603899,179.25112958505682,164.30422539705847,29.237937490599435,29.492569956672824,Biceps Curl
164.33924854308663,177.96275389589863,166.36303482441306,76.17300344526319,179.36553979643006,94.89041892270892,27.974664641170214,25.00225422822195,Biceps Curl
164.1631251377091,178.74663649851337,165.23960416018792,15.772537331491892,179.25713137330283,18.537159971985275,31.636394633333392,31.91609585849194,Biceps Curl
163.6829053731579,179.17656429012936,167.37001524137426,32.336353843608066,176.8712527274447,39.84918234172325,30.12561210068154,31.45488621698931,Biceps Curl
163.0120025616793,175.3848425750558,168.74424916372183,158.59482021223306,178.9862232029864,151.86664700460898,29.86900216385173,27.78080640082636,Biceps Curl
161.7894794498054,174.4151278802018,167.35158126062538,165.4911652436417,178.63716214063004,167.35328497426946,30.238718805361938,30.122969172675948,Biceps Curl
163.952509019088,178.84028933919373,168.279071257196,164.44310646357874,177.65218136528506,167.38358730259938,28.176866212251305,30.21901265327601,Biceps Curl
164.14488873758833,177.7707182552033,168.69950343148017,146.19597330301366,177.77503221793776,151.64952163739707,26.291289020119606,28.194091142434864,Biceps Curl
162.15068428636604,176.01374344094856,165.75888268693245,17.651917929985835,177.41997875310358,34.303062094673095,29.611604702733977,27.41820716191571,Biceps Curl
163.83688778600276,176.76280325005942,164.49399900267164,6.509715362364216,178.43255304208617,21.54629601216596,32.57424641229592,30.925135044419623,Biceps Curl
162.4304331964832,176.97398170728445,168.27306117853166,146.59638955722198,178.8749246501448,117.7851283705559,28.876606684684532,25.327468023641067,Biceps Curl
164.7561867050638,179.31193615626333,168.30923515015883,163.7350037373765,178.43790482586982,161.1000293425975,29.487676447506352,28.487056538664575,Biceps Curl
162.64493403712947,175.73637024983358,167.70995331092743,164.44365487380995,179.34736956009772,165.53063353201165,26.208435422416088,26.914379386121325,Biceps Curl
161.21928362483058,176.22018940512427,168.57577935478346,162.04284594736987,178.0777972542765,163.3643473325158,25.875809121752862,25.25486734372012,Biceps Curl
161.37423051131128,175.6765732952399,168.30348529245344,118.36679210068974,177.6036644089952,128.4128661182068,24.281127424700443,23.712872661902264,Biceps Curl
164.65115864563413,179.31308607102852,163.13953689409306,24.36469729793164,176.03607283386188,21.538111852830596,29.599939523098456,32.0577031120268,Biceps Curl
161.0462345936772,172.76871926005867,166.39051690003754,35.468861739900646,178.87877406853318,31.61837524464913,28.672278566095756,27.648442781060513,Biceps Curl
161.9868940010999,175.62156962056758,169.17379481243194,136.936258128923,178.43515292797505,138.37750303471012,25.87510408514589,25.130842892831605,Biceps Curl
162.3560578215663,176.3884774984097,168.94531130803907,163.21076655603224,179.0764446964471,165.93462538185338,28.4604040536938,27.76370758259516,Biceps Curl
162.9310869170219,177.4323153569237,168.55141270989418,163.91471174686296,178.04763388858663,164.75363662517603,26.917282672678777,26.140324917725252,Biceps Curl
164.75095949006823,177.0489810616428,165.85788348920207,150.35437359393643,179.1931722071678,155.8206540859232,26.862984570945404,28.41181352033079,Biceps Curl
164.0007303124799,179.27714709966958,167.6653028858002,25.71499133763841,179.11153854614412,42.61488970809698,28.344944805227698,29.738835029599866,Biceps Curl
164.08854985260916,177.9253654551918,162.65952639995615,10.682530356707389,176.798215399857,23.246239256254015,33.02791790476707,31.528373987476417,Biceps Curl
162.1918573976035,175.3253353495496,167.4136386517303,107.3913180567778,178.3780872833451,104.20904788572238,29.121059672647224,27.98066989775904,Biceps Curl
163.28911291013728,176.45583212518068,167.43630980855625,162.2209373647918,179.16341965084007,162.98092923201764,28.634890556607957,29.0506829462041,Biceps Curl
163.84418000097932,178.2972461584291,168.22112510331502,164.16487223486214,179.99437367825422,166.2029769158173,27.882936698835792,28.12944230872246,Biceps Curl
163.67273842977042,176.1795080472459,167.2368270854962,161.3480285858794,179.8581383258245,164.43033929698566,28.375012887120366,28.49561599206257,Biceps Curl
162.4410111843466,175.92663099012364,168.12757340076212,81.62834564950371,179.51338175707878,90.29012509452788,29.522562801370967,28.86755783869599,Biceps Curl
164.07234827821156,178.91709979696117,167.23729229013145,16.026525299010594,178.64593754087193,18.017762758569077,31.630331197708383,34.29384309833448,Biceps Curl
163.34916351004105,176.24759300158794,167.24864227906025,76.71476794649347,178.75081102788187,79.57320430139231,30.099093166871057,31.058485686769007,Biceps Curl
162.81750432653303,177.17320704244665,169.30894313693102,157.0994805829088,177.3531392348963,154.91838550439255,28.715452808844443,28.516728562867772,Biceps Curl
163.49407736729708,177.8802556295781,167.078302152847,166.43776046009538,179.5230952788664,166.21176181352024,28.059742492095875,27.103521387779256,Biceps Curl
162.1511789516997,176.4608773048009,168.61424967541845,162.19792715119934,177.87421873508987,164.36943594723087,26.69670480056465,26.1434361200479,Biceps Curl
163.53619998217223,175.9881830914428,166.86522737831655,140.14414980251968,178.91932127349884,120.57748689610077,31.97082081926204,24.07624845217333,Biceps Curl
163.42910862251605,175.74912585991896,164.8947852299419,15.317872683654985,177.24859031938811,18.65523897044341,31.37892196858436,30.730368299733975,Biceps Curl
162.75618639093145,174.80466078768788,167.49276802743677,28.767208891153743,179.66145093806605,32.115451767592994,31.39722004503231,27.512531229925404,Biceps Curl
163.5008542149895,175.677349411893,168.1026527487434,151.58788979623586,179.02259171146247,150.94348184101662,30.67399250661557,28.45947913106625,Biceps Curl
161.28886159367113,171.70079325679535,167.33195996820388,161.25235412160018,179.2167516339608,166.3533957736941,26.74419381496011,27.06775187413212,Biceps Curl
163.6082985762423,175.1740298646042,166.5652562783976,163.34052325519662,179.84403479260698,165.80177461730267,24.88336250747534,27.29689956786423,Biceps Curl
164.3171176104067,175.97897342193534,166.71086103167053,149.41450808219955,179.328988836206,153.2881531174592,26.880639013893376,27.414260744132523,Biceps Curl
163.5984357852687,178.2205304849649,165.75356051827612,14.040243646273163,179.31361223171774,34.80837041204522,31.82767907708316,29.468241506305173,Biceps Curl
163.38928606337294,179.14416970110008,163.74124990389515,11.481957967325656,176.57856657822927,21.617667355303787,32.816579482421105,29.265176513547654,Biceps Curl
163.3626503011993,175.88908938988078,166.52322964143568,140.3791827832739,179.62644703164057,128.2171019594085,26.083971385567175,25.184811409392704,Biceps Curl
164.43942946723422,179.97139090810307,169.4871195633735,161.5204723366469,177.1736783061045,163.76952875850864,27.872268678141644,26.90293130431459,Biceps Curl
164.34246675455194,178.78337367049662,166.9011081842839,164.38391970017358,179.13120132882722,163.54641516183548,24.333296854432067,25.165420458071544,Biceps Curl
164.82456872918206,178.6067863072916,167.7301844500346,158.6750147170035,178.06163626340657,162.72514814344706,28.01974186084721,27.323650669218218,Biceps Curl
162.4479473923032,175.56289243725053,168.15323659054988,53.95182870975954,179.22809354639722,68.61511514857153,29.351715362787104,29.12825517969127,Biceps Curl
162.79301794079095,178.66900290199357,167.68484999035635,10.795408735924008,179.89499998945846,15.790069139357875,29.58496581988655,29.56231318885667,Biceps Curl
163.2631734578656,174.69892878484384,167.2596966848746,56.19901124059913,179.4802146966749,75.69957487221389,32.84907664514997,32.28786912764482,Biceps Curl
163.79664864133264,177.00898679100098,168.40490889027848,160.56160922454876,177.74819384960207,154.90586407304775,27.80536715385977,28.576329911754616,Biceps Curl
162.7722658714569,177.3832877937719,167.60661761712694,163.66583691554777,178.85631475834376,165.6497941438127,27.588394239368775,28.13352118130477,Biceps Curl
163.0162961398794,178.5032807629466,169.80316074075157,161.5024989246352,177.6931467649338,165.98198810364946,27.21657005000352,27.573770789266884,Biceps Curl
162.66631430931756,175.04320337115723,167.5184405779305,130.31966751864238,178.8701921365743,131.78063707278235,23.25202695397388,24.530166356747763,Biceps Curl
161.30017445324515,173.88089493783298,165.69466894790978,4.751567241776388,179.18835655274103,19.672434897956744,31.29300776219088,30.255449486973692,Biceps Curl
160.97471382674738,176.02218642556787,166.47807491584348,9.569891521606582,179.7135363997291,19.80472348566018,32.1587303642428,28.28603621607973,Biceps Curl
161.9870654765376,175.59944796765848,168.56160277645245,154.89890537523408,179.4518322516731,139.15230033899388,27.88799637453564,25.90653051457357,Biceps Curl
163.94348452779417,178.7147971554662,168.02833868968543,160.84768179981688,179.69529594777086,163.0692496955959,27.323298534332032,28.714331345896003,Biceps Curl
163.42981624442538,178.08790682139045,168.46055374996277,163.45501195956447,179.3485342831612,165.8578078457454,26.56313686248644,26.98816713649782,Biceps Curl
164.23423685976272,177.8849860318008,168.26010756082314,159.9809663369112,179.1079441088301,162.98507170059833,28.33212392881613,27.700292083827215,Biceps Curl
164.20226812586424,175.72371360750276,167.94511442955627,58.98617259081582,177.75521669858014,82.79266394038507,32.32532128393161,29.0517036555381,Biceps Curl
163.49585126801938,178.10617701129414,163.57249573935164,10.291026923165278,174.95900137153637,16.04464790229555,31.03415583360464,30.53106915017432,Biceps Curl
162.93523188284584,174.4786370602939,168.18208654332565,54.83695362051767,178.42033444145443,78.96416601191716,33.62559820670741,31.493473212227222,Biceps Curl
163.80215226577647,177.81897643908297,168.1680828964166,164.44791319761927,179.45487437037394,162.7987822124815,29.56440914207712,28.550193720006327,Biceps Curl
162.97426906255038,177.9780374222821,167.84317357381738,166.43977599869572,177.9552336012174,166.0331598331783,28.167061745804613,27.881061369578372,Biceps Curl
164.26157023033252,177.74757347540782,170.64690210833407,158.90133960254943,176.39499217286004,157.13783429322402,29.71460041114056,26.908414620477448,Biceps Curl
161.44729839088205,173.86350871008565,169.36998953056985,10.647752769470262,179.97881723068755,45.47237653613795,31.210785091474985,30.78010059302766,Biceps Curl
161.77816880928182,176.3275674503171,167.39043315698964,11.90392522458358,179.97352326612418,14.886637142975296,31.054599872582997,30.95850265089657,Biceps Curl
163.9054509261322,176.18768752719623,168.83926246335898,104.75682592958476,175.9793616030041,85.36121403984905,31.841072954615328,28.927759906160997,Biceps Curl
162.96589589750155,175.2356023480383,167.31676569062725,163.5024276719043,177.81388823048553,163.05217735057704,27.713981588390233,29.613626060397845,Biceps Curl
161.75019933129138,175.649921055119,167.64228793363836,163.20527432301049,177.59881865390142,167.35426343395025,25.952579315325007,27.69477921718559,Biceps Curl
161.4702238426261,173.55162908850323,166.7588402982311,161.49872444503447,177.67596616044008,163.5455232776901,27.609477256308303,28.211277498515106,Biceps Curl
161.4241642362514,174.57989335020125,168.606226446849,88.88506083363063,178.0382672048427,95.21051866475696,28.158561602621575,25.5781522314182,Biceps Curl
161.8025203972792,178.58526109177274,165.66012162418338,12.963843779693631,177.59729739106166,17.137962247048375,30.873431432799237,30.867952340200823,Biceps Curl
162.95397566668402,173.5029745097007,167.48134664375425,44.099793118983854,178.89636578180233,78.77188169703436,33.240476963084646,29.79857800358011,Biceps Curl
163.51742684790915,176.65285781073536,166.80017491569072,163.7139167104503,178.1751250757669,156.13339978376663,28.216803219738622,28.066399437773217,Biceps Curl
160.80460661432895,174.96262173103554,167.21503782024342,164.86136212469506,179.03729885997276,166.11160977262827,26.76950456751448,28.17031544566095,Biceps Curl
160.57481253410995,174.64323069586814,167.7840659133542,163.71416197799738,177.36510220016598,165.15230091531438,27.09819257646259,27.522456268092185,Biceps Curl
162.31275905489153,175.4579436719883,167.4611119515459,154.0468986459281,179.80848220681378,148.5544715693673,26.05947166145216,25.798257919893413,Biceps Curl
161.64871565997106,175.5931668886116,165.03199934641717,3.8230112359988,177.09184256748534,24.59261149382935,30.183078928526836,26.58265196421861,Biceps Curl
160.5679185864926,175.19812435121017,165.2899775249348,4.506128027633799,177.32525336527638,25.983064009788276,31.768495153580982,27.444994343042797,Biceps Curl
161.8560437535177,174.6342131663582,168.30927165212208,158.609758330072,179.5689877780848,139.91144482836322,27.588437173072432,25.12012965401479,Biceps Curl
161.2060459378643,177.13937900591307,169.32956336177236,162.77436909975154,179.71005025586237,165.18265629219604,26.90091867791733,27.75718462093988,Biceps Curl
161.03763210517891,176.47925095803882,168.44425382483706,165.26545779355482,178.68758702329413,164.79211979191942,26.635463491268297,26.506969698808568,Biceps Curl
164.4337421759179,179.123137684686,169.52847645635975,159.09037656837887,178.91665535978683,157.17965028584004,26.51381015862055,26.24382758517051,Biceps Curl
159.73006766678031,172.97579203055844,168.45424601208578,4.823155717970959,178.89134157267216,29.523734229523303,31.370470001013334,29.352972840051375,Biceps Curl
164.17419041044846,179.4502377114603,166.19287850465437,8.02644298049267,179.23885588222942,17.438201563914795,30.475860755030148,32.68235249840392,Biceps Curl
163.17117194448144,175.88590257295138,166.93706013666846,137.8416992456274,179.6265697804168,98.22204042485367,30.402586776129613,26.94029856808512,Biceps Curl
161.55304601414497,174.48048580542712,168.46157467606886,162.7345366407633,179.21437378564434,165.0119358294709,26.138152945711635,27.561851168696627,Biceps Curl
160.4525140858462,175.05071511917976,168.0546371094163,163.39291527300722,179.3549110147993,165.09703157061386,25.96457013234675,26.160832496745716,Biceps Curl
164.82310387469636,178.07025720839258,168.83430176883735,159.0303063156667,178.9564392205192,158.97437449699393,27.608906619732007,27.811940546615535,Biceps Curl
162.23552570797807,175.06898830269606,169.1242150855446,10.53938619854756,179.6920487875496,49.1223583098159,31.03491951883833,31.18119546529523,Biceps Curl
163.09650573313192,179.9229017293082,165.3655285814814,11.548144622782132,178.7651200439596,15.72003705807218,29.840138174305313,29.222029323978635,Biceps Curl
163.36986472627336,175.02051506247014,168.29997421774104,64.09529329786822,177.6560734548103,73.08026678319614,29.83327505020591,26.667259255549663,Biceps Curl
162.11762906277315,173.13921419981264,166.8978474739027,158.26922095617917,177.01064245895728,151.21078296978592,24.721121978756603,25.562203345058464,Biceps Curl
163.7551654896328,177.66354791817474,168.67711772527815,159.53230706121784,178.8487660791297,160.68620299854408,26.779025138029777,27.51261547047506,Biceps Curl
162.4472875503429,177.0834295392039,167.83133183025885,161.4435880926954,179.93851739052155,165.69693251614933,27.243813930873586,28.70518449933391,Biceps Curl
160.59525893808936,175.9053891267511,168.83194066155127,163.59685713573887,178.77443601172357,164.9661286639912,27.13986171419601,27.48101941306463,Biceps Curl
161.5816597825684,175.04367384203115,168.84100800916363,163.30326790544248,178.0051284125178,166.9676267762945,27.080090777218263,28.321557846344145,Biceps Curl
162.6524171433493,175.3399086796839,167.5080581507193,154.59356698344726,179.45875258324753,151.92397240490206,26.515174802089867,27.2646443319355,Biceps Curl
165.54084980396968,175.89124878817822,167.98300240674504,14.918969795369687,178.61834499849576,72.28808412618945,33.5025747058741,28.868496435942365,Biceps Curl
163.66053904051574,179.53675587012785,167.94693564625848,11.06281125870247,179.28282586409077,16.523220326782997,31.207806647923853,32.35291101082543,Biceps Curl
163.9577547234335,178.78453848222574,166.4940790821817,11.064527812207892,178.88217818471352,14.84780537726395,30.461462267763743,30.376851886640633,Biceps Curl
160.45248248859568,173.71315544500524,168.53336868071466,10.557622100888114,178.76415419564844,33.39086520206404,33.25730543408677,30.03175205706348,Biceps Curl
160.02615489197652,175.6574593572362,170.23370157198397,142.10162541878918,177.51542542190026,143.34690637915887,25.988401081916468,25.172118729612375,Biceps Curl
162.3552510397689,176.126838893856,169.3365332428515,158.66566238426444,179.7150553264552,161.1494151584415,28.062205543810933,27.572285012901222,Biceps Curl
161.33570310569073,175.10999119853702,168.10976966518422,163.33028806593435,179.81733204352784,167.42275172797213,27.464841391445,29.223181340775387,Biceps Curl
159.6329209749807,175.04685323575777,168.70820549040528,165.82404983104377,178.28792056512398,166.39834350028866,30.00000396462397,28.440700926234133,Biceps Curl
161.76660045021933,176.2352464521268,168.4592288030194,162.63196192605892,178.4128158837472,167.05694971733328,27.75007437303205,29.102838370001923,Biceps Curl
162.78228459445856,174.88150354921302,167.8509751296213,147.60399113550844,179.31174944046202,149.44362167016385,26.023064096261347,26.878515341188535,Biceps Curl
163.50291571194458,177.0659575964306,168.97704804649447,33.26016502130871,178.4916035480118,65.65631580783429,29.946021356982172,29.069232565541583,Biceps Curl
162.33507206236385,176.75290003269228,165.81871617136125,13.621953911958949,179.27454136552257,22.109666004416365,30.282769591356058,31.71703636035361,Biceps Curl
162.2557062759824,176.78726446569777,167.4390589056146,13.410786325758233,179.33693903471666,17.604267358148093,31.897707028337056,33.53006272973707,Biceps Curl
161.7566853885564,175.2897083893817,166.8258801645981,16.5393954562629,178.0457998202917,30.00563380606922,31.782209513579613,29.458378566752884,Biceps Curl
161.4905821352403,174.23702501396247,169.42477985137978,82.22665189598622,177.7483642863223,101.40799656750616,30.582693898044607,24.81762887700721,Biceps Curl
160.46783591242797,173.57587619327225,171.6048246530552,152.7576215188467,176.6679339417191,151.2229828390904,25.758574177909896,26.63845169676225,Biceps Curl
162.60796680894947,176.81640614439152,167.82154563438792,159.03322280806478,179.86169378332997,162.16674624059323,27.65781841445646,28.540349513578935,Biceps Curl
160.5713159996143,174.88898991949924,168.3986016878952,163.3980656555433,178.51977553208815,165.343758432121,28.27214305569907,28.098954626825417,Biceps Curl
160.9461447662941,174.65556949910695,167.19445487617756,165.48947391885278,179.85092123943394,166.53795813381845,30.401601898684657,29.295716988500303,Biceps Curl
161.3105722644597,175.30825230219654,168.47853733563335,164.20315031683228,176.9473166691207,165.37494644596572,29.55245619590751,28.246997380147295,Biceps Curl
163.47818779936063,178.1552419560584,169.38392974099042,149.17198404663142,177.49540800004286,150.19060836622324,26.886321159877657,26.00817549854661,Biceps Curl
162.3670439971119,175.24129227781975,167.12302441415727,75.89159853343826,178.58964587737873,95.42805923830012,24.99194140352411,23.722108106403667,Biceps Curl
162.9466076514102,176.62173834586747,167.76962023277673,18.411052190448434,177.68010311574935,37.10600933392851,29.70676326786907,30.599724431401935,Biceps Curl
163.69702851236173,178.40867897976753,167.68106390030053,17.113110105121798,179.34993785623033,20.960208097770547,32.75858995297909,33.221465196480445,Biceps Curl
164.20089125460504,177.32361038803464,166.33848129377708,17.291577619901233,178.0155502985656,21.109288268600977,32.008276898181705,33.360541626893955,Biceps Curl
161.02211311355455,174.6058197488507,168.83266394196173,23.25240506541584,179.07781742174828,33.93665634396094,29.96655483944464,29.29147773064633,Biceps Curl
160.8290716445023,174.8232713502161,169.29702267873895,104.5829443837149,176.83200754421182,110.05964890370086,27.922361671317972,23.308361299008887,Biceps Curl
162.1084978541971,175.36429717969585,169.41135738206492,154.575805916733,176.8232740554975,150.35827054762152,25.698710298010216,26.15751213743272,Biceps Curl
162.62569767514853,176.0841684537669,167.87708836017077,163.25340523870253,179.83949172573648,159.96677358343638,28.91378666816579,27.143991878788235,Biceps Curl
161.32776752169298,176.75795764017226,168.42220473993194,163.48573667230448,178.50744140252186,165.89157223375028,27.56169010344857,28.00177619636732,Biceps Curl
160.6795951481497,175.12510118296,168.05415130177786,164.4404707276257,178.70449280642617,166.73478643818723,27.649903182359708,28.24408612326619,Biceps Curl
162.26403206290968,177.40516952157043,168.14935231380647,162.88462345173832,178.16249220137624,165.91859878198576,27.836268488242393,28.08358142248361,Biceps Curl
162.32648520071956,176.9429161930934,169.2714661030489,158.5408762620419,177.90230773411972,160.54109137011736,26.536270261267543,26.470805554095012,Biceps Curl
160.39134898481896,171.9720025384163,169.50112156537932,119.14731188102311,177.52808991839598,123.2015545741308,24.361843821291057,23.76720736955235,Biceps Curl
163.2379314209165,174.96298298869863,168.68383707846053,22.006726114737894,179.32453626672063,42.93106882927567,29.666046504733547,28.014508515701102,Biceps Curl
160.340096469476,172.49870382537466,167.72308638724544,14.652451375822205,179.35593364797663,21.719241465481,30.659928510019824,30.514198057349443,Biceps Curl
162.89219045996992,176.4811588810876,167.38051573150838,16.38066415066195,179.30268092399507,20.510989762504373,32.69635025984335,31.856367967992163,Biceps Curl
161.30463110667205,174.51320769037957,167.0833978315414,13.849273273569269,179.9895658230164,23.94440402309614,30.32497703534154,29.947137237496253,Biceps Curl
163.26619766620928,175.68331044764923,168.95820633108235,59.739687834447565,177.7362671974615,69.00731272638691,30.519025667911063,29.57426091638773,Biceps Curl
158.80440238953045,172.3914529844205,170.0364958873543,142.33844843786474,178.10042483221244,137.3760293209137,25.908888584467334,24.411155727006005,Biceps Curl
163.69941446695154,177.56502782315857,167.97697429771634,161.2836706230576,179.93701721713856,157.77255437550207,28.89115356663624,27.757854965258883,Biceps Curl
162.0947134437872,177.84124059446734,169.275092835847,164.86068257519577,178.92797706338155,166.74505077339816,29.56535659148923,28.703958912672352,Biceps Curl
160.7100284657744,173.74645915778126,166.4237117699522,165.73864644357,179.6649077449253,166.71460396912832,29.819681457967572,28.812273854796572,Biceps Curl
161.82005217419737,176.7993252952583,168.32208190636004,165.89817040327304,178.7264855408709,166.6281908214879,29.679892680920236,29.35127089751124,Biceps Curl
163.40346463600503,175.5277323566436,167.7295365792573,157.3935292631527,178.67872324678626,159.171691678413,28.493840825135273,26.77380544570612,Biceps Curl
159.82555200874722,173.6364290652627,169.86175060831306,107.50976265079494,176.74643196289435,120.2928055582864,23.794066781217182,22.2261660344124,Biceps Curl
162.98487871749612,177.112523950429,170.11387393786524,30.25786539896115,178.48704515075724,41.942173924666875,27.57229798898016,28.6324472181648,Biceps Curl
164.08648802604463,177.53528271346963,166.0174347447709,18.39673337358993,177.330822468525,21.466495846901328,31.44188461154373,32.29848061593299,Biceps Curl
163.66454250782976,178.73577837006076,166.2372790319919,14.752125365230311,178.8066247344084,29.531989973979616,30.529701792212457,32.89985624791746,Biceps Curl
164.0865205215465,174.6267776674547,167.90188888834876,56.523791776529706,178.50300207620688,80.99842393030477,27.55307107686493,27.419548255201697,Biceps Curl
160.83605452103058,173.6370599740067,168.69130440072288,144.95323843709613,178.95828906194862,144.9543313106427,25.752177774622623,26.003573035799896,Biceps Curl
162.47282890822532,176.3078652484422,168.52547211175832,163.9186771084786,179.96619633211574,159.76283103248068,28.520988448102045,27.507418279704392,Biceps Curl
160.92775715443625,175.28483767416108,167.616564798196,163.86197552525493,179.50234136081346,165.11212218435253,28.14060756611432,27.602793842677535,Biceps Curl
160.74237534862917,177.29141658783456,168.52957648564762,165.25384022989772,178.510995580739,166.23418750664175,29.25607551355756,28.825615172109064,Biceps Curl
162.22777652705642,178.26508621009208,168.87765112887843,161.97146421061572,179.56077303377353,161.09805043967194,28.148365889414116,25.18949967923225,Biceps Curl
159.55395674948286,173.28285160700645,169.2295111189339,129.91372450742122,178.3601057264152,135.85391568941122,25.425869093761097,24.00098449672271,Biceps Curl
163.3381602453914,176.68821855993002,168.86197350988292,44.56224557723894,178.6626863377276,57.1410069101659,28.02777808490748,28.934774609442727,Biceps Curl
163.7940101742234,177.47927024263188,166.51881531284866,20.710094679525763,178.4657519435308,21.074742755443907,32.028928361883146,32.00262742566927,Biceps Curl
163.5469816196376,176.681169637195,167.01954479814512,19.760381061963983,179.193392626151,24.15608078240628,31.466154395969184,32.229704207965916,Biceps Curl
162.17009604336147,173.06615090048385,168.32505564499203,28.74757328026305,178.1447750681434,52.41698877820811,32.4837085127475,30.434989766011707,Biceps Curl
159.99964932498952,172.87898457017548,169.7103366748005,115.85626462259567,177.88559835662002,116.72633398803032,28.14466928337562,23.067225663349852,Biceps Curl
160.23521195566872,172.73521624065413,169.9521447959994,159.89079865799346,178.62456865555544,153.43245006571988,28.929254675131784,27.455634346696705,Biceps Curl
161.3104716966248,176.52195907835994,168.58215890491866,161.68618240714954,178.02632779711192,165.14820705299408,25.91079911204007,27.824480744149863,Biceps Curl
161.60929634452287,176.91422251696133,166.958400771391,163.54864819533552,179.96645907058598,164.8133741289063,25.30657922809068,27.395191526007647,Biceps Curl
161.03085046019464,176.329885772981,168.49391411577363,162.98566475196867,177.32968394130057,164.74843876751925,26.550152596559627,27.987671020313467,Biceps Curl
162.44716015548585,174.39400197683153,168.05293865967968,158.58687344714326,178.58514588752195,155.59458068229188,25.890910867221763,24.719118460118825,Biceps Curl
161.96912897486786,175.5697712936633,169.61610035274097,104.42357661482986,177.183039227263,116.75929099324446,25.273689455214765,21.67725947930637,Biceps Curl
162.03251175822254,173.17487610586974,168.2727916777539,28.090034276536915,179.60127281662804,39.97267902156929,28.208702214918013,29.4672640922262,Biceps Curl
163.54151409376072,177.2165411256469,167.50699195178026,17.452660681973484,178.90365629952797,22.575230367471153,32.876753714844575,32.62122719526867,Biceps Curl
163.66709720880542,177.5111249200107,166.95158967014476,18.646970322425386,178.3858371423343,28.74227204466258,30.45053340644233,32.56907586356029,Biceps Curl
163.36956501472716,173.7360405219964,168.7236567899605,57.41210769276539,179.42825319407203,81.32119128423918,29.446901408991636,27.195107127338016,Biceps Curl
162.5328853581585,174.1340215638731,168.12991974854123,148.93937972114207,178.02425657711115,147.83331189921702,25.06935117440877,27.034937670458433,Biceps Curl
161.83920106228808,176.83170362049253,169.12654860070518,160.0116742631705,178.19891051462972,163.32218462455626,27.992079118307245,28.69148674740373,Biceps Curl
160.3040794135649,175.48661274267013,167.3538257985725,166.03322252151673,179.8805798859149,166.1205044795835,29.55037914273051,28.495860523987655,Biceps Curl
162.32435580431763,177.17569619120988,168.00376567924016,161.9938972311495,178.95693377771173,165.19010962145816,26.54819064776325,27.205148807114604,Biceps Curl
161.72485516723228,172.89349216935966,168.11771384850346,154.32733127549815,177.9696555385377,149.0237219720198,27.08176311437976,25.326561928481127,Biceps Curl
160.54906934361316,174.57707878524965,164.81183753396758,11.839790821614203,179.9840736848518,18.959834828327423,30.13112462122495,27.34706557301231,Biceps Curl
162.70262706003584,175.57932055641407,167.9253863190359,10.655783462672176,178.81775896666173,31.132224108333023,34.253234380665575,30.45372234105212,Biceps Curl
163.3173944933448,177.55940642134811,167.93887789155875,161.09903359321447,179.45533243977917,153.2783642201927,29.43223575769013,27.166896529751348,Biceps Curl
160.6926749561116,175.0103951528559,167.01299561449403,163.0495443568532,178.26768047289653,164.92047373019713,25.533433242953528,26.938664143093767,Biceps Curl
162.07794544911616,176.57134325853042,168.43576368265352,158.36869911855655,178.71469223002754,152.19336255939038,27.694176229757375,25.72566675642145,Biceps Curl
159.5805543042526,173.57089239658788,166.87337639849892,9.535951662126967,179.1068262404059,33.06534010230531,29.022275321004887,29.46301314322379,Biceps Curl
158.55133132526998,174.12049019210508,167.2546444313185,14.87750922021134,179.88096089890678,32.39699618554584,31.815731052378016,28.671595190159824,Biceps Curl
159.6157150385393,174.20501655611176,169.07985409056388,167.8673072944619,178.72197252814277,155.06590019394412,29.318862134481623,29.826495949456497,Biceps Curl
159.16706653138553,175.02112470255344,165.54389012387065,163.94843229343584,178.19657198594666,167.2669608503265,24.948516973182866,27.68763278850643,Biceps Curl
162.28170014239038,177.6857712157649,165.64716055527091,161.89777131956637,179.82623435347332,162.454351937478,25.010764617332917,26.368420343937142,Biceps Curl
164.69677922074857,179.41162946830755,166.41084550586532,24.808338623633496,179.61533279261215,79.98032552904006,27.94384053189285,27.77592072372382,Biceps Curl
162.4712137726304,179.9805544033915,167.22757538261922,12.98677995044011,178.3376508371747,20.063100990977553,31.669606788763208,31.46066886952099,Biceps Curl
161.4832097871287,176.54808554965786,167.03063993409043,21.43058640304487,179.69583545028905,81.13069543408893,34.35521989013123,31.79296463108394,Biceps Curl
161.9230403292447,177.17041923072,164.69821926944354,168.82710422602528,178.5701969847023,167.8822550465578,26.056866857476763,32.94042404158024,Biceps Curl
159.3461441551154,174.57600865952304,164.04542169682978,168.49826749117076,178.11354884601187,167.70120687224482,26.188152965526857,28.08014692940253,Biceps Curl
162.03900580664285,177.78308918913137,166.02734819623535,154.96765832225677,178.78498494382714,154.29836074365735,24.050674771040903,27.947331386597945,Biceps Curl
158.5804673700963,178.12836704743984,164.81736211410907,9.916681663211742,178.86616022309215,26.159457985915928,26.8622603690379,29.15940923192874,Biceps Curl
159.94082865237434,176.3641262687921,165.47973249023875,16.28562347966693,177.7888814757136,24.06339946118422,28.07921633009683,32.46567749029689,Biceps Curl
160.36015209258233,175.86523659619075,166.3481393764186,170.97570121621007,179.85093952109625,136.62570459191824,30.30527711838673,26.14426711486958,Biceps Curl
157.90190661771547,172.84248990767796,165.9618551550494,170.41201852193038,179.5758491613263,168.36177612536318,25.816044500202697,30.646621814081012,Biceps Curl
157.87573487848786,172.5215833646461,164.34441357790783,167.51842884849276,178.05872322916122,166.3296464965372,25.712186719845064,28.69521139631209,Biceps Curl
161.65347636859892,174.765739289415,166.64029582048968,155.399027866248,178.28708338148746,151.3169325868548,23.925372227331504,27.830491138074706,Biceps Curl
160.3162482144029,179.04187770044626,164.5771015061124,9.679159894235864,176.59641527308884,34.26544810342811,28.869764744977704,32.36667888843829,Biceps Curl
160.07718027953254,178.91061404436493,165.48550992120622,6.040568811643701,178.60308532921454,31.05558015347763,31.89790169457233,31.9135855955272,Biceps Curl
162.29267312971572,177.08249768596448,167.30367123490055,179.98760144668927,177.9778430652958,135.9906388152806,30.89937638919986,26.928059915945717,Biceps Curl
158.75804706680586,172.37621582655876,165.62625690963182,172.26958275855347,179.2220142357495,168.0134697875833,27.89670115807912,31.059120486531853,Biceps Curl
157.68998776070532,172.47355333693844,164.59498336898352,170.1767604951009,178.23605745984923,169.02478647603797,27.051546961147267,28.69638488604307,Biceps Curl
161.59914349326192,175.29234681076588,165.54844331730854,167.94385577271998,178.76650837206924,151.35170829896586,27.965657193603715,27.01590036059242,Biceps Curl
157.80447207312423,175.10798538487788,166.82748421126638,8.03874553005222,178.31391303604568,35.68001899308777,26.683932591126464,28.892016509152675,Biceps Curl
161.8689573059991,178.2620550610151,166.89806981692297,14.104906212886164,179.65649047117594,20.7884554389259,29.50904733459091,31.875300655145427,Biceps Curl
160.7449061210087,175.83376509783753,168.53464454387588,117.7633774764502,178.14604971258763,94.26458455889488,33.85318598599778,35.689279629175374,Biceps Curl
160.70519689988927,174.92030505368118,166.087761604078,174.8350711796743,179.25109207684355,166.67735297572034,27.815510576352175,31.74431836071336,Biceps Curl
158.4724792538024,173.58992925540295,165.047248893436,169.9343712294088,179.5970548815895,167.1372513533123,25.843108855604857,29.033682127486664,Biceps Curl
162.23285745221642,177.77129405104154,167.08153996290287,165.9760772988416,177.07761679814087,159.11327508539048,27.82726296846731,27.83802951586831,Biceps Curl
158.8995336287119,176.15486666945966,168.96160793713375,13.00661779260457,179.53762448668897,43.28102658719183,30.246304691799555,29.651892287856253,Biceps Curl
159.72956984712653,175.50838209118024,166.63591978485226,11.355387299124793,179.9565568138566,24.003926849906037,32.979874119474495,31.23815269214061,Biceps Curl
161.869910621193,175.39023380011002,166.35065847948582,174.2746184703885,179.05009357668666,127.1928943612725,31.85063163337455,30.585054187631982,Biceps Curl
159.63983959420392,175.14811106256076,168.02470180298337,174.733399580661,177.13751293286364,164.86296672782868,31.60441784157485,32.59213999175784,Biceps Curl
160.5066893197664,177.02153870047897,165.82719126216193,170.79557159449982,179.5074468778727,169.19663132946528,28.97978732577828,30.577961215030225,Biceps Curl
160.89346179621202,174.47343817156244,164.99163636829948,172.17490390192975,179.46327620747576,166.96979246193095,29.756083592525048,30.603819457516384,Biceps Curl
161.8426459574474,178.0911354493532,167.9336694209786,105.92531020845456,179.87062496066815,103.3939976886357,34.912797759156476,27.674738688145677,Biceps Curl
162.91761181682148,178.56871902520257,164.96137302573655,13.204751723172642,178.53977586283972,23.52054202146271,29.7934339336681,33.31126242571803,Biceps Curl
163.3713679304173,179.2333516760817,166.73061137201373,13.295037999240924,179.3470697467272,80.17003617953772,33.758124615252925,33.81456080245294,Biceps Curl
161.79225141336806,177.93761741919062,165.97415404840297,176.7288496311609,179.83609329288856,158.45694180964458,31.191515180479513,32.378175237870444,Biceps Curl
159.92976041659068,174.40303819626928,165.42766185409604,173.50628071994026,179.4928681706754,169.55335110520392,29.504856714054117,31.08413767580447,Biceps Curl
162.26546269023834,176.83017983223814,166.6947035197043,173.07651608948095,177.72166146442697,169.06363825128946,30.805358307297965,31.50398054332375,Biceps Curl
159.63411420902543,174.92601747249162,168.22265894088943,143.07014231397002,177.0587580983309,131.89639834606163,26.87082946308051,23.92441416662268,Biceps Curl
161.69710227207148,176.61038940709332,167.00520454656396,13.460074558378423,178.87137066537673,36.07780290859256,29.643122601863187,32.43355931299864,Biceps Curl
160.5068367640252,177.92684904973166,167.08274641322586,14.27387994923592,178.40506402418492,47.42550265538858,30.68749114504405,34.854107400413525,Biceps Curl
162.57732314627842,176.35066696216788,165.1048473796235,175.8751676040429,179.3480077782375,152.14641890091866,28.12076016379496,31.188486041742593,Biceps Curl
159.63884412192192,173.3626081130465,163.95624932424994,172.91794185306728,178.19204535143015,168.17457896016512,27.364451096780495,30.63583288850118,Biceps Curl
160.9628938495574,176.9934071823589,165.1661098474383,172.16169793987137,178.66579404223287,168.13969407477006,28.727017832166656,30.29433490467099,Biceps Curl
159.37090616313972,173.8604294872342,164.91043843231094,170.20149084690493,178.0989992694614,168.33197298974918,27.7007537858768,30.59753110269594,Biceps Curl
161.89578016316267,178.24778944869004,167.26610761387963,162.63881169187766,177.50686025257573,157.06300390919415,29.922811352061416,29.73354519111726,Biceps Curl
163.80966446689104,178.3767938346227,165.95009914702823,31.482599546566856,176.96424871827818,69.47183921554449,27.917658937421923,32.19679517217159,Biceps Curl
162.2626964305743,178.18886974639554,166.58940992718365,14.822883341485172,178.6987347903337,31.81772551899723,31.420258679395204,34.85409971696036,Biceps Curl
158.3388467218821,172.79971775725895,170.07919687584484,102.59110165205988,179.01158486961282,112.47027088544866,35.65771648585605,31.789629483415233,Biceps Curl
158.70662184787363,173.5577838578741,167.4518350212441,173.5680268109044,179.8363944841458,172.26639640823157,27.47352816002401,34.97756875852565,Biceps Curl
158.5414603415685,176.31073206826764,167.5871142981192,174.2561152742557,178.25028905500187,171.9675351437219,30.85544843235096,30.38939263884888,Biceps Curl
159.47658867917005,174.0981014161213,167.8699921944586,166.14664662599392,179.4364713503514,160.1805196732581,28.252646322414385,29.22047353677639,Biceps Curl
161.5301897723655,179.52980373633025,163.77583561672944,32.86633283377936,175.96589886705263,76.46475616416383,33.42022707609098,28.374519447640957,Biceps Curl
163.62483582852417,178.5704714624332,164.85699333348916,11.961991992422872,178.75788380255224,25.216578691018594,29.682823633104043,31.797026819391863,Biceps Curl
162.49124165654572,178.84943860163077,167.18075176571216,75.52383329310884,179.47130835014963,89.16038594384962,32.63252240787193,32.074518221330806,Biceps Curl
160.2339445614917,175.4473373209309,169.66199438200533,174.3136507344213,176.78612202906186,160.28675309932223,30.324983536037436,30.93340172512116,Biceps Curl
160.15774391072463,176.26049122471193,166.57201387941345,175.26793436500537,179.1525110980057,171.1033106358262,30.456927456144136,30.222959430869984,Biceps Curl
159.97711570022602,174.56812213078467,165.85985025725202,173.98468492434435,179.4850740427067,167.7822250828223,29.369405213650065,28.84500306926206,Biceps Curl
158.82083421323782,172.9929269928382,167.80329715502938,151.85183801720106,178.69984375599643,134.6720606029926,25.991774082283204,23.205584497295668,Biceps Curl
161.6270353259475,178.09379542138174,163.2693450595802,14.675127504168064,178.51004781331093,26.81686046612656,29.65187081810875,31.972159093902487,Biceps Curl
160.39281035249215,176.0257879957261,166.78002939028642,12.8994492968175,177.7494555214713,43.99484278598964,33.9397553132553,33.58902016184066,Biceps Curl
161.39885743452044,174.47847496926272,169.01060907522518,170.27408158860283,179.14788270789384,146.927928254113,31.28623713072494,29.905399424976135,Biceps Curl
161.5254153433687,177.0721849289107,167.22968381358774,172.0943200423624,178.6221295440704,169.43309474537705,31.11021885955337,33.686197835229336,Biceps Curl
162.04200191327735,179.5665617493582,166.2715327755829,171.86610225762757,179.99763726353274,171.13885403478406,30.99262899808567,33.881401852151036,Biceps Curl
162.43489798260438,177.25886373087062,167.32063196239324,170.4826720519829,177.47960949714326,163.54880707216648,31.469383780600765,31.734276153088555,Biceps Curl
162.5496696580638,178.16758139850387,167.0150531345014,41.76813983913456,179.4103050721574,87.74146356415082,31.744342229267755,32.474136924667505,Biceps Curl
164.11456191176035,178.84292594322366,164.77142913539237,16.064395021839832,177.65365504888717,25.689815599632073,31.375388442132127,34.11572659268453,Biceps Curl
161.61768738292434,177.1895470686817,166.18255612203964,48.94614131968319,178.75933041246248,80.05733251060715,34.60472377429991,36.35134701967594,Biceps Curl
161.97424385388774,175.3420862852418,165.73394510611445,174.41097125474312,179.68910197624496,154.43259427546064,32.069224160203255,33.223162190536776,Biceps Curl
160.6722289915425,175.7785119840246,165.05653628680642,173.67349916507243,178.58256524607668,171.13791104756763,30.193266834445534,33.03944265838899,Biceps Curl
160.37931531363154,174.09812196926248,164.63228893162662,172.96418219640236,178.15696348604158,170.82136880986587,30.015275621392167,32.274977212897696,Biceps Curl
162.8055775290965,178.16302896304515,167.2970336793557,161.26931467947296,177.7374383173879,152.71889181273545,29.919031077582737,29.010070790925894,Biceps Curl
160.81205149545755,177.73309522274462,167.83280026718128,18.523680184143025,179.25644629113717,49.94945893906192,30.40134128374352,30.92295755243025,Biceps Curl
160.6857425835418,177.15695041699058,165.28521927701948,13.710077000091358,177.93075067316184,30.984305814184133,32.55858814285187,34.18635344662447,Biceps Curl
160.5405799426687,175.69508871323606,168.17126725824102,148.5199438174364,179.9744769006013,105.5868995120474,38.87197277526273,32.51760419061358,Biceps Curl
161.63651188501694,177.1007062194233,167.869487425386,172.15915880142933,177.01292425623,166.05720598454693,32.68852751264634,34.04078690741245,Biceps Curl
161.0351919147502,176.6273357197872,165.0553394632472,174.1538912214968,179.58985992476164,170.29846219677134,31.46728551612197,32.394622287153496,Biceps Curl
160.1468568782489,175.18752962694242,166.69862463025112,168.58482889918483,178.32489405776866,167.84173131600184,31.614432577083672,31.988849355927975,Biceps Curl
159.8681207954678,173.60918416365593,168.00240187637476,82.23841657786716,179.61760059014907,100.89047721208888,30.58736132293935,27.19946125108317,Biceps Curl
162.1630894288552,177.2470696042308,163.66010114797675,9.354443505916064,177.9601222623867,18.937893548895655,30.54136826919759,33.48421963884968,Biceps Curl
161.72874236987494,177.219045033333,168.21794466821402,6.094373169458329,179.16375118511652,65.23058880586206,36.36541640180099,33.797420753447334,Biceps Curl
161.95208173940574,175.31011196980046,167.5214364304611,177.06152303566145,178.41574301559774,163.20105536630763,31.76067510071331,32.57746739526891,Biceps Curl
160.50042774739765,176.58725800733873,165.7623167656841,174.4976886531763,178.8597857795315,169.79563898468766,31.427664807267668,31.695462582874544,Biceps Curl
160.0659023013676,172.50898327318396,164.86335537331885,169.54340211645467,178.82689066129217,168.71390323582338,29.12673183185215,31.018055062566024,Biceps Curl
159.14299249436775,174.3727833884356,167.32614653727768,133.05222889814618,177.27994018420097,140.82011109697413,26.48205916633835,25.799431240664212,Biceps Curl
161.8557096969703,178.81669653645534,164.75900310285104,12.828200381836895,177.6914265067773,23.72257495561287,28.683923560542382,28.427299410262226,Biceps Curl
157.47585355229214,174.4121455451598,169.417042739015,13.117560724688156,179.3478101597551,38.520907014926145,30.53276538845623,30.90114696192832,Biceps Curl
160.87580788697517,176.02104326816456,168.53577763284204,158.2757172290038,179.9435896999008,156.28763889489397,29.320685239693276,31.17708486205057,Biceps Curl
169.1496009722971,171.65687137939358,165.5045375727701,171.22250664052174,177.50605746633562,171.20696524269655,25.428018357300303,32.621279944869045,Biceps Curl
167.24772571991983,173.5261969168079,168.12870250653305,167.33182944132434,166.7339239430575,169.82662650410268,22.637946420878755,29.6237364143922,Biceps Curl
164.61590278551645,173.70161827335784,168.3778324348575,149.04683137297422,175.8849754272887,173.3141212074299,22.391579892443204,26.669201898304507,Biceps Curl
166.77418585840596,176.86927671902552,164.40450434295727,90.5556332399233,178.44993161048282,1.8560769459317747,25.346079839612862,28.401728177978764,Biceps Curl
168.02951781337012,179.910581555278,166.61550260774646,36.08782534081637,179.3828197092739,9.907424099586398,28.38355774812909,29.573127975995455,Biceps Curl
166.3904703403796,178.09028942282123,166.6862217032147,114.99943002572311,178.74131603921057,176.951205250745,25.37422455569726,28.13262325742721,Biceps Curl
165.2674747687294,178.5141214682766,168.2659858074318,154.29017758829332,175.77980520341364,177.14299942681765,27.28654307229453,28.679002786879742,Biceps Curl
164.7974932692776,177.35194838577627,167.45473464273607,171.60169469387748,177.45038171475585,171.24048065447298,25.023661265607885,29.153312154326553,Biceps Curl
166.6557237255624,175.279118071587,166.93713227589944,156.22799667373997,179.66702624278747,175.50797437286354,27.405070674204214,26.866304245633028,Biceps Curl
165.40250095173846,176.1621889521224,166.12878524962971,90.97935627076852,177.5371969701214,6.722766987400539,27.86627939244221,31.20270079421566,Biceps Curl
167.6383404465091,179.37836053719312,165.65292405587385,33.59314341714615,179.96512697753894,9.746544298298184,28.295975707639496,29.398292707873583,Biceps Curl
166.36505630847563,176.7471348835746,166.67857435440354,68.22907714439974,177.18351220914835,11.827348486255593,32.83632688799482,30.23358739862622,Biceps Curl
169.419683295809,179.32516701751476,167.36932804490448,141.96281582426457,176.37834067147523,174.63222135652617,28.352069293760874,30.418324941406595,Biceps Curl
167.84154826184795,177.13467856655726,167.0215027757109,166.11189127730734,177.95679516813863,172.72268297326923,28.47490802286114,28.480501197456093,Biceps Curl
160.4470883331881,172.13127626746032,167.72331848123483,166.54496219697805,178.774435729247,172.16589681744875,27.594015663901924,29.146529171455125,Biceps Curl
167.11245592363042,177.33746478509184,167.61250284054887,143.01867449401806,177.8914314929483,175.41230147754004,26.265154159386046,27.361450799932417,Biceps Curl
167.3193369063835,174.8613487284016,164.12896658772468,74.96189430049581,178.05784796856804,9.929638485354143,30.195146565717383,29.34794396159105,Biceps Curl
167.55304408309036,177.12438503156176,165.264445903032,45.722482028415556,177.87058616406594,11.72890970166669,32.25020024274531,28.70473555807813,Biceps Curl
166.1096367808494,174.73272578771568,165.0126477990946,122.774601119175,179.99544480590626,161.3856591111776,27.6260318324861,29.570778559128534,Biceps Curl
166.60344841019742,175.203595081371,167.37131124841585,159.2674351612222,178.09045959241547,172.94095600138053,28.11403440201644,29.46413857531461,Biceps Curl
164.52623392304957,174.86021691029674,166.31546078478786,164.50084699749527,177.55994602181065,173.28371007543237,26.50225086024956,31.42470788734929,Biceps Curl
168.82182278449807,174.5314865147664,167.25359972291886,148.45685836485518,176.2718811873456,173.34073949816187,24.883145369425165,29.173841451092272,Biceps Curl
168.6445845281377,174.58595444700032,165.4716217395827,75.04985699666959,175.5979250030603,6.6317405226008,27.331507777521296,30.310238048518748,Biceps Curl
166.9657454877858,168.39586833762348,167.02294073765265,31.8385961997212,174.495842887336,12.807527072004651,26.6214530739573,30.210479706348274,Biceps Curl
165.0496064224501,170.84074870561258,169.49548767450295,89.17212890090624,175.69867195638304,6.410372719051537,25.457056424302923,36.94412806612791,Biceps Curl
167.57284423568944,171.83680980700265,174.15837079514847,164.45735343230015,175.19960823457362,171.92969081765924,29.5158650202486,30.709050032089944,Biceps Curl
164.56251687159656,103.12139262885654,169.5781879597035,163.03550604973648,177.7640710203688,172.29492212807932,27.24365474177877,32.466781790595846,Biceps Curl
157.85553024680644,83.44511820121141,171.09625522961943,157.6374879771393,179.5642270200462,173.94285328650398,25.69363840968128,31.533467184933738,Biceps Curl
150.22827922408635,91.88727994530832,167.8280747706909,108.01285401128966,174.92855333124362,174.29923831861126,15.471025339326356,26.148513139366713,Biceps Curl
163.76300477258965,163.2179868667271,168.81255328767102,41.365525011116816,178.86592154722982,8.034719731412585,28.069664103475063,33.93384547721824,Biceps Curl
169.65739052262305,167.86833044230278,168.04924886975363,74.87447735158234,174.38797822061278,8.59583549305243,27.8006063812678,34.80372150244303,Biceps Curl
166.2043641534081,168.72453798633663,169.96331567278577,142.83613674165065,173.5465492747349,179.88603265106102,25.704530922107917,30.62124927603512,Biceps Curl
165.939405043189,169.0231130800685,166.62617751913027,165.9412096882794,176.90065263670945,171.91404365082116,24.922954616901915,28.817028862692553,Biceps Curl
164.66844911760376,170.21331162153052,166.65767189234202,160.6153580286744,178.28715829055355,173.20621528031575,23.57860694065316,26.776163434230984,Biceps Curl
166.5454753095598,171.93432244498726,167.34111624708103,116.48342339388384,178.82540555960497,168.82399436337087,24.497578359690955,24.702029038595825,Biceps Curl
169.73870943362994,170.55606753767412,165.75075245820946,51.327933672925056,176.98622416158233,7.756946920829572,27.14732259495877,28.40591125634172,Biceps Curl
170.46495532159307,171.94480881326604,165.5613886235495,71.70738772449053,174.12146619907114,6.5630917610826085,29.978456726525053,31.795665723181195,Biceps Curl
169.7533306237407,174.56897306512923,166.0124158244869,138.4414745829341,178.71961817373634,177.11193278594294,28.31699292561941,29.641282988599567,Biceps Curl
169.95119712739856,175.20656837417505,165.7624364434549,155.8592063155928,179.85153315465038,172.43699669588537,24.24320580187423,28.99050627910933,Biceps Curl
166.46847362602736,174.55954328307286,166.31375385879937,159.22858968780693,178.03054396045704,167.41258775625403,23.976597713567877,27.36049700277796,Biceps Curl
170.22247866784437,174.78098706439644,166.3611489728274,150.98563762070864,179.47003826730608,169.4028455146289,28.984429365432852,27.016095604300432,Biceps Curl
169.0484763762346,172.81409141476058,165.3176748849003,95.76901058850348,177.9154745217365,25.508726956531124,28.487825557472345,35.63573446102598,Biceps Curl
167.04693091156352,171.35304558122252,166.73908105676128,28.488991307500097,179.00776205293425,16.19256384761765,32.1287804679597,29.63397383352719,Biceps Curl
169.0082652399817,171.4741337132888,165.31537738299696,83.05762687624383,178.49778529242678,13.810653257896265,34.873415429066625,33.50467260517969,Biceps Curl
169.63009820703695,174.27233816459423,166.6065919460623,143.26334554079097,179.8389049527647,170.61765682300614,31.842272619222932,30.90741831604755,Biceps Curl
169.53362517431245,174.76226230333805,166.72347440158077,156.63807769139865,174.31082075564137,170.39967187539636,27.39920228869171,31.878285576200906,Biceps Curl
167.25586659365993,173.86357323349586,166.91822689143464,165.3354212877341,175.98289264195526,171.17925271020914,25.69766971352514,30.2895853161758,Biceps Curl
167.41160317596703,170.58135860939848,166.19120904466658,148.26458812091207,177.749735005754,173.10117625393693,25.498507825169423,27.085796048029085,Biceps Curl
169.15411581567835,169.52535007354103,164.40454160744187,93.36430347668536,177.57226876239582,5.964432923297535,28.55571433135342,31.50244743093645,Biceps Curl
169.3887189271305,170.9365524157856,166.5919601246774,39.335587721133514,178.35756336753806,7.598792257209719,28.626219342002475,29.96925747865346,Biceps Curl
168.5898265647887,172.60177241048555,165.3654603268855,101.27699507876147,178.03547041218954,21.040412797358197,27.83517918150051,33.49367178967367,Biceps Curl
167.37636119654104,171.161745954872,169.1391846031787,149.12043042125052,175.35003889527314,177.07207796067777,28.48761962023368,28.074496727099547,Biceps Curl
165.96960405450167,172.686387778495,166.85534467743523,165.45649424182884,177.33809370198833,172.67423464402071,25.17437065186397,29.222377367927837,Biceps Curl
167.27519388863269,173.0868136978728,166.17905221746136,161.53201311873832,175.73770048798295,172.6393695713411,25.683625654043503,27.743973942910767,Biceps Curl
169.16509300896027,173.2510814207665,166.6130032808299,140.05917353274714,179.34272011403652,174.03673282069883,28.020498706185993,27.067578613642084,Biceps Curl
168.77879849624978,169.80657575326887,164.35253032805468,83.92532320879431,176.81270467273234,10.34999013493379,29.373256074252993,29.927839749243788,Biceps Curl
167.82365688209634,170.75810001361057,167.460639186857,32.042761334467414,177.22329037806404,11.653242978087745,29.024580153279423,29.5676918243057,Biceps Curl
168.35988644824525,170.6194411963169,164.2864508200354,75.11060336189703,177.13398327331814,9.370289411538764,31.679377354102773,32.16739701406598,Biceps Curl
169.706072957056,173.33675046892566,166.9224621787229,144.98216119504087,177.9672766347555,176.55292183643067,29.441255306159483,30.099931675279628,Biceps Curl
166.71991845153187,171.28169620304743,168.15879448872363,159.62594207467325,175.80638147512155,174.34323603386974,25.85946800633998,30.40046310351912,Biceps Curl
165.3783631338223,172.00556138234728,165.85121253975913,168.4110063290598,177.00473441443853,171.39765928109043,25.35463761926532,30.367645248698707,Biceps Curl
167.47490113845708,173.27778655908048,166.5582421897441,159.14144309694694,177.23525344740662,171.81154382703318,25.6774443926839,29.51190629618418,Biceps Curl
169.4558963910577,175.10467493486937,166.8003896914999,140.3727378870434,178.94207877236414,173.1475640846335,28.70848421650431,29.037818060022587,Biceps Curl
167.84623311269436,171.0035489431607,165.67115596376814,80.15524050320923,177.86953714908657,17.028078593266645,30.11764415880939,30.852556459232257,Biceps Curl
167.56814945452135,169.05946738827149,166.62153377300692,31.193307299823378,179.1012021365905,9.651911802850952,32.70126196972363,31.14213949736174,Biceps Curl
166.41326983931882,168.4741907583383,166.82321240034233,43.06120195630978,177.94096936372415,13.988677730363104,35.024378184566345,29.561986668898495,Biceps Curl
165.56268726169696,168.34922057467813,164.982582893966,121.72373162293997,179.79916403448195,164.74222683090483,28.839815885535447,31.029885525699147,Biceps Curl
167.36704438523387,168.42800457191947,166.16565707220948,160.3831141054764,178.66132948854377,172.9581517131404,31.602105778132177,29.399544165129484,Biceps Curl
168.21850505783326,173.34460679967546,164.58017938937394,167.5445880544793,177.33436612793778,174.54233323289293,27.699908308086417,30.99380448317741,Biceps Curl
167.68424384954608,171.48658039453883,165.1338912969239,167.02159706591937,176.53425223391605,173.43188056369286,28.610094922644844,31.26861729678084,Biceps Curl
168.73514638171736,170.88517753757856,165.5848918141759,151.21152620884868,179.83248610727117,173.03929355434838,27.969740548151687,27.12354227094549,Biceps Curl
168.2920622966684,169.91777386528415,164.99123517255433,89.26709715592997,177.04133884790986,24.814730554700027,28.457340089649964,32.161600250194645,Biceps Curl
168.4372564927432,169.0529511283427,166.35015623581825,35.05310771472035,176.38460566740048,11.757514865711295,30.12883127947112,31.295527765531727,Biceps Curl
165.96826820958864,168.6065527735256,165.02943997588778,76.11766315502801,177.7494064603037,9.19979555397982,33.06573360908803,34.810895304927826,Biceps Curl
168.4068970777802,172.7670420733948,166.61588105470355,138.49078725540696,179.96593342316325,171.46851046134202,28.89793992180836,29.73640057618217,Biceps Curl
164.86104759965568,167.2100377277872,165.93331384329522,159.8058064260187,179.910659588482,171.42235924410934,28.94244356758297,29.128117446099846,Biceps Curl
164.55648317561844,170.01288724759235,166.2948074608358,161.3934169425346,176.66311393038436,166.66703245625305,24.293577558143415,28.63770719741067,Biceps Curl
168.07767416937727,170.18719108238494,165.38314155299034,155.2857176094722,179.1586287139461,168.3651855237661,26.8786316544362,27.525426900934384,Biceps Curl
169.34264693437407,172.78757411451627,166.22071988803577,121.72115403500858,179.33905032157,147.69888687187537,27.585230843845043,25.68834310723204,Biceps Curl
168.14425602598763,169.16758784793956,164.069422411822,61.361410534078985,178.46438830640204,15.252977872791552,30.73929516192291,27.625902831647448,Biceps Curl
166.7223740489657,170.12671352484048,166.16114666045297,35.218242299031125,176.92532449555355,14.109306734011898,31.405744464996836,30.940691454894935,Biceps Curl
167.73096979398923,170.31771581222085,164.5904368107344,76.54613944947978,177.43201372418622,12.858368077929926,33.30456399901934,30.536338719209407,Biceps Curl
169.29221715439098,172.88126497238704,166.2529823954705,139.78326581527372,179.46504010975193,168.3120431262723,29.03705361796815,28.661021666728956,Biceps Curl
167.33159055466223,168.13235747630034,164.11541596827354,159.0815045756832,178.894405498447,168.0976661583626,29.810931371248778,28.290469776214323,Biceps Curl
167.78639886397286,169.87031484807906,165.4567826055949,161.6658990047308,175.49888636215474,170.61523709458206,24.63673128636827,30.819576928183174,Biceps Curl
166.93084947425203,168.9114092479323,165.79990369775106,164.26080703880976,174.76034187205215,170.18353322372795,26.420514800913544,29.985329455847,Biceps Curl
167.04325312770032,167.4961960343639,167.63301571929713,151.72795121678635,176.77433829742807,170.1488776149029,27.689634246189712,27.500657621764734,Biceps Curl
167.29021714946998,168.4157982826816,164.91765973057102,92.22904319906588,176.1379780558171,46.6407191636134,26.03550316831057,31.719672766448703,Biceps Curl
169.1834404840333,169.52453824693572,165.48854300481594,43.94653829285408,177.89289383294792,16.85741487093003,30.139793896464255,29.448819337070283,Biceps Curl
166.4573180008111,166.27982779719852,164.96316311149613,44.9263477934854,176.9997177645308,17.04398045570399,31.938834724329947,29.88377141978046,Biceps Curl
166.10272341892332,168.3329145932195,165.59867403931216,108.21035763001788,175.11366527304455,35.99721270517277,24.863166977025095,34.69963873837361,Biceps Curl
168.11089764904318,169.78712883089815,167.20885710613953,155.3224588219659,177.61811594536545,171.83140807165788,30.207957213292225,29.496321656075448,Biceps Curl
166.31365830260813,165.73820691102003,164.81681838991295,164.3941649794913,177.5551860343113,174.3061667003545,25.971640198983295,30.62258807633394,Biceps Curl
167.47890953211143,167.3830568132485,165.94715113583644,165.8372491677031,172.8391619115994,173.8139288458954,26.10495235906767,30.268002048656875,Biceps Curl
167.71311124702692,170.0282790208672,165.92923775104754,144.86313880901218,179.38658575812977,169.526246101706,26.73438217809343,26.83836669499383,Biceps Curl
168.07877345786898,170.52921579640648,165.43030103715003,87.58651528527206,176.42607241311973,59.2038408920331,28.209198425367244,31.737613396932204,Biceps Curl
166.9892473463302,169.02550347288644,167.13481759429084,32.23838556243288,176.4815652768917,13.32508511137818,30.690102834121568,29.77981220713398,Biceps Curl
167.56930134938756,168.80484056499364,163.28150734482622,62.13240782319002,177.92161536853814,14.369440127836388,33.11595798518435,29.153455535330828,Biceps Curl
166.31186245424135,168.62849918040092,166.78561917947616,132.24294593127544,177.60816553692152,157.15616041289232,28.094886141183196,29.002229169060428,Biceps Curl
164.32852779451906,168.4450557723698,168.5377090406477,160.08741019267995,176.37983248546402,171.85966007827344,29.65491507371712,29.30273425647398,Biceps Curl
164.034166903107,166.1665329824349,166.39714803370018,165.7353927928744,178.69920605146353,174.16135460731945,26.39484800646642,30.46547329503179,Biceps Curl
168.64451630751057,169.3130304781255,165.3298402035061,164.25159739670812,175.4334436033917,172.94446993296614,25.47779632856203,30.93993649771246,Biceps Curl
168.4445197463982,171.29819500664766,166.22741441942057,139.09967688862372,178.72606456737824,166.86252112419848,28.00398957801107,27.25696509699172,Biceps Curl
166.5188254536306,168.1855053707564,165.52663707822646,73.66845775030778,177.00667124648538,17.395967855235334,30.625036750403183,29.80277398174314,Biceps Curl
166.7448342118679,169.05146332233858,165.9490796165002,38.46960649987569,176.34531924476624,16.322470021300912,33.66820750540608,32.52026544448988,Biceps Curl
166.42588730550486,168.2323442403663,167.19462936975918,91.0470487676108,174.39301074379003,15.133091559183926,32.91213629111738,35.36567658861916,Biceps Curl
169.92757545721918,171.6360839087636,165.2696060396651,148.5393268999294,177.4175961199797,171.20078348751844,30.813207889250865,30.18315631327782,Biceps Curl
166.51182232504084,167.11008625107928,166.5849839326335,162.46485959306668,176.03769719182628,171.26147900050108,27.96271893184138,29.928792619987465,Biceps Curl
168.20990295188605,171.13430817310652,165.1416644105719,169.42384441942986,175.27969557578095,172.604063278938,27.008663803675525,31.22184686845272,Biceps Curl
166.48862399155524,165.45360809030743,168.40688131341875,158.45159464691054,175.58969399565638,173.29501663775733,25.946871852219548,28.153462997757043,Biceps Curl
164.6235882762691,164.03100829535603,166.85790563775336,115.56603301577982,175.13152118717738,131.30422030607443,26.467993988779423,27.634186942761215,Biceps Curl
160.78919014525138,170.62695251836467,163.66137083821198,46.72778639321495,176.15414009900513,15.188205491650306,28.946042907289563,32.141596231783964,Biceps Curl
164.42730840710212,171.5897184259734,160.48889780394424,19.62812977936324,176.63753590838994,23.160434522602024,35.29585633973126,26.57477714423021,Biceps Curl
167.167087102657,178.25504075311127,165.01684103532085,34.30669280952062,178.25675244214028,116.32269280761088,33.69223134859557,26.00220312198961,Biceps Curl
166.02408209108373,179.5386997281368,165.16772778045947,174.2831576325566,176.89883225128324,166.66166090231357,26.28562884679119,28.39611524936122,Biceps Curl
164.0471722372316,178.77165419283304,166.80740585180115,168.57970543525124,178.84175717316234,169.6494300190988,26.181456232927523,26.12525544242866,Biceps Curl
165.90069737632763,178.30721830836077,167.7036386393874,166.82643194487162,179.8633752431366,165.22596810483924,26.00156712913408,26.67764226364565,Biceps Curl
164.6081538253204,178.436479428397,167.9661016971724,100.10404054073922,179.56924369744138,121.08514580353602,29.66789638377934,24.245249405395725,Biceps Curl
164.7277780404056,179.10232108139965,165.66315392004097,14.408573224884009,178.71663105449366,25.65851399674187,30.122981461600887,29.217173969833983,Biceps Curl
165.057235349364,174.61383205395236,166.8868693664873,2.6220060519625497,179.1006700666856,43.56402484948092,35.01012088099567,30.02805687014082,Biceps Curl
159.38261304801904,176.62946657559965,168.54423272473008,146.79248207171486,175.11312576483334,144.70490691251592,33.135687132659264,27.203752263215176,Biceps Curl
165.44938339255015,175.48347084898222,163.44665643269556,172.96354332763266,175.69255372583174,153.38432231228168,24.327716322579388,23.23150777308551,Biceps Curl
169.1172450633638,168.94230732297962,165.409306229018,179.19157270819318,172.2648924690303,166.94181423565382,24.706188709405783,22.92725358401561,Biceps Curl
163.9692781111521,172.64533605796296,169.3880703482167,173.84012481797478,179.12952103793342,148.57820741152665,22.08791969068899,18.483258925811494,Biceps Curl
165.21362876758198,172.3944310174382,170.63225612887416,17.897830414243266,177.38248362352596,97.2948904165606,28.185136789326325,20.46375187510673,Biceps Curl
165.26908412790988,170.81128614057374,164.87175329408748,2.165301491348702,170.2240618345033,42.83099878721075,29.64215482164607,23.152440274793143,Biceps Curl
166.32216287050025,168.68622308684738,170.89144388006497,16.594046134291993,173.74354158497232,68.8931036905159,30.3150569101566,21.92495581372414,Biceps Curl
165.14994708550768,172.33027115141465,171.20707496786855,112.6174257476394,179.71435220458815,124.9479769593102,28.859996909101504,24.47937952307965,Biceps Curl
168.27981382466797,174.80578545806245,165.43018833485533,161.4650158751042,174.82002192602593,149.50609704570746,20.163789622892185,21.399305586286857,Biceps Curl
166.57378079550512,173.66284609261774,168.8758805445539,178.63826878442603,178.70610385307145,162.97655455398026,24.67458175637174,21.789869915241574,Biceps Curl
167.26920257933764,171.11903395093685,170.16185522909473,162.990629565151,178.36843152107937,139.6678625812376,23.03282615288201,22.8579445178908,Biceps Curl
165.68666798958637,170.8727982430332,170.75436733847764,11.92991000931934,174.43781531065352,86.15532426783396,29.9470801571464,21.902563100637057,Biceps Curl
166.7485861171525,169.76013368077153,169.05205558549673,5.410743388129163,174.96227027181948,43.490732798645254,28.578754365630104,25.0354188437187,Biceps Curl
165.64057888471245,167.6900136158212,171.36423995950423,37.261780916862506,172.02785299231508,97.95801266311612,29.741159530251565,21.745158298558955,Biceps Curl
164.12681406471944,174.6458725086541,171.6041368665367,133.8267829599187,179.87025471293768,127.60394763796695,26.365334236293037,23.901239412230055,Biceps Curl
167.32287378097226,174.0745150115582,169.05650588380755,173.13622219674423,179.58189460034046,153.93507401459337,18.994154842760217,23.515679434020477,Biceps Curl
166.97909943178712,174.84986409762658,167.84920635923018,178.92160516675256,176.5045011016297,160.89755779262728,22.269508243610467,21.91626001387996,Biceps Curl
167.01276810407273,172.05761456642654,169.15877203967696,149.40313962686128,178.25611681839936,138.12560410952986,23.935631273034403,22.40619365142802,Biceps Curl
166.38766912586155,169.8821693268037,167.0279900561322,18.731044151683527,166.3308839784873,84.31843969420792,23.57379306237987,20.993748239003015,Biceps Curl
167.64385990163711,171.21737725183635,171.61920701285197,8.400020051631651,177.24447171005025,48.77361425073052,26.38928475853104,25.890252134172584,Biceps Curl
161.86804148282036,178.46089589289608,173.43768621443795,65.45067863783459,177.2716635105651,104.127193935716,24.41915866632497,21.59184091129664,Biceps Curl
163.82258481428818,173.5542762133654,173.0018144339305,156.0900794298885,179.9176129846586,139.93326014168528,19.73210588476223,24.18887173101731,Biceps Curl
163.07878970729467,175.56963340145114,167.80430205705125,177.48401404184824,174.76877369429766,162.32827818819325,23.961837625895157,22.763393189721285,Biceps Curl
166.16993531609563,172.2890315137128,171.2832638227307,173.75606567781756,178.9807597528808,156.02508418062885,21.068421405610376,20.9246419226056,Biceps Curl
162.21201484433485,173.43353374944004,175.27903054898923,58.06270821247232,179.1953601454109,109.21097721268563,24.025827112938643,19.51087492402102,Biceps Curl
169.11923687048895,168.56038870580306,170.361550252015,11.321770845225076,174.0525754659904,47.274505848458205,26.94790150113523,26.144871779247552,Biceps Curl
163.44936337293828,172.5332741559114,172.1365918977682,51.168283682205,173.59177690236453,90.32820285179804,23.306143825611063,19.611176487110345,Biceps Curl
162.3233291170544,176.29593744552622,170.8449584820015,148.32180223745902,176.46621024884524,139.46787896185077,18.566939199978087,25.934679235603003,Biceps Curl
163.3840018538869,175.14611583267887,169.95092531930487,177.9758212630108,176.75694058948966,163.0817049416214,24.51911873808942,21.92248796721797,Biceps Curl
167.26274429037585,170.30904353561755,170.8613974485356,178.62310493715145,177.90539248266208,159.37792736501444,18.33309958811029,24.576534452546273,Biceps Curl
161.97119303459394,174.1628718893116,176.93841861580012,114.6526372904764,179.0246899887966,123.473702956855,21.68823855885548,21.58870022789152,Biceps Curl
168.10469133084305,169.7933650459222,171.7322052074806,13.009406389942296,174.81518536923525,53.37147656794878,24.02966787036679,25.906584936801245,Biceps Curl
165.39310177517382,169.13031439121568,171.08797468103347,41.005217124818834,170.48923217290906,82.16387840103582,22.716253130609253,21.128664636305608,Biceps Curl
160.6203500737989,177.6306716951664,169.1799722323766,140.78395058327436,170.44896203368205,139.79219568898122,21.108017648350177,27.93123694311948,Biceps Curl
163.51893308732167,175.75607078043208,169.89571482919678,179.92793549805845,174.76540672209873,158.97644203222487,21.850105283809075,24.58351911618802,Biceps Curl
165.60087168706565,173.7741050852408,169.2708234518991,179.66846569551512,176.72750004127997,157.01437823857114,22.983504992375945,21.952078283469643,Biceps Curl
164.1351762136162,172.39370303338586,173.57033224862275,133.6376625674981,178.74738277563614,127.83267532796164,27.51469846992462,22.565085212889947,Biceps Curl
166.77283125572774,166.816137759669,168.228884404596,16.923616755682517,167.27223737724398,72.28952052878881,24.948383586828527,23.41607523763142,Biceps Curl
166.45407869169514,168.5422026214642,169.52142165708875,17.812016011732183,166.54784496259708,71.31387993477533,23.55266361001697,23.581447652179307,Biceps Curl
162.92545814920294,172.67029116336573,173.8772654038984,112.67580998949126,177.49945050279743,124.6720099911606,25.52475169838225,25.387450973393115,Biceps Curl
164.74636857929383,171.96525257481156,171.7340172565058,169.19426907873674,179.23973007280836,150.76424750721316,17.809260968215792,24.906889757415225,Biceps Curl
164.3926023574527,171.2225547381425,168.66953602964466,176.30775436081058,171.33739757929456,163.88360393147838,23.218362873674753,22.54204255952873,Biceps Curl
165.49835725478164,170.59675793812065,171.0855369992515,155.84017209668474,178.80895628503853,146.65597746497392,21.236652585501005,23.064354384041117,Biceps Curl
164.78135735524538,169.91206027169042,169.12382581171826,38.45472734598615,168.3419224932717,95.44821271946122,24.645007234066277,20.968764487210983,Biceps Curl
168.128833235746,167.0006444937715,169.47828410651312,9.576358996064084,171.57371889846863,51.57886493408824,26.39455287334922,24.34085664620491,Biceps Curl
163.50792354737166,170.26303156431848,174.6442774306055,62.930461993880314,177.0692237304734,108.54871081061964,21.10160669868499,22.502385412429668,Biceps Curl
164.07122329745349,173.179793716937,174.661992153396,176.97538995073853,179.89472721770434,148.8219754342697,17.458084143228497,22.335471394786772,Biceps Curl
166.4280841614988,166.46016298536367,168.30000410530687,175.54583695089366,170.86972458323706,160.94282873939602,21.899432860740554,20.95445882069799,Biceps Curl
163.4395784688431,169.88567627150317,171.98434694614664,159.35641201658655,177.25885600973862,139.40231281166382,21.61844360963999,23.89094654463106,Biceps Curl
164.9395752410074,170.73744211303807,169.43775642305192,41.52138691496663,165.96599571521378,92.02167036188489,22.207272315887444,21.7206905264783,Biceps Curl
167.95650704559387,170.61173347389206,171.15124671845462,13.254767534082962,176.83346257346614,45.75585906890116,23.887922269312657,26.020701098546304,Biceps Curl
165.1583370917568,169.2046815207597,169.9864121852622,48.453932583901995,166.3733378727882,91.92746290292732,22.355190814889173,20.266094501658852,Biceps Curl
161.60062084242,176.15089324988386,171.0847948238064,150.0196528861252,177.1938529137801,132.53812311909,21.25847470693148,21.97597995207235,Biceps Curl
164.173839300142,171.64813049568983,168.4788191470502,173.34836456281835,171.18323003184398,158.97585047492498,22.655821476801105,19.38329369531093,Biceps Curl
162.99633687871423,176.23413294555968,172.4472972192188,178.56412134408066,179.32986889127423,153.15236657937285,20.529160472715542,19.312266399897776,Biceps Curl
160.94481192526558,177.3696236337952,173.16407192396744,87.92684295173177,173.8195083819509,119.00616265823544,19.82141325060376,23.399777302975263,Biceps Curl
166.47827633660447,173.07836625908357,172.7659947267252,15.099931184377922,176.50472897074695,50.455337080269985,24.46823827046388,25.723508532961556,Biceps Curl
165.50335045653483,169.60999406980358,169.12612804592862,48.40993855650899,167.9075040007118,95.03318695272974,21.826311301896887,20.847323619190593,Biceps Curl
160.4186960724113,175.2488583408429,172.69330044324502,153.90413976581053,177.4219382185381,134.20851763923957,20.716346729189045,23.454236703016843,Biceps Curl
166.0696255648749,171.00138316202393,167.32715311756107,173.28751443136568,171.05695600339217,159.34250045833366,23.955356261909984,20.969141782856394,Biceps Curl
164.6314581101,174.3543437789213,171.30809979728838,176.86220677988376,178.95738147300276,153.77524007711585,21.63802478353261,19.429761629284624,Biceps Curl
163.437074500788,175.14519191668833,173.1826867711026,102.81006022536928,177.35142384866512,122.82614435006629,19.24421234319895,24.005894409052697,Biceps Curl
167.91303589306835,168.10756635632285,168.49006024450642,23.680924823161728,171.96270119522313,58.537422919991826,23.74173581289389,25.554668700698542,Biceps Curl
165.56824991151623,172.1172371535785,172.93566932050166,28.984301713625968,175.7154489710424,75.2670107176189,21.34063712575708,24.7702798224543,Biceps Curl
163.18797474189262,173.20635786155168,174.60388631397583,130.55224252106723,179.84778376766263,128.26127323493935,22.797861207461953,24.091310520389488,Biceps Curl
165.68050116576612,171.91857065431688,170.75881151968804,179.69406468943964,177.90507631523872,154.5705045625164,21.166923045098333,22.532045747225975,Biceps Curl
163.79271567224677,171.56578421082617,169.12909459203837,176.35400865999034,173.82228759265928,154.66400926613298,24.789589313770943,17.643158570230444,Biceps Curl
161.2079615794616,176.88909321503283,173.05749395344304,139.44578343346268,178.45644194564284,129.37274667403452,23.005425849277227,21.308960317011476,Biceps Curl
166.6201500937418,170.11811519708343,172.34871434902917,24.00759239777611,174.2890655419308,69.69393312497648,21.54866469476653,24.128164108465647,Biceps Curl
165.96047413070656,169.91983935733742,171.96686442942212,24.704318166291593,174.23275417342447,62.72081446334402,26.098756144427774,24.98868705644343,Biceps Curl
163.18038938333592,173.15100932232616,174.80136259695817,119.45453494918462,179.60557465419794,124.5526300968755,22.352306898088216,24.92483445561369,Biceps Curl
164.56648668065827,173.63006955612508,173.81729675351886,178.32690921658656,179.86086044904593,151.77764265382712,17.511212107216092,21.896265939681246,Biceps Curl
167.33571804320712,166.35446517259214,168.19215305541937,172.47148382552533,173.9549142247781,162.05118799651902,24.30906371749016,20.11372391393731,Biceps Curl
166.74104370890765,172.35997823326693,170.1569164151637,171.13996136068556,178.23573230080544,146.53223035766163,19.34053514413043,21.05361039192675,Biceps Curl
163.63936322615731,177.50776866346044,170.84239764525006,59.601774256293794,171.87737226765032,105.35846911825612,19.599780120763395,22.71970757713658,Biceps Curl
168.78359171073222,169.20768930205332,168.83045930357832,14.872704982401851,170.10415724556077,44.02218964800607,26.4135083171047,25.499586373424695,Biceps Curl
164.38945824475084,173.7250141857293,173.91804423139286,62.16242594329626,176.36657495311545,99.03924125063284,19.32390396391775,21.13978806030223,Biceps Curl
163.71266036295495,173.35241953927172,173.03417506956913,152.55449481657726,179.55041454920175,145.14507036489957,22.154332027744285,24.109610826529657,Biceps Curl
164.53596750760934,171.6494268689036,167.88007897855755,176.55004715197293,171.5070668639828,158.19058892621564,23.47251224866005,18.556629164683557,Biceps Curl
165.48142678004615,173.3891802028133,171.36567996909417,175.85513370229722,179.48123214674433,152.96224585523376,19.738118298648697,19.845581523199535,Biceps Curl
163.31282918132734,173.6136962154737,172.28992453857867,94.05585871018708,175.7857104362908,115.79616449841528,23.464260287317256,21.735509580993742,Biceps Curl
168.4507665422725,169.57321212242695,169.94242172049158,13.564443678746189,175.96028751605084,47.05552627058328,25.64221273858935,26.178849486558573,Biceps Curl
165.6901225406684,169.81366480341248,167.48678300630448,46.72721013976445,165.23742449113112,84.94894763755212,22.574677213451658,21.177213946998688,Biceps Curl
158.37603106684827,178.59444247362407,168.86922943177626,129.76073996598137,168.3290135157697,134.49684033488015,22.934260071844047,25.56080252201989,Biceps Curl
165.7479537504374,173.537018998048,170.13796825594864,178.79220365723208,178.2865461647798,153.5848015508788,19.87170158213329,22.024858424265553,Biceps Curl
166.6880432672978,171.19337243612782,168.93179899183872,178.97984002359917,176.70404810708337,154.28378410799547,21.58592396724812,19.96418538602751,Biceps Curl
162.66112437292463,174.9732973271417,174.11121709141236,132.51462425234308,178.9635181073246,126.8996162900272,24.92945068666798,20.895567516442796,Biceps Curl
167.3470157041345,167.1944509992953,169.8918523552439,17.098201498686766,172.65618779967056,64.03223583194412,24.424462282027218,24.296612862579664,Biceps Curl
166.9612694219574,167.36050937484728,171.31868861201443,24.855028144922432,173.38978180973535,62.694647223407685,25.86308329403248,24.605142552661167,Biceps Curl
161.6018593223758,174.1581781076597,172.02921875332544,115.54532221231516,174.4783709765358,123.10408948142282,26.609162445389934,23.336843518875977,Biceps Curl
167.94744411406265,170.07217540145757,171.15773299217753,175.0604891837469,178.7281817293239,148.8441969475903,19.00767701362873,21.376517619281056,Biceps Curl
164.72477724375835,174.46987939075237,170.03407173553143,179.93984396315045,179.44783422438775,156.89126327521194,23.03218566250077,20.983582201308806,Biceps Curl
159.7354968428345,176.6709577917985,173.6019135002962,147.60353292535598,178.89886980188032,133.8599213534091,26.26297672610952,21.46284643790497,Biceps Curl
165.5975920449997,167.94330101800185,167.69381460702783,21.18487589957233,165.80210201646165,84.75112852896146,24.160865838335145,24.08700564986625,Biceps Curl
167.24151162063183,167.8582540574048,167.21452073171352,23.812708928948226,165.94404876153723,69.48601381826936,23.91696992819901,24.83459795830356,Biceps Curl
162.72172233348232,172.4943866213541,175.97681321529177,107.60593752812544,179.2800930041705,125.70993112888748,25.07595371285408,25.623258029659898,Biceps Curl
166.64144283611296,173.33467609966064,169.46875397759996,173.023617987084,175.4039436467813,149.6242993007017,17.136087966613264,24.49062235546478,Biceps Curl
164.4606610524854,171.5525894134553,168.68549783020663,178.5512740020461,173.20398559830488,160.51585720568704,22.26635138984336,19.886459055400483,Biceps Curl
164.38271745021316,171.7047122397597,171.47380496212594,149.30098824087327,177.71306729884802,140.3757481264724,24.088109206919313,22.361265654796743,Biceps Curl
165.58885133190358,169.7615756958083,167.9952577019009,37.14510211351864,166.50803188882804,89.99780473253368,23.113216608287768,21.393770499551113,Biceps Curl
166.10660255040128,170.28120773491122,171.48918973030428,19.98102987846321,174.5428295893367,54.9840397383147,26.31318354352529,24.581200382731357,Biceps Curl
163.26084656617135,174.23615520251693,173.4307634655238,96.70315958885784,175.8472323913803,125.0501368639629,25.57673728276169,27.418110225616964,Biceps Curl
167.1451281859011,170.09565042294773,171.12213701076016,165.44761894849893,177.40541229942235,152.03397304853303,19.280714671001032,27.679511159973515,Biceps Curl
164.36730725390885,173.44348735788273,167.04311008083425,178.50880731909447,173.00007045534105,161.03699607627397,24.055448698276308,23.149082447832512,Biceps Curl
163.5781648529649,172.81426096425713,172.27757349180283,152.9471505576224,178.8074215761626,139.45492696713984,21.928382602298967,22.60627279858429,Biceps Curl
164.6081120424819,168.44821473896562,168.2060202694227,26.311838442175095,164.46527076490804,84.83109989739425,24.62252929041085,22.961371378482585,Biceps Curl
167.91632393336232,168.27162247623176,168.93198420456915,21.007304389298422,169.79537763748212,68.96437566635598,27.67329229262432,24.77281835383422,Biceps Curl
162.61490348238473,173.6135595287934,175.5947968527182,130.94332060595735,179.9561388746179,130.0102374480625,25.5569049362224,25.111576528055853,Biceps Curl
164.92309111972426,176.2372970472808,169.77922671094527,179.76343873069447,176.53569427359375,153.2138831531207,21.46888719148278,22.595310132365423,Biceps Curl
168.87531850779143,166.28200033915562,165.4689965736901,179.24562547147323,168.53211460284297,156.72842755026707,23.426316418608124,20.192955706874088,Biceps Curl
166.80667617033538,170.20921147008335,160.23893079143437,171.9077337947397,160.85327110235627,161.54145744491973,21.924050557238058,22.820614760273077,Biceps Curl
169.76062992488153,179.2719535071445,156.69103979032644,177.25182791671082,162.26039585653405,176.42643167126067,23.448454020190233,26.16794932443745,Biceps Curl
166.96783946696527,167.72644197110736,169.88597547239064,164.09815620181834,178.46386052414485,151.24408482056842,27.967722632291043,45.586888401575386,Biceps Curl
164.80370092219323,161.44328728935616,167.9448512096948,151.1248734797554,165.6110739146589,160.0104947038863,13.51993906389518,51.37064975857455,Biceps Curl
164.6484362908301,171.52569911242043,172.14251092799287,147.74474792818717,179.7228868540084,170.31364403220326,14.688292100929564,43.754859520870546,Biceps Curl
157.9750821010112,171.90707644240882,175.11225271217478,151.7654349392427,174.75412293484268,171.60771554039508,22.85296520242552,45.14095746358007,Biceps Curl
